srgb 4019999a 3f72a76e 3d558919 3d9e8391 3d25aee6 00000000 00000000
inv_srgb 3ed55555 3f919280 80000000 414eb852 3b4d2e31 bd612800 80000000
scene identity 24 24
00000000 00000000 00000000 00000000 00000000 00000000 00000000 00000000 00000000 00000000 00000000 00000000 00000000 00000000 00000000 00000000 00000000 00000000 00000000 00000000 00000000 00000000 00000000 00000000
00000000 00000000 00000000 00000000 00000000 00000000 00000000 00000000 00000000 00000000 00000000 00000000 00000000 00000000 00000000 00000000 00000000 00000000 00000000 00000000 00000000 00000000 00000000 00000000
00000000 00000000 00000000 00000000 00000000 00000000 00000000 00000000 00000000 00000000 00000000 00000000 00000000 00000000 00000000 00000000 00000000 00000000 00000000 00000000 00000000 00000000 00000000 00000000
00000000 00000000 00000000 ff20c040 ff20c040 ff20c040 ff20c040 00000000 00000000 00000000 00000000 00000000 00000000 00000000 00000000 00000000 00000000 00000000 00000000 00000000 00000000 00000000 00000000 00000000
00000000 00000000 00000000 ff20c040 ff20c040 ff20c040 ff20c040 00000000 00000000 00000000 00000000 00000000 00000000 00000000 00000000 00000000 00000000 00000000 00000000 00000000 00000000 00000000 00000000 00000000
00000000 00000000 00000000 ff20c040 ff20c040 ff20c040 ff20c040 00000000 00000000 00000000 00000000 00000000 00000000 00000000 00000000 00000000 00000000 00000000 00000000 00000000 00000000 00000000 00000000 00000000
00000000 00000000 00000000 00000000 00000000 00000000 00000000 00000000 00000000 00000000 00000000 00000000 00000000 00000000 00000000 00000000 00000000 00000000 00000000 00000000 00000000 00000000 00000000 00000000
00000000 00000000 00000000 00000000 00000000 00000000 00000000 00000000 00000000 00000000 00000000 00000000 00000000 00000000 00000000 00000000 00000000 00000000 00000000 00000000 00000000 00000000 00000000 00000000
00000000 00000000 00000000 00000000 00000000 00000000 00000000 ff0000ff af1300a6 5f150055 d74800b6 873c006b ff8d00be af750079 5f4a003d d7bf007f 87870049 00000000 00000000 00000000 00000000 00000000 00000000 00000000
00000000 00000000 00000000 00000000 00000000 00000000 00000000 d7001ecc 870f1379 ff3824d8 af3a198b 5f2a0d47 d7771e95 875a1357 ffc62497 af9b195f 5f5f0d2f 00000000 00000000 00000000 00000000 00000000 00000000 00000000
00000000 00000000 00000000 00000000 00000000 00000000 00000000 af00319d 5f0a1b50 d72f3dab 872d2665 ff7148b1 af613171 5f3f1b38 d7a73d74 87782642 ffff4870 00000000 00000000 00000000 00000000 00000000 00000000 00000000
00000000 00000000 00000000 00000000 00000000 00000000 00000000 87003a72 ff1c6dcb af264b82 5f202942 d75f5c8a 874b3a50 ffaa6d8a af884b56 5f54292a d7d75c53 00000000 00000000 00000000 00000000 00000000 00000000 00000000
00000000 00000000 00000000 00000000 00000000 00000000 00000000 5f00364c d7187aa0 871e4d5e ff5591a4 af4e6468 5f353633 d78f7a69 87694d3b ffe29163 afaf643b 00000000 00000000 00000000 00000000 00000000 00000000 00000000
00000000 00000000 00000000 00000000 00000000 00000000 00000000 ff00b6be af137d79 5f15443d d748997f 873c6049 ff8db67d af757d4d 5f4a4425 d7bf9949 87876027 00000000 00000000 00000000 00000000 00000000 00000000 00000000
00000000 00000000 00000000 00000000 00000000 00000000 00000000 d700b895 870f7357 ff38da97 af3a965f 5f2a512f d777b85e 875a7334 ffc6da56 af9b9632 5f5f5116 00000000 00000000 00000000 00000000 00000000 00000000 00000000
00000000 00000000 00000000 00000000 00000000 00000000 00000000 af00af71 5f0a5f38 d72fd774 872d8742 ff71ff70 af61af44 5f3f5f20 ebc38327 c3ac5b18 ffef971f 80701808 80701808 00000000 00000000 00000000 00000000 00000000
00000000 00000000 00000000 00000000 00000000 00000000 00000000 00000000 00000000 00000000 00000000 00000000 00000000 00000000 80701808 80701808 80701808 80701808 80701808 00000000 00000000 00000000 00000000 00000000
00000000 00000000 00000000 00000000 00000000 00000000 00000000 00000000 00000000 00000000 00000000 00000000 00000000 00000000 80701808 80701808 80701808 80701808 80701808 00000000 00000000 00000000 00000000 00000000
00000000 00000000 00000000 00000000 00000000 00000000 00000000 00000000 00000000 00000000 00000000 00000000 00000000 00000000 80701808 80701808 80701808 80701808 80701808 00000000 00000000 00000000 00000000 00000000
00000000 00000000 00000000 00000000 00000000 00000000 00000000 00000000 00000000 00000000 00000000 00000000 00000000 00000000 80701808 80701808 80701808 80701808 80701808 00000000 00000000 00000000 00000000 00000000
00000000 00000000 00000000 00000000 00000000 00000000 00000000 00000000 00000000 00000000 00000000 00000000 00000000 00000000 80701808 80701808 80701808 80701808 80701808 00000000 00000000 00000000 00000000 00000000
00000000 00000000 00000000 00000000 00000000 00000000 00000000 00000000 00000000 00000000 00000000 00000000 00000000 00000000 00000000 00000000 00000000 00000000 00000000 00000000 00000000 00000000 00000000 00000000
00000000 00000000 00000000 00000000 00000000 00000000 00000000 00000000 00000000 00000000 00000000 00000000 00000000 00000000 00000000 00000000 00000000 00000000 00000000 00000000 00000000 00000000 00000000 00000000
00000000 00000000 00000000 00000000 00000000 00000000 00000000 00000000 00000000 00000000 00000000 00000000 00000000 00000000 00000000 00000000 00000000 00000000 00000000 00000000 00000000 00000000 00000000 00000000
scene identity_scale 24 24
00000000 00000000 00000000 00000000 00000000 00000000 00000000 00000000 00000000 00000000 00000000 00000000 00000000 00000000 00000000 00000000 00000000 00000000 00000000 00000000 00000000 00000000 00000000 00000000
00000000 00000000 00000000 00000000 00000000 00000000 00000000 00000000 00000000 00000000 00000000 00000000 00000000 00000000 00000000 00000000 00000000 00000000 00000000 00000000 00000000 00000000 00000000 00000000
00000000 00000000 00000000 00000000 00000000 00000000 00000000 00000000 00000000 00000000 00000000 00000000 00000000 00000000 00000000 00000000 00000000 00000000 00000000 00000000 00000000 00000000 00000000 00000000
00000000 00000000 00000000 00000000 00000000 00000000 00000000 00000000 00000000 00000000 00000000 00000000 00000000 00000000 00000000 00000000 00000000 00000000 00000000 00000000 00000000 00000000 00000000 00000000
00000000 00000000 00000000 00000000 00000000 00000000 00000000 00000000 00000000 00000000 00000000 00000000 00000000 00000000 00000000 00000000 00000000 00000000 00000000 00000000 00000000 00000000 00000000 00000000
00000000 00000000 00000000 00000000 00000000 00000000 00000000 00000000 00000000 00000000 00000000 00000000 00000000 00000000 00000000 00000000 00000000 00000000 00000000 00000000 00000000 00000000 00000000 00000000
00000000 00000000 00000000 00000000 00000000 00000000 00000000 ff20c040 ff20c040 ff20c040 ff20c040 ff20c040 ff20c040 ff20c040 ff20c040 00000000 00000000 00000000 00000000 00000000 00000000 00000000 00000000 00000000
00000000 00000000 00000000 00000000 00000000 00000000 00000000 ff20c040 ff20c040 ff20c040 ff20c040 ff20c040 ff20c040 ff20c040 ff20c040 00000000 00000000 00000000 00000000 00000000 00000000 00000000 00000000 00000000
00000000 00000000 00000000 00000000 00000000 00000000 00000000 ff20c040 ff20c040 ff20c040 ff20c040 ff20c040 ff20c040 ff20c040 ff20c040 00000000 00000000 00000000 00000000 00000000 00000000 00000000 00000000 00000000
00000000 00000000 00000000 00000000 00000000 00000000 00000000 ff20c040 ff20c040 ff20c040 ff20c040 ff20c040 ff20c040 ff20c040 ff20c040 00000000 00000000 00000000 00000000 00000000 00000000 00000000 00000000 00000000
00000000 00000000 00000000 00000000 00000000 00000000 00000000 00000000 00000000 00000000 00000000 00000000 00000000 00000000 00000000 00000000 00000000 00000000 00000000 00000000 00000000 00000000 00000000 00000000
00000000 00000000 00000000 00000000 00000000 00000000 00000000 00000000 00000000 00000000 00000000 00000000 00000000 00000000 00000000 00000000 00000000 00000000 00000000 00000000 00000000 00000000 00000000 00000000
00000000 00000000 00000000 00000000 00000000 00000000 00000000 00000000 00000000 00000000 00000000 00000000 00000000 00000000 00000000 ff0000ff ff0000ff af1300a6 af1300a6 5f150055 5f150055 d74800b6 d74800b6 873c006b
00000000 00000000 00000000 00000000 00000000 00000000 00000000 00000000 00000000 00000000 00000000 00000000 00000000 00000000 00000000 ff0000ff ff0000ff af1300a6 af1300a6 5f150055 5f150055 d74800b6 d74800b6 873c006b
00000000 00000000 00000000 00000000 00000000 00000000 00000000 00000000 00000000 00000000 00000000 00000000 00000000 00000000 00000000 d7001ecc d7001ecc 870f1379 870f1379 ff3824d8 ff3824d8 af3a198b af3a198b 5f2a0d47
00000000 00000000 00000000 00000000 00000000 00000000 00000000 00000000 00000000 00000000 00000000 00000000 00000000 00000000 00000000 af00319d af00319d 5f0a1b50 5f0a1b50 d72f3dab d72f3dab 872d2665 872d2665 ff7148b1
00000000 00000000 00000000 00000000 00000000 00000000 00000000 00000000 00000000 00000000 00000000 00000000 00000000 00000000 00000000 87003a72 87003a72 ff1c6dcb ff1c6dcb af264b82 af264b82 5f202942 5f202942 d75f5c8a
00000000 00000000 00000000 00000000 00000000 00000000 00000000 00000000 00000000 00000000 00000000 00000000 00000000 00000000 00000000 5f00364c 5f00364c d7187aa0 d7187aa0 871e4d5e 871e4d5e ff5591a4 ff5591a4 af4e6468
00000000 00000000 00000000 00000000 00000000 00000000 00000000 00000000 00000000 00000000 00000000 00000000 00000000 00000000 00000000 5f00364c 5f00364c d7187aa0 d7187aa0 871e4d5e 871e4d5e ff5591a4 ff5591a4 af4e6468
00000000 00000000 00000000 00000000 00000000 00000000 00000000 00000000 00000000 00000000 00000000 00000000 00000000 00000000 00000000 ff00b6be ff00b6be af137d79 af137d79 5f15443d 5f15443d d748997f d748997f 873c6049
00000000 00000000 00000000 00000000 00000000 00000000 00000000 00000000 00000000 00000000 00000000 00000000 00000000 00000000 00000000 d700b895 d700b895 870f7357 870f7357 ff38da97 ff38da97 af3a965f af3a965f 5f2a512f
00000000 00000000 00000000 00000000 00000000 00000000 00000000 00000000 00000000 00000000 00000000 00000000 00000000 00000000 00000000 af00af71 af00af71 5f0a5f38 5f0a5f38 d72fd774 d72fd774 872d8742 872d8742 ff71ff70
00000000 00000000 00000000 00000000 00000000 00000000 00000000 00000000 00000000 00000000 00000000 00000000 00000000 00000000 00000000 00000000 00000000 00000000 00000000 00000000 00000000 00000000 00000000 00000000
00000000 00000000 00000000 00000000 00000000 00000000 00000000 00000000 00000000 00000000 00000000 00000000 00000000 00000000 00000000 00000000 00000000 00000000 00000000 00000000 00000000 00000000 00000000 00000000
scene content 48 48
00000000 00000000 00000000 00000000 00000000 00000000 00000000 00000000 00000000 00000000 00000000 00000000 00000000 00000000 00000000 00000000 00000000 00000000 00000000 00000000 00000000 00000000 00000000 00000000 00000000 00000000 00000000 00000000 00000000 00000000 00000000 00000000 00000000 00000000 00000000 00000000 00000000 00000000 00000000 00000000 00000000 00000000 00000000 00000000 00000000 00000000 00000000 00000000
00000000 00000000 00000000 00000000 00000000 00000000 00000000 00000000 00000000 00000000 00000000 00000000 00000000 00000000 00000000 00000000 00000000 00000000 00000000 00000000 00000000 00000000 00000000 00000000 00000000 00000000 00000000 00000000 00000000 00000000 00000000 00000000 00000000 00000000 00000000 00000000 00000000 00000000 00000000 00000000 00000000 00000000 00000000 00000000 00000000 00000000 00000000 00000000
00000000 00000000 00000000 00000000 00000000 00000000 00000000 00000000 00000000 00000000 00000000 00000000 00000000 00000000 00000000 00000000 00000000 00000000 00000000 00000000 00000000 00000000 00000000 00000000 00000000 00000000 00000000 00000000 00000000 00000000 00000000 00000000 00000000 00000000 00000000 00000000 00000000 00000000 00000000 00000000 00000000 00000000 00000000 00000000 00000000 00000000 00000000 00000000
00000000 00000000 00000000 ff20c040 ff20c040 ff20c040 ff20c040 00000000 00000000 00000000 00000000 00000000 00000000 00000000 00000000 00000000 00000000 00000000 00000000 00000000 00000000 00000000 00000000 00000000 00000000 00000000 00000000 00000000 00000000 00000000 00000000 00000000 00000000 00000000 00000000 00000000 00000000 00000000 00000000 00000000 00000000 00000000 00000000 00000000 00000000 00000000 00000000 00000000
00000000 00000000 00000000 ff20c040 ff20c040 ff20c040 ff20c040 00000000 00000000 00000000 00000000 00000000 00000000 00000000 00000000 00000000 00000000 00000000 00000000 00000000 00000000 00000000 00000000 00000000 00000000 00000000 00000000 00000000 00000000 00000000 00000000 00000000 00000000 00000000 00000000 00000000 00000000 00000000 00000000 00000000 00000000 00000000 00000000 00000000 00000000 00000000 00000000 00000000
00000000 00000000 00000000 ff20c040 ff20c040 ff20c040 ff20c040 00000000 00000000 00000000 00000000 00000000 00000000 00000000 00000000 00000000 00000000 00000000 00000000 00000000 00000000 00000000 00000000 00000000 00000000 00000000 00000000 00000000 00000000 00000000 00000000 00000000 00000000 00000000 00000000 00000000 00000000 00000000 00000000 00000000 00000000 00000000 00000000 00000000 00000000 00000000 00000000 00000000
00000000 00000000 00000000 00000000 00000000 00000000 00000000 00000000 00000000 00000000 00000000 00000000 00000000 00000000 00000000 00000000 00000000 00000000 00000000 00000000 00000000 00000000 00000000 00000000 00000000 00000000 00000000 00000000 00000000 00000000 00000000 00000000 00000000 00000000 00000000 00000000 00000000 00000000 00000000 00000000 00000000 00000000 00000000 00000000 00000000 00000000 00000000 00000000
00000000 00000000 00000000 00000000 00000000 00000000 00000000 00000000 00000000 00000000 00000000 00000000 00000000 00000000 00000000 00000000 00000000 00000000 00000000 00000000 00000000 00000000 00000000 00000000 00000000 00000000 00000000 00000000 00000000 00000000 00000000 00000000 00000000 00000000 00000000 00000000 00000000 00000000 00000000 00000000 00000000 00000000 00000000 00000000 00000000 00000000 00000000 00000000
00000000 00000000 00000000 00000000 00000000 00000000 00000000 ff0000ff af1300a6 5f150055 d74800b6 873c006b ff8d00be af750079 5f4a003d d7bf007f 87870049 00000000 00000000 00000000 00000000 00000000 00000000 00000000 00000000 00000000 00000000 00000000 00000000 00000000 00000000 00000000 00000000 00000000 00000000 00000000 00000000 00000000 00000000 00000000 00000000 00000000 00000000 00000000 00000000 00000000 00000000 00000000
00000000 00000000 00000000 00000000 00000000 00000000 00000000 d7001ecc 870f1379 ff3824d8 af3a198b 5f2a0d47 d7771e95 875a1357 ffc62497 af9b195f 5f5f0d2f 00000000 00000000 00000000 00000000 00000000 00000000 00000000 00000000 00000000 00000000 00000000 00000000 00000000 00000000 00000000 00000000 00000000 00000000 00000000 00000000 00000000 00000000 00000000 00000000 00000000 00000000 00000000 00000000 00000000 00000000 00000000
00000000 00000000 00000000 00000000 00000000 00000000 00000000 af00319d 5f0a1b50 d72f3dab 872d2665 ff7148b1 af613171 5f3f1b38 d7a73d74 87782642 ffff4870 00000000 00000000 00000000 00000000 00000000 00000000 00000000 00000000 00000000 00000000 00000000 00000000 00000000 00000000 00000000 00000000 00000000 00000000 00000000 00000000 00000000 00000000 00000000 00000000 00000000 00000000 00000000 00000000 00000000 00000000 00000000
00000000 00000000 00000000 00000000 00000000 00000000 00000000 87003a72 ff1c6dcb af264b82 5f202942 d75f5c8a 874b3a50 ffaa6d8a af884b56 5f54292a d7d75c53 00000000 00000000 00000000 00000000 00000000 00000000 00000000 00000000 00000000 00000000 00000000 00000000 00000000 00000000 00000000 00000000 00000000 00000000 00000000 00000000 00000000 00000000 00000000 00000000 00000000 00000000 00000000 00000000 00000000 00000000 00000000
00000000 00000000 00000000 00000000 00000000 00000000 00000000 5f00364c d7187aa0 871e4d5e ff5591a4 af4e6468 5f353633 d78f7a69 87694d3b ffe29163 afaf643b 00000000 00000000 00000000 00000000 00000000 00000000 00000000 00000000 00000000 00000000 00000000 00000000 00000000 00000000 00000000 00000000 00000000 00000000 00000000 00000000 00000000 00000000 00000000 00000000 00000000 00000000 00000000 00000000 00000000 00000000 00000000
00000000 00000000 00000000 00000000 00000000 00000000 00000000 ff00b6be af137d79 5f15443d d748997f 873c6049 ff8db67d af757d4d 5f4a4425 d7bf9949 87876027 00000000 00000000 00000000 00000000 00000000 00000000 00000000 00000000 00000000 00000000 00000000 00000000 00000000 00000000 00000000 00000000 00000000 00000000 00000000 00000000 00000000 00000000 00000000 00000000 00000000 00000000 00000000 00000000 00000000 00000000 00000000
00000000 00000000 00000000 00000000 00000000 00000000 00000000 d700b895 870f7357 ff38da97 af3a965f 5f2a512f d777b85e 875a7334 ffc6da56 af9b9632 5f5f5116 00000000 00000000 00000000 00000000 00000000 00000000 00000000 00000000 00000000 00000000 00000000 00000000 00000000 00000000 00000000 00000000 00000000 00000000 00000000 00000000 00000000 00000000 00000000 00000000 00000000 00000000 00000000 00000000 00000000 00000000 00000000
00000000 00000000 00000000 00000000 00000000 00000000 00000000 af00af71 5f0a5f38 d72fd774 872d8742 ff71ff70 af61af44 5f3f5f20 ebc38327 c3ac5b18 ffef971f 80701808 80701808 00000000 00000000 00000000 00000000 00000000 00000000 00000000 00000000 00000000 00000000 00000000 00000000 00000000 00000000 00000000 00000000 00000000 00000000 00000000 00000000 00000000 00000000 00000000 00000000 00000000 00000000 00000000 00000000 00000000
00000000 00000000 00000000 00000000 00000000 00000000 00000000 00000000 00000000 00000000 00000000 00000000 00000000 00000000 80701808 80701808 80701808 80701808 80701808 00000000 00000000 00000000 00000000 00000000 00000000 00000000 00000000 00000000 00000000 00000000 00000000 00000000 00000000 00000000 00000000 00000000 00000000 00000000 00000000 00000000 00000000 00000000 00000000 00000000 00000000 00000000 00000000 00000000
00000000 00000000 00000000 00000000 00000000 00000000 00000000 00000000 00000000 00000000 00000000 00000000 00000000 00000000 80701808 80701808 80701808 80701808 80701808 00000000 00000000 00000000 00000000 00000000 00000000 00000000 00000000 00000000 00000000 00000000 00000000 00000000 00000000 00000000 00000000 00000000 00000000 00000000 00000000 00000000 00000000 00000000 00000000 00000000 00000000 00000000 00000000 00000000
00000000 00000000 00000000 00000000 00000000 00000000 00000000 00000000 00000000 00000000 00000000 00000000 00000000 00000000 80701808 80701808 80701808 80701808 80701808 00000000 00000000 00000000 00000000 00000000 00000000 00000000 00000000 00000000 00000000 00000000 00000000 00000000 00000000 00000000 00000000 00000000 00000000 00000000 00000000 00000000 00000000 00000000 00000000 00000000 00000000 00000000 00000000 00000000
00000000 00000000 00000000 00000000 00000000 00000000 00000000 00000000 00000000 00000000 00000000 00000000 00000000 00000000 80701808 80701808 80701808 80701808 80701808 00000000 00000000 00000000 00000000 00000000 00000000 00000000 00000000 00000000 00000000 00000000 00000000 00000000 00000000 00000000 00000000 00000000 00000000 00000000 00000000 00000000 00000000 00000000 00000000 00000000 00000000 00000000 00000000 00000000
00000000 00000000 00000000 00000000 00000000 00000000 00000000 00000000 00000000 00000000 00000000 00000000 00000000 00000000 80701808 80701808 80701808 80701808 80701808 00000000 00000000 00000000 00000000 00000000 00000000 00000000 00000000 00000000 00000000 00000000 00000000 00000000 00000000 00000000 00000000 00000000 00000000 00000000 00000000 00000000 00000000 00000000 00000000 00000000 00000000 00000000 00000000 00000000
00000000 00000000 00000000 00000000 00000000 00000000 00000000 00000000 00000000 00000000 00000000 00000000 00000000 00000000 00000000 00000000 00000000 00000000 00000000 00000000 00000000 00000000 00000000 00000000 00000000 00000000 00000000 00000000 00000000 00000000 00000000 00000000 00000000 00000000 00000000 00000000 00000000 00000000 00000000 00000000 00000000 00000000 00000000 00000000 00000000 00000000 00000000 00000000
00000000 00000000 00000000 00000000 00000000 00000000 00000000 00000000 00000000 00000000 00000000 00000000 00000000 00000000 00000000 00000000 00000000 00000000 00000000 00000000 00000000 00000000 00000000 00000000 00000000 00000000 00000000 00000000 00000000 00000000 00000000 00000000 00000000 00000000 00000000 00000000 00000000 00000000 00000000 00000000 00000000 00000000 00000000 00000000 00000000 00000000 00000000 00000000
00000000 00000000 00000000 00000000 00000000 00000000 00000000 00000000 00000000 00000000 00000000 00000000 00000000 00000000 00000000 00000000 00000000 00000000 00000000 00000000 00000000 00000000 00000000 00000000 00000000 00000000 00000000 00000000 00000000 00000000 00000000 00000000 00000000 00000000 00000000 00000000 00000000 00000000 00000000 00000000 00000000 00000000 00000000 00000000 00000000 00000000 00000000 00000000
00000000 00000000 00000000 00000000 00000000 00000000 00000000 00000000 00000000 00000000 00000000 00000000 00000000 00000000 00000000 00000000 00000000 00000000 00000000 00000000 00000000 00000000 00000000 00000000 00000000 00000000 00000000 00000000 00000000 00000000 00000000 00000000 00000000 00000000 00000000 00000000 00000000 00000000 00000000 00000000 00000000 00000000 00000000 00000000 00000000 00000000 00000000 00000000
00000000 00000000 00000000 00000000 00000000 00000000 00000000 00000000 00000000 00000000 00000000 00000000 00000000 00000000 00000000 00000000 00000000 00000000 00000000 00000000 00000000 00000000 00000000 00000000 00000000 00000000 00000000 00000000 00000000 00000000 00000000 00000000 00000000 00000000 00000000 00000000 00000000 00000000 00000000 00000000 00000000 00000000 00000000 00000000 00000000 00000000 00000000 00000000
00000000 00000000 00000000 00000000 00000000 00000000 00000000 00000000 00000000 00000000 00000000 00000000 00000000 00000000 00000000 00000000 00000000 00000000 00000000 00000000 00000000 00000000 00000000 00000000 00000000 00000000 00000000 00000000 00000000 00000000 00000000 00000000 00000000 00000000 00000000 00000000 00000000 00000000 00000000 00000000 00000000 00000000 00000000 00000000 00000000 00000000 00000000 00000000
00000000 00000000 00000000 00000000 00000000 00000000 00000000 00000000 00000000 00000000 00000000 00000000 00000000 00000000 00000000 00000000 00000000 00000000 00000000 00000000 00000000 00000000 00000000 00000000 00000000 00000000 00000000 00000000 00000000 00000000 00000000 00000000 00000000 00000000 00000000 00000000 00000000 00000000 00000000 00000000 00000000 00000000 00000000 00000000 00000000 00000000 00000000 00000000
00000000 00000000 00000000 00000000 00000000 00000000 00000000 00000000 00000000 00000000 00000000 00000000 00000000 00000000 00000000 00000000 00000000 00000000 00000000 00000000 00000000 00000000 00000000 00000000 00000000 00000000 00000000 00000000 00000000 00000000 00000000 00000000 00000000 00000000 00000000 00000000 00000000 00000000 00000000 00000000 00000000 00000000 00000000 00000000 00000000 00000000 00000000 00000000
00000000 00000000 00000000 00000000 00000000 00000000 00000000 00000000 00000000 00000000 00000000 00000000 00000000 00000000 00000000 00000000 00000000 00000000 00000000 00000000 00000000 00000000 00000000 00000000 00000000 00000000 00000000 00000000 00000000 00000000 00000000 00000000 00000000 00000000 00000000 00000000 00000000 00000000 00000000 00000000 00000000 00000000 00000000 00000000 00000000 00000000 00000000 00000000
00000000 00000000 00000000 00000000 00000000 00000000 00000000 00000000 00000000 00000000 00000000 00000000 00000000 00000000 00000000 00000000 00000000 00000000 00000000 00000000 00000000 00000000 00000000 00000000 00000000 00000000 00000000 00000000 00000000 00000000 00000000 00000000 00000000 00000000 00000000 00000000 00000000 00000000 00000000 00000000 00000000 00000000 00000000 00000000 00000000 00000000 00000000 00000000
00000000 00000000 00000000 00000000 00000000 00000000 00000000 00000000 00000000 00000000 00000000 00000000 00000000 00000000 00000000 00000000 00000000 00000000 00000000 00000000 00000000 00000000 00000000 00000000 00000000 00000000 00000000 00000000 00000000 00000000 00000000 00000000 00000000 00000000 00000000 00000000 00000000 00000000 00000000 00000000 00000000 00000000 00000000 00000000 00000000 00000000 00000000 00000000
00000000 00000000 00000000 00000000 00000000 00000000 00000000 00000000 00000000 00000000 00000000 00000000 00000000 00000000 00000000 00000000 00000000 00000000 00000000 00000000 00000000 00000000 00000000 00000000 00000000 00000000 00000000 00000000 00000000 00000000 00000000 00000000 00000000 00000000 00000000 00000000 00000000 00000000 00000000 00000000 00000000 00000000 00000000 00000000 00000000 00000000 00000000 00000000
00000000 00000000 00000000 00000000 00000000 00000000 00000000 00000000 00000000 00000000 00000000 00000000 00000000 00000000 00000000 00000000 00000000 00000000 00000000 00000000 00000000 00000000 00000000 00000000 00000000 00000000 00000000 00000000 00000000 00000000 00000000 00000000 00000000 00000000 00000000 00000000 00000000 00000000 00000000 00000000 00000000 00000000 00000000 00000000 00000000 00000000 00000000 00000000
00000000 00000000 00000000 00000000 00000000 00000000 00000000 00000000 00000000 00000000 00000000 00000000 00000000 00000000 00000000 00000000 00000000 00000000 00000000 00000000 00000000 00000000 00000000 00000000 00000000 00000000 00000000 00000000 00000000 00000000 00000000 00000000 00000000 00000000 00000000 00000000 00000000 00000000 00000000 00000000 00000000 00000000 00000000 00000000 00000000 00000000 00000000 00000000
00000000 00000000 00000000 00000000 00000000 00000000 00000000 00000000 00000000 00000000 00000000 00000000 00000000 00000000 00000000 00000000 00000000 00000000 00000000 00000000 00000000 00000000 00000000 00000000 00000000 00000000 00000000 00000000 00000000 00000000 00000000 00000000 00000000 00000000 00000000 00000000 00000000 00000000 00000000 00000000 00000000 00000000 00000000 00000000 00000000 00000000 00000000 00000000
00000000 00000000 00000000 00000000 00000000 00000000 00000000 00000000 00000000 00000000 00000000 00000000 00000000 00000000 00000000 00000000 00000000 00000000 00000000 00000000 00000000 00000000 00000000 00000000 00000000 00000000 00000000 00000000 00000000 00000000 00000000 00000000 00000000 00000000 00000000 00000000 00000000 00000000 00000000 00000000 00000000 00000000 00000000 00000000 00000000 00000000 00000000 00000000
00000000 00000000 00000000 00000000 00000000 00000000 00000000 00000000 00000000 00000000 00000000 00000000 00000000 00000000 00000000 00000000 00000000 00000000 00000000 00000000 00000000 00000000 00000000 00000000 00000000 00000000 00000000 00000000 00000000 00000000 00000000 00000000 00000000 00000000 00000000 00000000 00000000 00000000 00000000 00000000 00000000 00000000 00000000 00000000 00000000 00000000 00000000 00000000
00000000 00000000 00000000 00000000 00000000 00000000 00000000 00000000 00000000 00000000 00000000 00000000 00000000 00000000 00000000 00000000 00000000 00000000 00000000 00000000 00000000 00000000 00000000 00000000 00000000 00000000 00000000 00000000 00000000 00000000 00000000 00000000 00000000 00000000 00000000 00000000 00000000 00000000 00000000 00000000 00000000 00000000 00000000 00000000 00000000 00000000 00000000 00000000
00000000 00000000 00000000 00000000 00000000 00000000 00000000 00000000 00000000 00000000 00000000 00000000 00000000 00000000 00000000 00000000 00000000 00000000 00000000 00000000 00000000 00000000 00000000 00000000 00000000 00000000 00000000 00000000 00000000 00000000 00000000 00000000 00000000 00000000 00000000 00000000 00000000 00000000 00000000 00000000 00000000 00000000 00000000 00000000 00000000 00000000 00000000 00000000
00000000 00000000 00000000 00000000 00000000 00000000 00000000 00000000 00000000 00000000 00000000 00000000 00000000 00000000 00000000 00000000 00000000 00000000 00000000 00000000 00000000 00000000 00000000 00000000 00000000 00000000 00000000 00000000 00000000 00000000 00000000 00000000 00000000 00000000 00000000 00000000 00000000 00000000 00000000 00000000 00000000 00000000 00000000 00000000 00000000 00000000 00000000 00000000
00000000 00000000 00000000 00000000 00000000 00000000 00000000 00000000 00000000 00000000 00000000 00000000 00000000 00000000 00000000 00000000 00000000 00000000 00000000 00000000 00000000 00000000 00000000 00000000 00000000 00000000 00000000 00000000 00000000 00000000 00000000 00000000 00000000 00000000 00000000 00000000 00000000 00000000 00000000 00000000 00000000 00000000 00000000 00000000 00000000 00000000 00000000 00000000
00000000 00000000 00000000 00000000 00000000 00000000 00000000 00000000 00000000 00000000 00000000 00000000 00000000 00000000 00000000 00000000 00000000 00000000 00000000 00000000 00000000 00000000 00000000 00000000 00000000 00000000 00000000 00000000 00000000 00000000 00000000 00000000 00000000 00000000 00000000 00000000 00000000 00000000 00000000 00000000 00000000 00000000 00000000 00000000 00000000 00000000 00000000 00000000
00000000 00000000 00000000 00000000 00000000 00000000 00000000 00000000 00000000 00000000 00000000 00000000 00000000 00000000 00000000 00000000 00000000 00000000 00000000 00000000 00000000 00000000 00000000 00000000 00000000 00000000 00000000 00000000 00000000 00000000 00000000 00000000 00000000 00000000 00000000 00000000 00000000 00000000 00000000 00000000 00000000 00000000 00000000 00000000 00000000 00000000 00000000 00000000
00000000 00000000 00000000 00000000 00000000 00000000 00000000 00000000 00000000 00000000 00000000 00000000 00000000 00000000 00000000 00000000 00000000 00000000 00000000 00000000 00000000 00000000 00000000 00000000 00000000 00000000 00000000 00000000 00000000 00000000 00000000 00000000 00000000 00000000 00000000 00000000 00000000 00000000 00000000 00000000 00000000 00000000 00000000 00000000 00000000 00000000 00000000 00000000
00000000 00000000 00000000 00000000 00000000 00000000 00000000 00000000 00000000 00000000 00000000 00000000 00000000 00000000 00000000 00000000 00000000 00000000 00000000 00000000 00000000 00000000 00000000 00000000 00000000 00000000 00000000 00000000 00000000 00000000 00000000 00000000 00000000 00000000 00000000 00000000 00000000 00000000 00000000 00000000 00000000 00000000 00000000 00000000 00000000 00000000 00000000 00000000
00000000 00000000 00000000 00000000 00000000 00000000 00000000 00000000 00000000 00000000 00000000 00000000 00000000 00000000 00000000 00000000 00000000 00000000 00000000 00000000 00000000 00000000 00000000 00000000 00000000 00000000 00000000 00000000 00000000 00000000 00000000 00000000 00000000 00000000 00000000 00000000 00000000 00000000 00000000 00000000 00000000 00000000 00000000 00000000 00000000 00000000 00000000 00000000
00000000 00000000 00000000 00000000 00000000 00000000 00000000 00000000 00000000 00000000 00000000 00000000 00000000 00000000 00000000 00000000 00000000 00000000 00000000 00000000 00000000 00000000 00000000 00000000 00000000 00000000 00000000 00000000 00000000 00000000 00000000 00000000 00000000 00000000 00000000 00000000 00000000 00000000 00000000 00000000 00000000 00000000 00000000 00000000 00000000 00000000 00000000 00000000
scene content_scale 48 48
00000000 00000000 00000000 00000000 00000000 00000000 00000000 00000000 00000000 00000000 00000000 00000000 00000000 00000000 00000000 00000000 00000000 00000000 00000000 00000000 00000000 00000000 00000000 00000000 00000000 00000000 00000000 00000000 00000000 00000000 00000000 00000000 00000000 00000000 00000000 00000000 00000000 00000000 00000000 00000000 00000000 00000000 00000000 00000000 00000000 00000000 00000000 00000000
00000000 00000000 00000000 00000000 00000000 00000000 00000000 00000000 00000000 00000000 00000000 00000000 00000000 00000000 00000000 00000000 00000000 00000000 00000000 00000000 00000000 00000000 00000000 00000000 00000000 00000000 00000000 00000000 00000000 00000000 00000000 00000000 00000000 00000000 00000000 00000000 00000000 00000000 00000000 00000000 00000000 00000000 00000000 00000000 00000000 00000000 00000000 00000000
00000000 00000000 00000000 00000000 00000000 00000000 00000000 00000000 00000000 00000000 00000000 00000000 00000000 00000000 00000000 00000000 00000000 00000000 00000000 00000000 00000000 00000000 00000000 00000000 00000000 00000000 00000000 00000000 00000000 00000000 00000000 00000000 00000000 00000000 00000000 00000000 00000000 00000000 00000000 00000000 00000000 00000000 00000000 00000000 00000000 00000000 00000000 00000000
00000000 00000000 00000000 00000000 00000000 00000000 00000000 00000000 00000000 00000000 00000000 00000000 00000000 00000000 00000000 00000000 00000000 00000000 00000000 00000000 00000000 00000000 00000000 00000000 00000000 00000000 00000000 00000000 00000000 00000000 00000000 00000000 00000000 00000000 00000000 00000000 00000000 00000000 00000000 00000000 00000000 00000000 00000000 00000000 00000000 00000000 00000000 00000000
00000000 00000000 00000000 00000000 00000000 00000000 00000000 00000000 00000000 00000000 00000000 00000000 00000000 00000000 00000000 00000000 00000000 00000000 00000000 00000000 00000000 00000000 00000000 00000000 00000000 00000000 00000000 00000000 00000000 00000000 00000000 00000000 00000000 00000000 00000000 00000000 00000000 00000000 00000000 00000000 00000000 00000000 00000000 00000000 00000000 00000000 00000000 00000000
00000000 00000000 00000000 00000000 00000000 00000000 00000000 00000000 00000000 00000000 00000000 00000000 00000000 00000000 00000000 00000000 00000000 00000000 00000000 00000000 00000000 00000000 00000000 00000000 00000000 00000000 00000000 00000000 00000000 00000000 00000000 00000000 00000000 00000000 00000000 00000000 00000000 00000000 00000000 00000000 00000000 00000000 00000000 00000000 00000000 00000000 00000000 00000000
00000000 00000000 00000000 00000000 00000000 00000000 00000000 ff20c040 ff20c040 ff20c040 ff20c040 ff20c040 ff20c040 ff20c040 ff20c040 00000000 00000000 00000000 00000000 00000000 00000000 00000000 00000000 00000000 00000000 00000000 00000000 00000000 00000000 00000000 00000000 00000000 00000000 00000000 00000000 00000000 00000000 00000000 00000000 00000000 00000000 00000000 00000000 00000000 00000000 00000000 00000000 00000000
00000000 00000000 00000000 00000000 00000000 00000000 00000000 ff20c040 ff20c040 ff20c040 ff20c040 ff20c040 ff20c040 ff20c040 ff20c040 00000000 00000000 00000000 00000000 00000000 00000000 00000000 00000000 00000000 00000000 00000000 00000000 00000000 00000000 00000000 00000000 00000000 00000000 00000000 00000000 00000000 00000000 00000000 00000000 00000000 00000000 00000000 00000000 00000000 00000000 00000000 00000000 00000000
00000000 00000000 00000000 00000000 00000000 00000000 00000000 ff20c040 ff20c040 ff20c040 ff20c040 ff20c040 ff20c040 ff20c040 ff20c040 00000000 00000000 00000000 00000000 00000000 00000000 00000000 00000000 00000000 00000000 00000000 00000000 00000000 00000000 00000000 00000000 00000000 00000000 00000000 00000000 00000000 00000000 00000000 00000000 00000000 00000000 00000000 00000000 00000000 00000000 00000000 00000000 00000000
00000000 00000000 00000000 00000000 00000000 00000000 00000000 ff20c040 ff20c040 ff20c040 ff20c040 ff20c040 ff20c040 ff20c040 ff20c040 00000000 00000000 00000000 00000000 00000000 00000000 00000000 00000000 00000000 00000000 00000000 00000000 00000000 00000000 00000000 00000000 00000000 00000000 00000000 00000000 00000000 00000000 00000000 00000000 00000000 00000000 00000000 00000000 00000000 00000000 00000000 00000000 00000000
00000000 00000000 00000000 00000000 00000000 00000000 00000000 00000000 00000000 00000000 00000000 00000000 00000000 00000000 00000000 00000000 00000000 00000000 00000000 00000000 00000000 00000000 00000000 00000000 00000000 00000000 00000000 00000000 00000000 00000000 00000000 00000000 00000000 00000000 00000000 00000000 00000000 00000000 00000000 00000000 00000000 00000000 00000000 00000000 00000000 00000000 00000000 00000000
00000000 00000000 00000000 00000000 00000000 00000000 00000000 00000000 00000000 00000000 00000000 00000000 00000000 00000000 00000000 00000000 00000000 00000000 00000000 00000000 00000000 00000000 00000000 00000000 00000000 00000000 00000000 00000000 00000000 00000000 00000000 00000000 00000000 00000000 00000000 00000000 00000000 00000000 00000000 00000000 00000000 00000000 00000000 00000000 00000000 00000000 00000000 00000000
00000000 00000000 00000000 00000000 00000000 00000000 00000000 00000000 00000000 00000000 00000000 00000000 00000000 00000000 00000000 ff0000ff ff0000ff af1300a6 af1300a6 5f150055 5f150055 d74800b6 d74800b6 873c006b 873c006b ff8d00be ff8d00be af750079 af750079 5f4a003d 5f4a003d d7bf007f d7bf007f 87870049 87870049 00000000 00000000 00000000 00000000 00000000 00000000 00000000 00000000 00000000 00000000 00000000 00000000 00000000
00000000 00000000 00000000 00000000 00000000 00000000 00000000 00000000 00000000 00000000 00000000 00000000 00000000 00000000 00000000 ff0000ff ff0000ff af1300a6 af1300a6 5f150055 5f150055 d74800b6 d74800b6 873c006b 873c006b ff8d00be ff8d00be af750079 af750079 5f4a003d 5f4a003d d7bf007f d7bf007f 87870049 87870049 00000000 00000000 00000000 00000000 00000000 00000000 00000000 00000000 00000000 00000000 00000000 00000000 00000000
00000000 00000000 00000000 00000000 00000000 00000000 00000000 00000000 00000000 00000000 00000000 00000000 00000000 00000000 00000000 d7001ecc d7001ecc 870f1379 870f1379 ff3824d8 ff3824d8 af3a198b af3a198b 5f2a0d47 5f2a0d47 d7771e95 d7771e95 875a1357 875a1357 ffc62497 ffc62497 af9b195f af9b195f 5f5f0d2f 5f5f0d2f 00000000 00000000 00000000 00000000 00000000 00000000 00000000 00000000 00000000 00000000 00000000 00000000 00000000
00000000 00000000 00000000 00000000 00000000 00000000 00000000 00000000 00000000 00000000 00000000 00000000 00000000 00000000 00000000 af00319d af00319d 5f0a1b50 5f0a1b50 d72f3dab d72f3dab 872d2665 872d2665 ff7148b1 ff7148b1 af613171 af613171 5f3f1b38 5f3f1b38 d7a73d74 d7a73d74 87782642 87782642 ffff4870 ffff4870 00000000 00000000 00000000 00000000 00000000 00000000 00000000 00000000 00000000 00000000 00000000 00000000 00000000
00000000 00000000 00000000 00000000 00000000 00000000 00000000 00000000 00000000 00000000 00000000 00000000 00000000 00000000 00000000 87003a72 87003a72 ff1c6dcb ff1c6dcb af264b82 af264b82 5f202942 5f202942 d75f5c8a d75f5c8a 874b3a50 874b3a50 ffaa6d8a ffaa6d8a af884b56 af884b56 5f54292a 5f54292a d7d75c53 d7d75c53 00000000 00000000 00000000 00000000 00000000 00000000 00000000 00000000 00000000 00000000 00000000 00000000 00000000
00000000 00000000 00000000 00000000 00000000 00000000 00000000 00000000 00000000 00000000 00000000 00000000 00000000 00000000 00000000 5f00364c 5f00364c d7187aa0 d7187aa0 871e4d5e 871e4d5e ff5591a4 ff5591a4 af4e6468 af4e6468 5f353633 5f353633 d78f7a69 d78f7a69 87694d3b 87694d3b ffe29163 ffe29163 afaf643b afaf643b 00000000 00000000 00000000 00000000 00000000 00000000 00000000 00000000 00000000 00000000 00000000 00000000 00000000
00000000 00000000 00000000 00000000 00000000 00000000 00000000 00000000 00000000 00000000 00000000 00000000 00000000 00000000 00000000 5f00364c 5f00364c d7187aa0 d7187aa0 871e4d5e 871e4d5e ff5591a4 ff5591a4 af4e6468 af4e6468 5f353633 5f353633 d78f7a69 d78f7a69 87694d3b 87694d3b ffe29163 ffe29163 afaf643b afaf643b 00000000 00000000 00000000 00000000 00000000 00000000 00000000 00000000 00000000 00000000 00000000 00000000 00000000
00000000 00000000 00000000 00000000 00000000 00000000 00000000 00000000 00000000 00000000 00000000 00000000 00000000 00000000 00000000 ff00b6be ff00b6be af137d79 af137d79 5f15443d 5f15443d d748997f d748997f 873c6049 873c6049 ff8db67d ff8db67d af757d4d af757d4d 5f4a4425 5f4a4425 d7bf9949 d7bf9949 87876027 87876027 00000000 00000000 00000000 00000000 00000000 00000000 00000000 00000000 00000000 00000000 00000000 00000000 00000000
00000000 00000000 00000000 00000000 00000000 00000000 00000000 00000000 00000000 00000000 00000000 00000000 00000000 00000000 00000000 d700b895 d700b895 870f7357 870f7357 ff38da97 ff38da97 af3a965f af3a965f 5f2a512f 5f2a512f d777b85e d777b85e 875a7334 875a7334 ffc6da56 ffc6da56 af9b9632 af9b9632 5f5f5116 5f5f5116 00000000 00000000 00000000 00000000 00000000 00000000 00000000 00000000 00000000 00000000 00000000 00000000 00000000
00000000 00000000 00000000 00000000 00000000 00000000 00000000 00000000 00000000 00000000 00000000 00000000 00000000 00000000 00000000 af00af71 af00af71 5f0a5f38 5f0a5f38 d72fd774 d72fd774 872d8742 872d8742 ff71ff70 ff71ff70 af61af44 af61af44 5f3f5f20 5f3f5f20 ebc38327 ebc38327 c3ac5b18 c3ac5b18 ffef971f ffef971f 80701808 80701808 80701808 80701808 00000000 00000000 00000000 00000000 00000000 00000000 00000000 00000000 00000000
00000000 00000000 00000000 00000000 00000000 00000000 00000000 00000000 00000000 00000000 00000000 00000000 00000000 00000000 00000000 00000000 00000000 00000000 00000000 00000000 00000000 00000000 00000000 00000000 00000000 00000000 00000000 00000000 00000000 80701808 80701808 80701808 80701808 80701808 80701808 80701808 80701808 80701808 80701808 00000000 00000000 00000000 00000000 00000000 00000000 00000000 00000000 00000000
00000000 00000000 00000000 00000000 00000000 00000000 00000000 00000000 00000000 00000000 00000000 00000000 00000000 00000000 00000000 00000000 00000000 00000000 00000000 00000000 00000000 00000000 00000000 00000000 00000000 00000000 00000000 00000000 00000000 80701808 80701808 80701808 80701808 80701808 80701808 80701808 80701808 80701808 80701808 00000000 00000000 00000000 00000000 00000000 00000000 00000000 00000000 00000000
00000000 00000000 00000000 00000000 00000000 00000000 00000000 00000000 00000000 00000000 00000000 00000000 00000000 00000000 00000000 00000000 00000000 00000000 00000000 00000000 00000000 00000000 00000000 00000000 00000000 00000000 00000000 00000000 00000000 80701808 80701808 80701808 80701808 80701808 80701808 80701808 80701808 80701808 80701808 00000000 00000000 00000000 00000000 00000000 00000000 00000000 00000000 00000000
00000000 00000000 00000000 00000000 00000000 00000000 00000000 00000000 00000000 00000000 00000000 00000000 00000000 00000000 00000000 00000000 00000000 00000000 00000000 00000000 00000000 00000000 00000000 00000000 00000000 00000000 00000000 00000000 00000000 80701808 80701808 80701808 80701808 80701808 80701808 80701808 80701808 80701808 80701808 00000000 00000000 00000000 00000000 00000000 00000000 00000000 00000000 00000000
00000000 00000000 00000000 00000000 00000000 00000000 00000000 00000000 00000000 00000000 00000000 00000000 00000000 00000000 00000000 00000000 00000000 00000000 00000000 00000000 00000000 00000000 00000000 00000000 00000000 00000000 00000000 00000000 00000000 80701808 80701808 80701808 80701808 80701808 80701808 80701808 80701808 80701808 80701808 00000000 00000000 00000000 00000000 00000000 00000000 00000000 00000000 00000000
00000000 00000000 00000000 00000000 00000000 00000000 00000000 00000000 00000000 00000000 00000000 00000000 00000000 00000000 00000000 00000000 00000000 00000000 00000000 00000000 00000000 00000000 00000000 00000000 00000000 00000000 00000000 00000000 00000000 80701808 80701808 80701808 80701808 80701808 80701808 80701808 80701808 80701808 80701808 00000000 00000000 00000000 00000000 00000000 00000000 00000000 00000000 00000000
00000000 00000000 00000000 00000000 00000000 00000000 00000000 00000000 00000000 00000000 00000000 00000000 00000000 00000000 00000000 00000000 00000000 00000000 00000000 00000000 00000000 00000000 00000000 00000000 00000000 00000000 00000000 00000000 00000000 80701808 80701808 80701808 80701808 80701808 80701808 80701808 80701808 80701808 80701808 00000000 00000000 00000000 00000000 00000000 00000000 00000000 00000000 00000000
00000000 00000000 00000000 00000000 00000000 00000000 00000000 00000000 00000000 00000000 00000000 00000000 00000000 00000000 00000000 00000000 00000000 00000000 00000000 00000000 00000000 00000000 00000000 00000000 00000000 00000000 00000000 00000000 00000000 00000000 00000000 00000000 00000000 00000000 00000000 00000000 00000000 00000000 00000000 00000000 00000000 00000000 00000000 00000000 00000000 00000000 00000000 00000000
00000000 00000000 00000000 00000000 00000000 00000000 00000000 00000000 00000000 00000000 00000000 00000000 00000000 00000000 00000000 00000000 00000000 00000000 00000000 00000000 00000000 00000000 00000000 00000000 00000000 00000000 00000000 00000000 00000000 00000000 00000000 00000000 00000000 00000000 00000000 00000000 00000000 00000000 00000000 00000000 00000000 00000000 00000000 00000000 00000000 00000000 00000000 00000000
00000000 00000000 00000000 00000000 00000000 00000000 00000000 00000000 00000000 00000000 00000000 00000000 00000000 00000000 00000000 00000000 00000000 00000000 00000000 00000000 00000000 00000000 00000000 00000000 00000000 00000000 00000000 00000000 00000000 00000000 00000000 00000000 00000000 00000000 00000000 00000000 00000000 00000000 00000000 00000000 00000000 00000000 00000000 00000000 00000000 00000000 00000000 00000000
00000000 00000000 00000000 00000000 00000000 00000000 00000000 00000000 00000000 00000000 00000000 00000000 00000000 00000000 00000000 00000000 00000000 00000000 00000000 00000000 00000000 00000000 00000000 00000000 00000000 00000000 00000000 00000000 00000000 00000000 00000000 00000000 00000000 00000000 00000000 00000000 00000000 00000000 00000000 00000000 00000000 00000000 00000000 00000000 00000000 00000000 00000000 00000000
00000000 00000000 00000000 00000000 00000000 00000000 00000000 00000000 00000000 00000000 00000000 00000000 00000000 00000000 00000000 00000000 00000000 00000000 00000000 00000000 00000000 00000000 00000000 00000000 00000000 00000000 00000000 00000000 00000000 00000000 00000000 00000000 00000000 00000000 00000000 00000000 00000000 00000000 00000000 00000000 00000000 00000000 00000000 00000000 00000000 00000000 00000000 00000000
00000000 00000000 00000000 00000000 00000000 00000000 00000000 00000000 00000000 00000000 00000000 00000000 00000000 00000000 00000000 00000000 00000000 00000000 00000000 00000000 00000000 00000000 00000000 00000000 00000000 00000000 00000000 00000000 00000000 00000000 00000000 00000000 00000000 00000000 00000000 00000000 00000000 00000000 00000000 00000000 00000000 00000000 00000000 00000000 00000000 00000000 00000000 00000000
00000000 00000000 00000000 00000000 00000000 00000000 00000000 00000000 00000000 00000000 00000000 00000000 00000000 00000000 00000000 00000000 00000000 00000000 00000000 00000000 00000000 00000000 00000000 00000000 00000000 00000000 00000000 00000000 00000000 00000000 00000000 00000000 00000000 00000000 00000000 00000000 00000000 00000000 00000000 00000000 00000000 00000000 00000000 00000000 00000000 00000000 00000000 00000000
00000000 00000000 00000000 00000000 00000000 00000000 00000000 00000000 00000000 00000000 00000000 00000000 00000000 00000000 00000000 00000000 00000000 00000000 00000000 00000000 00000000 00000000 00000000 00000000 00000000 00000000 00000000 00000000 00000000 00000000 00000000 00000000 00000000 00000000 00000000 00000000 00000000 00000000 00000000 00000000 00000000 00000000 00000000 00000000 00000000 00000000 00000000 00000000
00000000 00000000 00000000 00000000 00000000 00000000 00000000 00000000 00000000 00000000 00000000 00000000 00000000 00000000 00000000 00000000 00000000 00000000 00000000 00000000 00000000 00000000 00000000 00000000 00000000 00000000 00000000 00000000 00000000 00000000 00000000 00000000 00000000 00000000 00000000 00000000 00000000 00000000 00000000 00000000 00000000 00000000 00000000 00000000 00000000 00000000 00000000 00000000
00000000 00000000 00000000 00000000 00000000 00000000 00000000 00000000 00000000 00000000 00000000 00000000 00000000 00000000 00000000 00000000 00000000 00000000 00000000 00000000 00000000 00000000 00000000 00000000 00000000 00000000 00000000 00000000 00000000 00000000 00000000 00000000 00000000 00000000 00000000 00000000 00000000 00000000 00000000 00000000 00000000 00000000 00000000 00000000 00000000 00000000 00000000 00000000
00000000 00000000 00000000 00000000 00000000 00000000 00000000 00000000 00000000 00000000 00000000 00000000 00000000 00000000 00000000 00000000 00000000 00000000 00000000 00000000 00000000 00000000 00000000 00000000 00000000 00000000 00000000 00000000 00000000 00000000 00000000 00000000 00000000 00000000 00000000 00000000 00000000 00000000 00000000 00000000 00000000 00000000 00000000 00000000 00000000 00000000 00000000 00000000
00000000 00000000 00000000 00000000 00000000 00000000 00000000 00000000 00000000 00000000 00000000 00000000 00000000 00000000 00000000 00000000 00000000 00000000 00000000 00000000 00000000 00000000 00000000 00000000 00000000 00000000 00000000 00000000 00000000 00000000 00000000 00000000 00000000 00000000 00000000 00000000 00000000 00000000 00000000 00000000 00000000 00000000 00000000 00000000 00000000 00000000 00000000 00000000
00000000 00000000 00000000 00000000 00000000 00000000 00000000 00000000 00000000 00000000 00000000 00000000 00000000 00000000 00000000 00000000 00000000 00000000 00000000 00000000 00000000 00000000 00000000 00000000 00000000 00000000 00000000 00000000 00000000 00000000 00000000 00000000 00000000 00000000 00000000 00000000 00000000 00000000 00000000 00000000 00000000 00000000 00000000 00000000 00000000 00000000 00000000 00000000
00000000 00000000 00000000 00000000 00000000 00000000 00000000 00000000 00000000 00000000 00000000 00000000 00000000 00000000 00000000 00000000 00000000 00000000 00000000 00000000 00000000 00000000 00000000 00000000 00000000 00000000 00000000 00000000 00000000 00000000 00000000 00000000 00000000 00000000 00000000 00000000 00000000 00000000 00000000 00000000 00000000 00000000 00000000 00000000 00000000 00000000 00000000 00000000
00000000 00000000 00000000 00000000 00000000 00000000 00000000 00000000 00000000 00000000 00000000 00000000 00000000 00000000 00000000 00000000 00000000 00000000 00000000 00000000 00000000 00000000 00000000 00000000 00000000 00000000 00000000 00000000 00000000 00000000 00000000 00000000 00000000 00000000 00000000 00000000 00000000 00000000 00000000 00000000 00000000 00000000 00000000 00000000 00000000 00000000 00000000 00000000
00000000 00000000 00000000 00000000 00000000 00000000 00000000 00000000 00000000 00000000 00000000 00000000 00000000 00000000 00000000 00000000 00000000 00000000 00000000 00000000 00000000 00000000 00000000 00000000 00000000 00000000 00000000 00000000 00000000 00000000 00000000 00000000 00000000 00000000 00000000 00000000 00000000 00000000 00000000 00000000 00000000 00000000 00000000 00000000 00000000 00000000 00000000 00000000
00000000 00000000 00000000 00000000 00000000 00000000 00000000 00000000 00000000 00000000 00000000 00000000 00000000 00000000 00000000 00000000 00000000 00000000 00000000 00000000 00000000 00000000 00000000 00000000 00000000 00000000 00000000 00000000 00000000 00000000 00000000 00000000 00000000 00000000 00000000 00000000 00000000 00000000 00000000 00000000 00000000 00000000 00000000 00000000 00000000 00000000 00000000 00000000
00000000 00000000 00000000 00000000 00000000 00000000 00000000 00000000 00000000 00000000 00000000 00000000 00000000 00000000 00000000 00000000 00000000 00000000 00000000 00000000 00000000 00000000 00000000 00000000 00000000 00000000 00000000 00000000 00000000 00000000 00000000 00000000 00000000 00000000 00000000 00000000 00000000 00000000 00000000 00000000 00000000 00000000 00000000 00000000 00000000 00000000 00000000 00000000
00000000 00000000 00000000 00000000 00000000 00000000 00000000 00000000 00000000 00000000 00000000 00000000 00000000 00000000 00000000 00000000 00000000 00000000 00000000 00000000 00000000 00000000 00000000 00000000 00000000 00000000 00000000 00000000 00000000 00000000 00000000 00000000 00000000 00000000 00000000 00000000 00000000 00000000 00000000 00000000 00000000 00000000 00000000 00000000 00000000 00000000 00000000 00000000
scene content_rotate 48 48
00000000 00000000 00000000 00000000 00000000 00000000 00000000 00000000 ff20c040 ff20c040 00000000 00000000 00000000 00000000 00000000 00000000 00000000 00000000 00000000 00000000 00000000 00000000 00000000 00000000 00000000 00000000 00000000 00000000 00000000 00000000 00000000 00000000 00000000 00000000 00000000 00000000 00000000 00000000 00000000 00000000 00000000 00000000 00000000 00000000 00000000 00000000 00000000 00000000
00000000 00000000 00000000 00000000 00000000 00000000 00000000 00000000 ff20c040 ff20c040 ff20c040 ff20c040 00000000 00000000 00000000 00000000 00000000 00000000 00000000 00000000 00000000 00000000 00000000 00000000 00000000 00000000 00000000 00000000 00000000 00000000 00000000 00000000 00000000 00000000 00000000 00000000 00000000 00000000 00000000 00000000 00000000 00000000 00000000 00000000 00000000 00000000 00000000 00000000
00000000 00000000 00000000 00000000 00000000 00000000 00000000 00000000 ff20c040 ff20c040 ff20c040 ff20c040 00000000 00000000 00000000 00000000 00000000 00000000 00000000 00000000 00000000 00000000 00000000 00000000 00000000 00000000 00000000 00000000 00000000 00000000 00000000 00000000 00000000 00000000 00000000 00000000 00000000 00000000 00000000 00000000 00000000 00000000 00000000 00000000 00000000 00000000 00000000 00000000
00000000 00000000 00000000 00000000 00000000 00000000 00000000 00000000 00000000 ff20c040 ff20c040 00000000 00000000 00000000 00000000 00000000 00000000 00000000 00000000 00000000 00000000 00000000 00000000 00000000 00000000 00000000 00000000 00000000 00000000 00000000 00000000 00000000 00000000 00000000 00000000 00000000 00000000 00000000 00000000 00000000 00000000 00000000 00000000 00000000 00000000 00000000 00000000 00000000
00000000 00000000 00000000 00000000 00000000 00000000 00000000 00000000 00000000 00000000 00000000 00000000 00000000 00000000 00000000 00000000 00000000 00000000 00000000 00000000 00000000 00000000 00000000 00000000 00000000 00000000 00000000 00000000 00000000 00000000 00000000 00000000 00000000 00000000 00000000 00000000 00000000 00000000 00000000 00000000 00000000 00000000 00000000 00000000 00000000 00000000 00000000 00000000
00000000 00000000 00000000 00000000 00000000 00000000 00000000 00000000 00000000 00000000 00000000 00000000 00000000 00000000 00000000 00000000 00000000 00000000 00000000 00000000 00000000 00000000 00000000 00000000 00000000 00000000 00000000 00000000 00000000 00000000 00000000 00000000 00000000 00000000 00000000 00000000 00000000 00000000 00000000 00000000 00000000 00000000 00000000 00000000 00000000 00000000 00000000 00000000
00000000 00000000 00000000 00000000 00000000 00000000 00000000 00000000 00000000 ff0000ff 00000000 00000000 00000000 00000000 00000000 00000000 00000000 00000000 00000000 00000000 00000000 00000000 00000000 00000000 00000000 00000000 00000000 00000000 00000000 00000000 00000000 00000000 00000000 00000000 00000000 00000000 00000000 00000000 00000000 00000000 00000000 00000000 00000000 00000000 00000000 00000000 00000000 00000000
00000000 00000000 00000000 00000000 00000000 00000000 00000000 00000000 00000000 d7001ecc af1300a6 5f150055 00000000 00000000 00000000 00000000 00000000 00000000 00000000 00000000 00000000 00000000 00000000 00000000 00000000 00000000 00000000 00000000 00000000 00000000 00000000 00000000 00000000 00000000 00000000 00000000 00000000 00000000 00000000 00000000 00000000 00000000 00000000 00000000 00000000 00000000 00000000 00000000
00000000 00000000 00000000 00000000 00000000 00000000 00000000 00000000 af00319d 5f0a1b50 870f1379 ff3824d8 d74800b6 873c006b 00000000 00000000 00000000 00000000 00000000 00000000 00000000 00000000 00000000 00000000 00000000 00000000 00000000 00000000 00000000 00000000 00000000 00000000 00000000 00000000 00000000 00000000 00000000 00000000 00000000 00000000 00000000 00000000 00000000 00000000 00000000 00000000 00000000 00000000
00000000 00000000 00000000 00000000 00000000 00000000 00000000 00000000 87003a72 ff1c6dcb d72f3dab 872d2665 5f2a0d47 d7771e95 ff8d00be af750079 00000000 00000000 00000000 00000000 00000000 00000000 00000000 00000000 00000000 00000000 00000000 00000000 00000000 00000000 00000000 00000000 00000000 00000000 00000000 00000000 00000000 00000000 00000000 00000000 00000000 00000000 00000000 00000000 00000000 00000000 00000000 00000000
00000000 00000000 00000000 00000000 00000000 00000000 00000000 5f00364c d7187aa0 af264b82 af264b82 872d2665 ff7148b1 d7771e95 875a1357 5f4a003d d7bf007f 00000000 00000000 00000000 00000000 00000000 00000000 00000000 00000000 00000000 00000000 00000000 00000000 00000000 00000000 00000000 00000000 00000000 00000000 00000000 00000000 00000000 00000000 00000000 00000000 00000000 00000000 00000000 00000000 00000000 00000000 00000000
00000000 00000000 00000000 00000000 00000000 00000000 d700b895 ff00b6be af137d79 871e4d5e ff5591a4 d75f5c8a 874b3a50 5f3f1b38 5f3f1b38 ffc62497 af9b195f 87870049 00000000 00000000 00000000 00000000 00000000 00000000 00000000 00000000 00000000 00000000 00000000 00000000 00000000 00000000 00000000 00000000 00000000 00000000 00000000 00000000 00000000 00000000 00000000 00000000 00000000 00000000 00000000 00000000 00000000 00000000
00000000 00000000 00000000 00000000 00000000 00000000 af00af71 870f7357 ff38da97 d748997f d748997f af4e6468 5f353633 ffaa6d8a af884b56 87782642 ffff4870 00000000 00000000 00000000 00000000 00000000 00000000 00000000 00000000 00000000 00000000 00000000 00000000 00000000 00000000 00000000 00000000 00000000 00000000 00000000 00000000 00000000 00000000 00000000 00000000 00000000 00000000 00000000 00000000 00000000 00000000 00000000
00000000 00000000 00000000 00000000 00000000 00000000 00000000 5f0a5f38 d72fd774 af3a965f 5f2a512f ff8db67d af757d4d 87694d3b 87694d3b 5f54292a d7d75c53 00000000 00000000 00000000 00000000 00000000 00000000 00000000 00000000 00000000 00000000 00000000 00000000 00000000 00000000 00000000 00000000 00000000 00000000 00000000 00000000 00000000 00000000 00000000 00000000 00000000 00000000 00000000 00000000 00000000 00000000 00000000
00000000 00000000 00000000 00000000 00000000 00000000 00000000 00000000 872d8742 ff71ff70 5f2a512f d777b85e af757d4d 5f4a4425 ffe29163 afaf643b 00000000 00000000 00000000 00000000 00000000 00000000 00000000 00000000 00000000 00000000 00000000 00000000 00000000 00000000 00000000 00000000 00000000 00000000 00000000 00000000 00000000 00000000 00000000 00000000 00000000 00000000 00000000 00000000 00000000 00000000 00000000 00000000
00000000 00000000 00000000 00000000 00000000 00000000 00000000 00000000 00000000 00000000 af61af44 5f3f5f20 ffc6da56 af9b9632 d7bf9949 87876027 00000000 00000000 00000000 00000000 00000000 00000000 00000000 00000000 00000000 00000000 00000000 00000000 00000000 00000000 00000000 00000000 00000000 00000000 00000000 00000000 00000000 00000000 00000000 00000000 00000000 00000000 00000000 00000000 00000000 00000000 00000000 00000000
00000000 00000000 00000000 00000000 00000000 00000000 00000000 00000000 00000000 00000000 00000000 00000000 ebc38327 c3ac5b18 5f5f5116 00000000 00000000 00000000 00000000 00000000 00000000 00000000 00000000 00000000 00000000 00000000 00000000 00000000 00000000 00000000 00000000 00000000 00000000 00000000 00000000 00000000 00000000 00000000 00000000 00000000 00000000 00000000 00000000 00000000 00000000 00000000 00000000 00000000
00000000 00000000 00000000 00000000 00000000 00000000 00000000 00000000 00000000 00000000 00000000 80701808 80701808 80701808 ffef971f 80701808 00000000 00000000 00000000 00000000 00000000 00000000 00000000 00000000 00000000 00000000 00000000 00000000 00000000 00000000 00000000 00000000 00000000 00000000 00000000 00000000 00000000 00000000 00000000 00000000 00000000 00000000 00000000 00000000 00000000 00000000 00000000 00000000
00000000 00000000 00000000 00000000 00000000 00000000 00000000 00000000 00000000 00000000 00000000 80701808 80701808 80701808 80701808 80701808 00000000 00000000 00000000 00000000 00000000 00000000 00000000 00000000 00000000 00000000 00000000 00000000 00000000 00000000 00000000 00000000 00000000 00000000 00000000 00000000 00000000 00000000 00000000 00000000 00000000 00000000 00000000 00000000 00000000 00000000 00000000 00000000
00000000 00000000 00000000 00000000 00000000 00000000 00000000 00000000 00000000 00000000 80701808 80701808 80701808 80701808 80701808 80701808 00000000 00000000 00000000 00000000 00000000 00000000 00000000 00000000 00000000 00000000 00000000 00000000 00000000 00000000 00000000 00000000 00000000 00000000 00000000 00000000 00000000 00000000 00000000 00000000 00000000 00000000 00000000 00000000 00000000 00000000 00000000 00000000
00000000 00000000 00000000 00000000 00000000 00000000 00000000 00000000 00000000 80701808 80701808 80701808 80701808 80701808 80701808 00000000 00000000 00000000 00000000 00000000 00000000 00000000 00000000 00000000 00000000 00000000 00000000 00000000 00000000 00000000 00000000 00000000 00000000 00000000 00000000 00000000 00000000 00000000 00000000 00000000 00000000 00000000 00000000 00000000 00000000 00000000 00000000 00000000
00000000 00000000 00000000 00000000 00000000 00000000 00000000 00000000 00000000 00000000 80701808 80701808 80701808 80701808 80701808 00000000 00000000 00000000 00000000 00000000 00000000 00000000 00000000 00000000 00000000 00000000 00000000 00000000 00000000 00000000 00000000 00000000 00000000 00000000 00000000 00000000 00000000 00000000 00000000 00000000 00000000 00000000 00000000 00000000 00000000 00000000 00000000 00000000
00000000 00000000 00000000 00000000 00000000 00000000 00000000 00000000 00000000 00000000 00000000 00000000 80701808 80701808 00000000 00000000 00000000 00000000 00000000 00000000 00000000 00000000 00000000 00000000 00000000 00000000 00000000 00000000 00000000 00000000 00000000 00000000 00000000 00000000 00000000 00000000 00000000 00000000 00000000 00000000 00000000 00000000 00000000 00000000 00000000 00000000 00000000 00000000
00000000 00000000 00000000 00000000 00000000 00000000 00000000 00000000 00000000 00000000 00000000 00000000 00000000 00000000 00000000 00000000 00000000 00000000 00000000 00000000 00000000 00000000 00000000 00000000 00000000 00000000 00000000 00000000 00000000 00000000 00000000 00000000 00000000 00000000 00000000 00000000 00000000 00000000 00000000 00000000 00000000 00000000 00000000 00000000 00000000 00000000 00000000 00000000
00000000 00000000 00000000 00000000 00000000 00000000 00000000 00000000 00000000 00000000 00000000 00000000 00000000 00000000 00000000 00000000 00000000 00000000 00000000 00000000 00000000 00000000 00000000 00000000 00000000 00000000 00000000 00000000 00000000 00000000 00000000 00000000 00000000 00000000 00000000 00000000 00000000 00000000 00000000 00000000 00000000 00000000 00000000 00000000 00000000 00000000 00000000 00000000
00000000 00000000 00000000 00000000 00000000 00000000 00000000 00000000 00000000 00000000 00000000 00000000 00000000 00000000 00000000 00000000 00000000 00000000 00000000 00000000 00000000 00000000 00000000 00000000 00000000 00000000 00000000 00000000 00000000 00000000 00000000 00000000 00000000 00000000 00000000 00000000 00000000 00000000 00000000 00000000 00000000 00000000 00000000 00000000 00000000 00000000 00000000 00000000
00000000 00000000 00000000 00000000 00000000 00000000 00000000 00000000 00000000 00000000 00000000 00000000 00000000 00000000 00000000 00000000 00000000 00000000 00000000 00000000 00000000 00000000 00000000 00000000 00000000 00000000 00000000 00000000 00000000 00000000 00000000 00000000 00000000 00000000 00000000 00000000 00000000 00000000 00000000 00000000 00000000 00000000 00000000 00000000 00000000 00000000 00000000 00000000
00000000 00000000 00000000 00000000 00000000 00000000 00000000 00000000 00000000 00000000 00000000 00000000 00000000 00000000 00000000 00000000 00000000 00000000 00000000 00000000 00000000 00000000 00000000 00000000 00000000 00000000 00000000 00000000 00000000 00000000 00000000 00000000 00000000 00000000 00000000 00000000 00000000 00000000 00000000 00000000 00000000 00000000 00000000 00000000 00000000 00000000 00000000 00000000
00000000 00000000 00000000 00000000 00000000 00000000 00000000 00000000 00000000 00000000 00000000 00000000 00000000 00000000 00000000 00000000 00000000 00000000 00000000 00000000 00000000 00000000 00000000 00000000 00000000 00000000 00000000 00000000 00000000 00000000 00000000 00000000 00000000 00000000 00000000 00000000 00000000 00000000 00000000 00000000 00000000 00000000 00000000 00000000 00000000 00000000 00000000 00000000
00000000 00000000 00000000 00000000 00000000 00000000 00000000 00000000 00000000 00000000 00000000 00000000 00000000 00000000 00000000 00000000 00000000 00000000 00000000 00000000 00000000 00000000 00000000 00000000 00000000 00000000 00000000 00000000 00000000 00000000 00000000 00000000 00000000 00000000 00000000 00000000 00000000 00000000 00000000 00000000 00000000 00000000 00000000 00000000 00000000 00000000 00000000 00000000
00000000 00000000 00000000 00000000 00000000 00000000 00000000 00000000 00000000 00000000 00000000 00000000 00000000 00000000 00000000 00000000 00000000 00000000 00000000 00000000 00000000 00000000 00000000 00000000 00000000 00000000 00000000 00000000 00000000 00000000 00000000 00000000 00000000 00000000 00000000 00000000 00000000 00000000 00000000 00000000 00000000 00000000 00000000 00000000 00000000 00000000 00000000 00000000
00000000 00000000 00000000 00000000 00000000 00000000 00000000 00000000 00000000 00000000 00000000 00000000 00000000 00000000 00000000 00000000 00000000 00000000 00000000 00000000 00000000 00000000 00000000 00000000 00000000 00000000 00000000 00000000 00000000 00000000 00000000 00000000 00000000 00000000 00000000 00000000 00000000 00000000 00000000 00000000 00000000 00000000 00000000 00000000 00000000 00000000 00000000 00000000
00000000 00000000 00000000 00000000 00000000 00000000 00000000 00000000 00000000 00000000 00000000 00000000 00000000 00000000 00000000 00000000 00000000 00000000 00000000 00000000 00000000 00000000 00000000 00000000 00000000 00000000 00000000 00000000 00000000 00000000 00000000 00000000 00000000 00000000 00000000 00000000 00000000 00000000 00000000 00000000 00000000 00000000 00000000 00000000 00000000 00000000 00000000 00000000
00000000 00000000 00000000 00000000 00000000 00000000 00000000 00000000 00000000 00000000 00000000 00000000 00000000 00000000 00000000 00000000 00000000 00000000 00000000 00000000 00000000 00000000 00000000 00000000 00000000 00000000 00000000 00000000 00000000 00000000 00000000 00000000 00000000 00000000 00000000 00000000 00000000 00000000 00000000 00000000 00000000 00000000 00000000 00000000 00000000 00000000 00000000 00000000
00000000 00000000 00000000 00000000 00000000 00000000 00000000 00000000 00000000 00000000 00000000 00000000 00000000 00000000 00000000 00000000 00000000 00000000 00000000 00000000 00000000 00000000 00000000 00000000 00000000 00000000 00000000 00000000 00000000 00000000 00000000 00000000 00000000 00000000 00000000 00000000 00000000 00000000 00000000 00000000 00000000 00000000 00000000 00000000 00000000 00000000 00000000 00000000
00000000 00000000 00000000 00000000 00000000 00000000 00000000 00000000 00000000 00000000 00000000 00000000 00000000 00000000 00000000 00000000 00000000 00000000 00000000 00000000 00000000 00000000 00000000 00000000 00000000 00000000 00000000 00000000 00000000 00000000 00000000 00000000 00000000 00000000 00000000 00000000 00000000 00000000 00000000 00000000 00000000 00000000 00000000 00000000 00000000 00000000 00000000 00000000
00000000 00000000 00000000 00000000 00000000 00000000 00000000 00000000 00000000 00000000 00000000 00000000 00000000 00000000 00000000 00000000 00000000 00000000 00000000 00000000 00000000 00000000 00000000 00000000 00000000 00000000 00000000 00000000 00000000 00000000 00000000 00000000 00000000 00000000 00000000 00000000 00000000 00000000 00000000 00000000 00000000 00000000 00000000 00000000 00000000 00000000 00000000 00000000
00000000 00000000 00000000 00000000 00000000 00000000 00000000 00000000 00000000 00000000 00000000 00000000 00000000 00000000 00000000 00000000 00000000 00000000 00000000 00000000 00000000 00000000 00000000 00000000 00000000 00000000 00000000 00000000 00000000 00000000 00000000 00000000 00000000 00000000 00000000 00000000 00000000 00000000 00000000 00000000 00000000 00000000 00000000 00000000 00000000 00000000 00000000 00000000
00000000 00000000 00000000 00000000 00000000 00000000 00000000 00000000 00000000 00000000 00000000 00000000 00000000 00000000 00000000 00000000 00000000 00000000 00000000 00000000 00000000 00000000 00000000 00000000 00000000 00000000 00000000 00000000 00000000 00000000 00000000 00000000 00000000 00000000 00000000 00000000 00000000 00000000 00000000 00000000 00000000 00000000 00000000 00000000 00000000 00000000 00000000 00000000
00000000 00000000 00000000 00000000 00000000 00000000 00000000 00000000 00000000 00000000 00000000 00000000 00000000 00000000 00000000 00000000 00000000 00000000 00000000 00000000 00000000 00000000 00000000 00000000 00000000 00000000 00000000 00000000 00000000 00000000 00000000 00000000 00000000 00000000 00000000 00000000 00000000 00000000 00000000 00000000 00000000 00000000 00000000 00000000 00000000 00000000 00000000 00000000
00000000 00000000 00000000 00000000 00000000 00000000 00000000 00000000 00000000 00000000 00000000 00000000 00000000 00000000 00000000 00000000 00000000 00000000 00000000 00000000 00000000 00000000 00000000 00000000 00000000 00000000 00000000 00000000 00000000 00000000 00000000 00000000 00000000 00000000 00000000 00000000 00000000 00000000 00000000 00000000 00000000 00000000 00000000 00000000 00000000 00000000 00000000 00000000
00000000 00000000 00000000 00000000 00000000 00000000 00000000 00000000 00000000 00000000 00000000 00000000 00000000 00000000 00000000 00000000 00000000 00000000 00000000 00000000 00000000 00000000 00000000 00000000 00000000 00000000 00000000 00000000 00000000 00000000 00000000 00000000 00000000 00000000 00000000 00000000 00000000 00000000 00000000 00000000 00000000 00000000 00000000 00000000 00000000 00000000 00000000 00000000
00000000 00000000 00000000 00000000 00000000 00000000 00000000 00000000 00000000 00000000 00000000 00000000 00000000 00000000 00000000 00000000 00000000 00000000 00000000 00000000 00000000 00000000 00000000 00000000 00000000 00000000 00000000 00000000 00000000 00000000 00000000 00000000 00000000 00000000 00000000 00000000 00000000 00000000 00000000 00000000 00000000 00000000 00000000 00000000 00000000 00000000 00000000 00000000
00000000 00000000 00000000 00000000 00000000 00000000 00000000 00000000 00000000 00000000 00000000 00000000 00000000 00000000 00000000 00000000 00000000 00000000 00000000 00000000 00000000 00000000 00000000 00000000 00000000 00000000 00000000 00000000 00000000 00000000 00000000 00000000 00000000 00000000 00000000 00000000 00000000 00000000 00000000 00000000 00000000 00000000 00000000 00000000 00000000 00000000 00000000 00000000
00000000 00000000 00000000 00000000 00000000 00000000 00000000 00000000 00000000 00000000 00000000 00000000 00000000 00000000 00000000 00000000 00000000 00000000 00000000 00000000 00000000 00000000 00000000 00000000 00000000 00000000 00000000 00000000 00000000 00000000 00000000 00000000 00000000 00000000 00000000 00000000 00000000 00000000 00000000 00000000 00000000 00000000 00000000 00000000 00000000 00000000 00000000 00000000
00000000 00000000 00000000 00000000 00000000 00000000 00000000 00000000 00000000 00000000 00000000 00000000 00000000 00000000 00000000 00000000 00000000 00000000 00000000 00000000 00000000 00000000 00000000 00000000 00000000 00000000 00000000 00000000 00000000 00000000 00000000 00000000 00000000 00000000 00000000 00000000 00000000 00000000 00000000 00000000 00000000 00000000 00000000 00000000 00000000 00000000 00000000 00000000
00000000 00000000 00000000 00000000 00000000 00000000 00000000 00000000 00000000 00000000 00000000 00000000 00000000 00000000 00000000 00000000 00000000 00000000 00000000 00000000 00000000 00000000 00000000 00000000 00000000 00000000 00000000 00000000 00000000 00000000 00000000 00000000 00000000 00000000 00000000 00000000 00000000 00000000 00000000 00000000 00000000 00000000 00000000 00000000 00000000 00000000 00000000 00000000
00000000 00000000 00000000 00000000 00000000 00000000 00000000 00000000 00000000 00000000 00000000 00000000 00000000 00000000 00000000 00000000 00000000 00000000 00000000 00000000 00000000 00000000 00000000 00000000 00000000 00000000 00000000 00000000 00000000 00000000 00000000 00000000 00000000 00000000 00000000 00000000 00000000 00000000 00000000 00000000 00000000 00000000 00000000 00000000 00000000 00000000 00000000 00000000
scene offset_rotate 24 24
00000000 00000000 00000000 00000000 00000000 00000000 00000000 00000000 00000000 00000000 00000000 00000000 00000000 00000000 00000000 00000000 00000000 00000000 00000000 00000000 00000000 00000000 00000000 00000000
00000000 00000000 00000000 00000000 00000000 00000000 00000000 00000000 00000000 00000000 00000000 00000000 00000000 00000000 00000000 00000000 00000000 00000000 00000000 00000000 00000000 00000000 00000000 00000000
00000000 00000000 00000000 00000000 00000000 00000000 00000000 00000000 00000000 00000000 00000000 00000000 00000000 00000000 00000000 00000000 00000000 00000000 00000000 00000000 00000000 00000000 00000000 00000000
00000000 00000000 00000000 00000000 00000000 00000000 00000000 00000000 00000000 ff20c040 ff20c040 ff20c040 ff20c040 00000000 00000000 00000000 00000000 00000000 00000000 00000000 00000000 00000000 00000000 00000000
00000000 00000000 00000000 00000000 00000000 00000000 00000000 00000000 00000000 ff20c040 ff20c040 ff20c040 ff20c040 00000000 00000000 00000000 00000000 00000000 00000000 00000000 00000000 00000000 00000000 00000000
00000000 00000000 00000000 00000000 00000000 00000000 00000000 00000000 00000000 00000000 ff20c040 ff20c040 00000000 00000000 00000000 00000000 00000000 00000000 00000000 00000000 00000000 00000000 00000000 00000000
00000000 00000000 00000000 00000000 00000000 00000000 00000000 00000000 00000000 00000000 00000000 00000000 00000000 00000000 00000000 00000000 00000000 00000000 00000000 00000000 00000000 00000000 00000000 00000000
00000000 00000000 00000000 00000000 00000000 00000000 00000000 00000000 00000000 00000000 00000000 00000000 00000000 00000000 00000000 00000000 00000000 00000000 00000000 00000000 00000000 00000000 00000000 00000000
00000000 00000000 00000000 00000000 00000000 00000000 00000000 00000000 00000000 00000000 ff0000ff 00000000 00000000 00000000 00000000 00000000 00000000 00000000 00000000 00000000 00000000 00000000 00000000 00000000
00000000 00000000 00000000 00000000 00000000 00000000 00000000 00000000 00000000 00000000 d7001ecc af1300a6 5f150055 00000000 00000000 00000000 00000000 00000000 00000000 00000000 00000000 00000000 00000000 00000000
00000000 00000000 00000000 00000000 00000000 00000000 00000000 00000000 00000000 af00319d 5f0a1b50 870f1379 ff3824d8 d74800b6 873c006b 00000000 00000000 00000000 00000000 00000000 00000000 00000000 00000000 00000000
00000000 00000000 00000000 00000000 00000000 00000000 00000000 00000000 00000000 87003a72 ff1c6dcb d72f3dab 872d2665 5f2a0d47 d7771e95 ff8d00be af750079 00000000 00000000 00000000 00000000 00000000 00000000 00000000
00000000 00000000 00000000 00000000 00000000 00000000 00000000 00000000 5f00364c d7187aa0 af264b82 af264b82 872d2665 ff7148b1 d7771e95 875a1357 5f4a003d d7bf007f 00000000 00000000 00000000 00000000 00000000 00000000
00000000 00000000 00000000 00000000 00000000 00000000 00000000 d700b895 ff00b6be af137d79 871e4d5e ff5591a4 d75f5c8a 874b3a50 5f3f1b38 5f3f1b38 ffc62497 af9b195f 87870049 00000000 00000000 00000000 00000000 00000000
00000000 00000000 00000000 00000000 00000000 00000000 00000000 af00af71 870f7357 ff38da97 d748997f d748997f af4e6468 5f353633 ffaa6d8a af884b56 87782642 ffff4870 00000000 00000000 00000000 00000000 00000000 00000000
00000000 00000000 00000000 00000000 00000000 00000000 00000000 00000000 5f0a5f38 d72fd774 af3a965f 5f2a512f ff8db67d af757d4d 87694d3b 87694d3b 5f54292a d7d75c53 00000000 00000000 00000000 00000000 00000000 00000000
00000000 00000000 00000000 00000000 00000000 00000000 00000000 00000000 00000000 872d8742 ff71ff70 5f2a512f d777b85e af757d4d 5f4a4425 ffe29163 afaf643b 00000000 00000000 00000000 00000000 00000000 00000000 00000000
00000000 00000000 00000000 00000000 00000000 00000000 00000000 00000000 00000000 00000000 00000000 af61af44 5f3f5f20 ffc6da56 af9b9632 d7bf9949 87876027 00000000 00000000 00000000 00000000 00000000 00000000 00000000
00000000 00000000 00000000 00000000 00000000 00000000 00000000 00000000 00000000 00000000 00000000 00000000 00000000 ebc38327 c3ac5b18 5f5f5116 00000000 00000000 00000000 00000000 00000000 00000000 00000000 00000000
00000000 00000000 00000000 00000000 00000000 00000000 00000000 00000000 00000000 00000000 00000000 00000000 80701808 80701808 80701808 ffef971f 80701808 00000000 00000000 00000000 00000000 00000000 00000000 00000000
00000000 00000000 00000000 00000000 00000000 00000000 00000000 00000000 00000000 00000000 00000000 00000000 80701808 80701808 80701808 80701808 80701808 00000000 00000000 00000000 00000000 00000000 00000000 00000000
00000000 00000000 00000000 00000000 00000000 00000000 00000000 00000000 00000000 00000000 00000000 80701808 80701808 80701808 80701808 80701808 80701808 00000000 00000000 00000000 00000000 00000000 00000000 00000000
00000000 00000000 00000000 00000000 00000000 00000000 00000000 00000000 00000000 00000000 00000000 00000000 00000000 00000000 00000000 00000000 00000000 00000000 00000000 00000000 00000000 00000000 00000000 00000000
00000000 00000000 00000000 00000000 00000000 00000000 00000000 00000000 00000000 00000000 00000000 00000000 00000000 00000000 00000000 00000000 00000000 00000000 00000000 00000000 00000000 00000000 00000000 00000000
scene sepia_rotate 24 24
00000000 00000000 00000000 00000000 00000000 00000000 00000000 00000000 ff90a16c ff90a16c 00000000 00000000 00000000 00000000 00000000 00000000 00000000 00000000 00000000 00000000 00000000 00000000 00000000 00000000
00000000 00000000 00000000 00000000 00000000 00000000 00000000 00000000 ff90a16c ff90a16c ff90a16c ff90a16c 00000000 00000000 00000000 00000000 00000000 00000000 00000000 00000000 00000000 00000000 00000000 00000000
00000000 00000000 00000000 00000000 00000000 00000000 00000000 00000000 ff90a16c ff90a16c ff90a16c ff90a16c 00000000 00000000 00000000 00000000 00000000 00000000 00000000 00000000 00000000 00000000 00000000 00000000
00000000 00000000 00000000 00000000 00000000 00000000 00000000 00000000 00000000 ff90a16c ff90a16c 00000000 00000000 00000000 00000000 00000000 00000000 00000000 00000000 00000000 00000000 00000000 00000000 00000000
00000000 00000000 00000000 00000000 00000000 00000000 00000000 00000000 00000000 00000000 00000000 00000000 00000000 00000000 00000000 00000000 00000000 00000000 00000000 00000000 00000000 00000000 00000000 00000000
00000000 00000000 00000000 00000000 00000000 00000000 00000000 00000000 00000000 00000000 00000000 00000000 00000000 00000000 00000000 00000000 00000000 00000000 00000000 00000000 00000000 00000000 00000000 00000000
00000000 00000000 00000000 00000000 00000000 00000000 00000000 00000000 00000000 ff27224e 00000000 00000000 00000000 00000000 00000000 00000000 00000000 00000000 00000000 00000000 00000000 00000000 00000000 00000000
00000000 00000000 00000000 00000000 00000000 00000000 00000000 00000000 00000000 d731324b af231c37 5f18111e 00000000 00000000 00000000 00000000 00000000 00000000 00000000 00000000 00000000 00000000 00000000 00000000
00000000 00000000 00000000 00000000 00000000 00000000 00000000 00000000 af363a45 5f222226 87262330 ff54485d d7412d47 872f1f2e 00000000 00000000 00000000 00000000 00000000 00000000 00000000 00000000 00000000 00000000
00000000 00000000 00000000 00000000 00000000 00000000 00000000 00000000 87353b3c ff707573 d7585258 873e3739 5f281f24 d7664c54 ff654159 af4e313e 00000000 00000000 00000000 00000000 00000000 00000000 00000000 00000000
00000000 00000000 00000000 00000000 00000000 00000000 00000000 5f2d332e d770786a af555450 af555450 873e3739 ff816d6d d7664c54 87473336 5f2f1d23 d7754650 00000000 00000000 00000000 00000000 00000000 00000000 00000000
00000000 00000000 00000000 00000000 00000000 00000000 d7889e7c ff8da288 af69735e 874d4f44 ff9e9a82 d77e7266 87564b41 5f392d2a 5f392d2a ff936768 af6d4b49 87503034 00000000 00000000 00000000 00000000 00000000 00000000
00000000 00000000 00000000 00000000 00000000 00000000 af7d926d 875c664f ffbac797 d7969878 d7969878 af756f5b 5f443e32 ffaf947e af816a58 875f473e ffc08c78 00000000 00000000 00000000 00000000 00000000 00000000 00000000
00000000 00000000 00000000 00000000 00000000 00000000 00000000 5f48513c d7aebe89 af888d6a 5f4f4f3a ffcbc093 af958966 876e5f4a 876e5f4a 5f4b3c31 d7b48c6f 00000000 00000000 00000000 00000000 00000000 00000000 00000000
00000000 00000000 00000000 00000000 00000000 00000000 00000000 00000000 87747b58 ffe8eea8 5f4f4f3a d7bdb885 af958966 5f554d38 ffdcb98d afa08463 00000000 00000000 00000000 00000000 00000000 00000000 00000000 00000000
00000000 00000000 00000000 00000000 00000000 00000000 00000000 00000000 00000000 00000000 afa8a775 5f5f5d40 fff9e6a2 afafa271 d7cbb281 87867352 00000000 00000000 00000000 00000000 00000000 00000000 00000000 00000000
00000000 00000000 00000000 00000000 00000000 00000000 00000000 00000000 00000000 00000000 00000000 00000000 ebbb9e6e c3947754 5f5f5a3e 00000000 00000000 00000000 00000000 00000000 00000000 00000000 00000000 00000000
00000000 00000000 00000000 00000000 00000000 00000000 00000000 00000000 00000000 00000000 00000000 804a3225 804a3225 804a3225 ffddb87e 804a3225 00000000 00000000 00000000 00000000 00000000 00000000 00000000 00000000
00000000 00000000 00000000 00000000 00000000 00000000 00000000 00000000 00000000 00000000 00000000 804a3225 804a3225 804a3225 804a3225 804a3225 00000000 00000000 00000000 00000000 00000000 00000000 00000000 00000000
00000000 00000000 00000000 00000000 00000000 00000000 00000000 00000000 00000000 00000000 804a3225 804a3225 804a3225 804a3225 804a3225 804a3225 00000000 00000000 00000000 00000000 00000000 00000000 00000000 00000000
00000000 00000000 00000000 00000000 00000000 00000000 00000000 00000000 00000000 804a3225 804a3225 804a3225 804a3225 804a3225 804a3225 00000000 00000000 00000000 00000000 00000000 00000000 00000000 00000000 00000000
00000000 00000000 00000000 00000000 00000000 00000000 00000000 00000000 00000000 00000000 804a3225 804a3225 804a3225 804a3225 804a3225 00000000 00000000 00000000 00000000 00000000 00000000 00000000 00000000 00000000
00000000 00000000 00000000 00000000 00000000 00000000 00000000 00000000 00000000 00000000 00000000 00000000 804a3225 804a3225 00000000 00000000 00000000 00000000 00000000 00000000 00000000 00000000 00000000 00000000
00000000 00000000 00000000 00000000 00000000 00000000 00000000 00000000 00000000 00000000 00000000 00000000 00000000 00000000 00000000 00000000 00000000 00000000 00000000 00000000 00000000 00000000 00000000 00000000
scene blur_1_5 24 24
00000000 02000100 04010301 07010502 09010702 09010702 07010502 04010301 02000100 00000000 00000000 00000000 00000000 00000000 00000000 00000000 00000000 00000000 00000000 00000000 00000000 00000000 00000000 00000000
02000100 06010502 0e020b04 18031206 1f041808 1f041808 18031206 0e020b04 06010502 02000100 00000000 00000000 00000000 00000000 00000000 00000000 00000000 00000000 00000000 00000000 00000000 00000000 00000000 00000000
04000301 0e020b04 21041908 39072b0e 49093712 49093712 39072b0e 21041908 0e020b04 04000301 01000100 00000000 00000000 00000000 00000000 00000000 00000000 00000000 00000000 00000000 00000000 00000000 00000000 00000000
06010502 17031206 3707290e 5e0c4718 780f5b1e 780f5b1e 5e0c4718 3707290e 17031206 07010502 01000101 00000000 00000000 00000000 00000000 00000000 00000000 00000000 00000000 00000000 00000000 00000000 00000000 00000000
08010602 1b031507 40083010 6e0e531c 8d126b23 8d126b24 6f0e531c 41083011 1c041508 09010603 03010102 02010001 02010001 01010001 01010001 01010001 01010001 00000000 00000000 00000000 00000000 00000000 00000000 00000000
06010502 17031206 3707290e 5e0c4718 790f5b1e 7a0f5b20 610c471b 3c082913 1e04120c 0e020608 09030107 08040006 08040006 08050005 07050005 06050004 04040003 03020001 01010001 00000000 00000000 00000000 00000000 00000000
04000301 0e020b04 21041908 39072b0f 4b093714 4e093717 45082c1a 34061a1a 26050c19 1d060517 1b090216 1b0c0115 1c0f0114 1b110112 19130110 1512010d 0f0e0109 09080005 03030002 01010001 00000000 00000000 00000000 00000000
02000100 06010502 0e020b04 19031207 2304180b 2b041813 34041420 3b060e2d 3e090934 3f0e0635 3f150533 411d0531 4124052f 402a052b 3c2d0525 342b041e 25210315 1513020c 08080105 02020001 00000000 00000000 00000000 00000000
00000000 02000100 04010301 08010503 0f010708 1d020915 34030a2c 4f070c45 620f0d55 6a190e59 6d250e57 6f320e53 703e0e4e 6e480e48 684f0e3f 5b4b0c33 423b0924 25230514 0f0f0208 04040102 01010000 00000000 00000000 00000000
00000000 00000000 01000100 03000102 09000307 1a010617 3b030c34 61091356 7f131a6d 8d211d73 92311e71 94421e6b 95521e64 93611e5c 8d6a1d51 7b671a42 5b51132f 34310b1a 1615050a 06060203 01010001 00000000 00000000 00000000
00000000 00000000 00000000 01000101 08000207 1a010817 3e041235 6a0b1f59 8d162b74 9f26307c a537337a a74a3372 a75d336a a66e3361 a0793156 8d772c47 6a5f2132 3e3a141c 1a19080c 08070303 02020101 00000000 00000000 00000000
00000000 00000000 00000000 01000101 07000306 19010b15 3e041b33 6c0b2f56 92173f70 a5274779 ac3a4a76 ad4d4b6f ad604b66 ac724a5d a67e4752 947c3f44 70653030 423e1c1b 1c1b0c0b 08080403 02020101 00000000 00000000 00000000
00000000 00000000 00000000 01000101 08000506 1a010f14 3f042430 6d0b3e52 9217536a a6275e72 ac3a616e ad4d6267 ae60625e ad736054 a77f5c4a 957e513c 71663d2b 443f2318 1e1c0f0a 0a090503 02020101 00000000 00000000 00000000
00000000 00000000 00000000 01000101 08000606 1a011314 3f042c2d 6b0b4a4c 8e166261 a0266e67 a6387363 a84b745c a85e7253 a971704a a67f6a40 967e5d33 74674524 48422814 23211108 0e0d0602 04040201 01010000 00000000 00000000
00000000 00000000 00000000 01000101 07000605 18011311 38032d27 5f094b40 7e146351 8e227056 94327552 9643764c 98557344 9c6a703b 9e7b6932 967e5c28 7a6c451c 544c2910 302b1307 16140702 08070201 02020000 00000000 00000000
00000000 00000000 00000000 01000101 05000504 12010f0c 2902241b 46073c2d 5d0f5039 6a195b3d 6f26603b 72336136 77445e30 815a5b29 8d705623 907a4d1c 80713c14 6258260d 40391406 211d0903 0d0b0301 04030100 01010000 00000000
00000000 00000000 00000000 01000100 03000302 0a000907 1701150f 27042419 35083020 3d0f3822 41173b21 45203c1e 4d2f3b1b 5f463a18 75603915 83713512 80702d0e 6b5f200a 4b431306 2a250903 110f0401 05040100 01010000 00000000
00000000 00000000 00000000 00000000 01000101 04000403 09000906 10020f0a 1603140d 1906180e 1c0a1a0e 21101b0c 2c1d1c0b 43351d0b 6051200b 7566220b 7a6b200a 6c5f1908 4f461105 2d280903 13100401 06050100 01010000 00000000
00000000 00000000 00000000 00000000 00000000 01000101 03000302 05000403 06010604 07020704 09040804 0e080904 1a140b04 332b0f05 52471306 6a5d1708 72631807 675b1507 4d440f05 2d270903 13100401 06050100 01010000 00000000
00000000 00000000 00000000 00000000 00000000 00000000 01000000 01000101 01000101 01000101 02010101 07050201 120f0501 29230903 453d0e05 5b501206 63571306 5b501106 453c0d04 28230803 110e0301 05040100 01010000 00000000
00000000 00000000 00000000 00000000 00000000 00000000 00000000 00000000 00000000 00000000 01010000 04030100 0d0b0301 1e1a0602 332d0a03 443c0d04 4a410e04 443c0d04 332d0a03 1e1a0602 0d0b0301 04030100 01010000 00000000
00000000 00000000 00000000 00000000 00000000 00000000 00000000 00000000 00000000 00000000 00000000 02020000 07060100 110f0301 1e1a0602 27220703 2b250803 27220703 1e1a0602 110f0301 07060100 02020000 00000000 00000000
00000000 00000000 00000000 00000000 00000000 00000000 00000000 00000000 00000000 00000000 00000000 01010000 03030100 07060100 0c0b0201 100e0301 12100301 100e0301 0c0b0201 07060100 03030100 01010000 00000000 00000000
00000000 00000000 00000000 00000000 00000000 00000000 00000000 00000000 00000000 00000000 00000000 00000000 01010000 02020000 04030100 05040100 05050100 05040100 04030100 02020000 01010000 00000000 00000000 00000000
scene blur_2_5 24 24
06010502 0a010803 0f020b04 13020e05 16031005 16031005 13020e05 0f020b04 0a010803 06010502 03000201 01000100 00000000 00000000 00000000 00000000 00000000 00000000 00000000 00000000 00000000 00000000 00000000 00000000
0a010802 11020d04 19031306 1f041808 23041b09 23041b09 1f041808 19031306 11020d04 0a010802 05010401 02000100 00000000 00000000 00000000 00000000 00000000 00000000 00000000 00000000 00000000 00000000 00000000 00000000
0e020b03 18031206 22041a09 2b06210b 3106250d 3206250d 2c06210c 23051a09 19031207 0f020b04 08020503 04010202 02010101 01010001 01010001 01010001 01010000 01000000 00000000 00000000 00000000 00000000 00000000 00000000
11020d04 1d041607 2a051f0b 3507280e 3d082d10 3d082d11 37072810 2d061f0d 2105160b 16030d08 0e030606 09030305 06030104 05030004 05030003 04030002 03020002 02020001 01010001 01010000 00000000 00000000 00000000 00000000
12020e04 1f041708 2d06210c 39072a0f 41083012 43083014 3e082a14 34072213 29061811 1e060e0e 1606080d 1107040b 0e07020a 0d080109 0b080108 0a070106 08060105 06050003 04030002 02020001 01010001 00000000 00000000 00000000
11020d04 1d041607 2b051f0b 37072810 40082d14 44082e17 41082919 3a082119 31091819 29090f18 220b0917 1e0d0515 1c0e0413 19100311 1710020f 140f020c 0f0c0209 0b0a0106 07060104 04040002 02020001 01010000 00000000 00000000
0e020b03 18031206 24041a0a 3006210f 3a072614 4008271a 4108241e 400a1e22 3c0c1724 380e1025 34120c25 32160924 30190721 2d1c061e 291c0619 221a0515 1b160410 1411030b 0d0b0207 07070104 04030102 01010001 00000000 00000000
0a010802 12020d05 1b031309 2604190e 30061d14 39071f1c 40091d24 450b1b2b 470f1731 49141335 4a1a1136 49210f34 47260e31 442a0d2c 3e2b0c26 34270a1f 2a220817 1e1a0611 1412040a 0b0a0206 06050103 02020101 01010000 00000000
06010502 0b010803 13020c07 1c03100c 27041414 3306171f 3f09192a 4a0d1935 5413193e 5b1a1944 60231946 622c1844 61341840 5c39163a 543a1432 48361229 392e0e1f 2a240a16 1b18070e 100e0408 08070204 03030101 01010000 00000000
03000201 07010402 0c010706 15020b0c 20030f15 30051321 4009182f 510f1c3d 61162049 6e202351 762c2554 7a372652 7941254d 74482346 6949203c 5a441c31 483a1625 352d101a 231f0b11 14130609 0a090305 04040102 01010000 00000000
01000100 03000202 08000405 1001070b 1c030c15 2e051323 420a1a33 58102243 6c192950 7c252f59 8732335d 8c40355c 8c4c3556 8754324d 7b562e42 6a502736 55451f29 3f36171d 2a250f12 1816090a 0c0c0505 05050202 01010100 00000000
00000000 02000101 06000304 0e01060a 1a020c14 2d051523 430a1f33 5b112a44 711b3452 83273c5b 9036415f 9645445d 97524457 915b414e 865e3b43 74583236 5e4c2829 463c1e1d 302a1413 1c1a0b0a 0f0e0605 06060302 02020100 00000000
00000000 01000001 05000304 0d01070a 19020d13 2c051821 420a2331 5a113041 701b3c4e 83284657 90374d5b 97465059 99545053 955e4c4a 8a62453f 795d3b33 64512f27 4c41231c 342e1712 201d0e0a 11100705 08070302 03030100 01010000
00000000 01000001 05000304 0c010709 17020e11 2905191e 3e09262c 5410343a 69194146 7b264c4e 88345251 9043564f 9352554a 915d5142 89624a38 7a5f402d 67553322 50452618 39321a10 24210f09 15130805 0a090402 04040101 01010000
00000000 01000001 04000303 0a010707 14020e0e 23041819 35082525 490e3230 5b163e3a 6b214941 772e5043 7f3d5342 854c533d 85584f36 815e482e 775d3e25 6755331c 53472614 3d361a0d 28241008 18160904 0c0b0402 05050201 02020000
00000000 01000001 03000202 08010606 10010c0b 1c031513 2b06201c 3a0b2c25 4912372d 561b4032 61274634 6a344932 7143492f 7650462a 76584123 705a391d 65542e16 54482410 4038190b 2c271006 1b180903 0e0d0401 06060201 02020100
00000000 01000001 02000202 06000504 0c010a08 1502110e 1f051914 2b08221b 360d2b20 41153324 4a1f3725 532b3a24 5c393b21 6446391e 6850351a 67542f15 61522811 53481f0c 41391608 2e290e05 1d1a0803 100e0401 07070201 03030100
00000000 00000000 02000101 04000303 08010705 0e020c09 1503120d 1c051811 24091e15 2c0f2317 34172718 3c222917 472f2b16 513c2a14 59472811 5c4d240f 594c1f0c 4f451909 40381306 2e290d04 1e1a0802 100f0401 08070201 03030100
00000000 00000000 01000101 02000201 04000403 08010705 0c020a07 10030e0a 1505120b 1a0a150d 2110180e 29191a0d 34241b0d 3f311c0c 493c1c0b 4f431a0a 4f441708 473e1307 3b330f05 2c270a03 1d190702 100e0401 08070201 03030100
00000000 00000000 00000000 01000101 02000201 04000402 06010504 08020705 0b030906 0e060b06 130b0d07 1a120e07 251c1007 30271107 3a301206 40371206 42391105 3d350e05 332c0b04 26220802 1a160502 0e0d0301 07060101 03030100
00000000 00000000 00000000 00000000 01000101 01000101 02000201 03010302 04020402 07040502 0b070603 100c0703 19140903 221d0a03 2c250b04 322b0b04 342d0b04 302a0a03 29240803 1f1b0602 15120401 0b0a0201 06050101 02020100
00000000 00000000 00000000 00000000 00000000 00000000 01000100 01000100 01010101 03020201 05040201 0a080301 100e0401 18150502 1f1a0602 231f0702 25210702 231f0702 1e1a0602 17140401 0f0d0301 09080200 04040100 02020000
00000000 00000000 00000000 00000000 00000000 00000000 00000000 00000000 00000000 01010000 03030100 06050100 0a090201 0f0d0301 14110401 17140401 18150401 17140401 14110401 0f0d0301 0a090201 06050100 03030100 01010000
00000000 00000000 00000000 00000000 00000000 00000000 00000000 00000000 00000000 01010000 02010000 03030100 06050100 08080200 0b0a0201 0d0c0201 0e0c0301 0d0c0201 0b0a0201 08080200 06050100 03030100 02010000 01010000
scene blur_4 24 24
0b010803 0d020a04 10020b05 11020c05 12020d06 13030d06 13030c06 12030b06 11030a06 0f030806 0d030705 0b030505 09030404 07030304 06030203 04020103 04020102 03020002 02020001 02010001 01010001 01010000 01000000 00000000
0d020a04 10020c05 13020d06 15030f07 17030f08 18030f08 18040f09 17040e09 16040c09 14040b09 12050808 0f050708 0d050507 0b050406 09040305 07040204 06040104 05030103 04030102 03020002 02020001 01010001 01010001 01010000
0f020b04 13020d06 16030f07 19031109 1b04110a 1c04120b 1d05110c 1d05100c 1c060f0c 1a060d0c 17070a0c 1507080b 1307060a 10070509 0e070408 0b070307 0a060206 08050105 06040104 05040103 03030102 02020001 02010001 01010001
11020c05 15030e07 19031009 1c04120a 1f04130c 2105140d 2206130f 23071210 22081111 21090f11 1e0a0d10 1c0a0b10 190b090f 160b070d 140a060c 110a040a 0e090308 0b080207 09070205 07050204 05040103 04030102 02020101 02010001
12020c06 16030f08 1b04110a 1f04130c 2205140e 25061511 28081513 29091514 290b1415 280c1216 270d0f16 240e0e15 220f0b14 1f0f0a12 1b0f0810 170e060e 140d050c 100b040a 0d0a0307 0a080306 07060204 05040103 03030102 02020101
12020c06 17030f09 1c04120b 2105140e 26061511 2a081714 2d091717 2f0b1719 310d161b 310f151c 3011131c 2e13111b 2b140f1a 28140d18 24140b15 1f130913 1b12080f 1610060d 120d050a 0e0b0407 0a080305 07060204 05040102 03030101
12020c07 17030f09 1d04110d 23051410 28071614 2d091817 320b191b 360e191e 38101920 39131822 39161722 38181522 361a1320 321a111e 2e1a0f1b 28190d17 23170b13 1d140910 1711070c 120e0609 0d0b0407 09080305 06050203 04030102
11020b07 17030e0a 1d04110e 23051412 2a071616 300a181a 360d1a1f 3b101b22 3f131c25 42171c27 421a1b28 421d1a28 401f1826 3c201623 37201420 311f111c 2b1c0f17 24190c13 1d160a0f 1711080b 110e0608 0c0a0405 08070304 05040202
10020a07 16030d0a 1c04100e 23061313 2a081618 320b191d 390e1c22 3f121d26 45161f2a 491a1f2c 4b1f1f2d 4b221e2d 4a251d2b 46261b28 41261824 3a25161f 3322131b 2b1f0f16 231a0d11 1b150a0d 14100709 0f0c0506 0a080304 06050203
0f020907 14030c0a 1a040f0e 22061213 2a081619 320b191e 3b0f1c24 42141f29 4919212d 4e1e2330 52232331 53272331 522a222f 4f2c202c 492c1d28 422b1a23 3a28171d 32241318 291e0f13 20190c0e 1813090a 110e0607 0c0a0404 08070303
0d010807 12020b0a 19040e0e 20061114 29081519 320c191f 3c101d25 4415212b 4c1b242f 53202632 57262734 592b2834 592f2732 5631252f 5131222a 4a301f25 412d1b1f 37281619 2e231214 241c0e0f 1b160a0b 14100707 0e0c0505 09080303
0c010707 1102090a 17030d0e 1f051113 28081519 310c191f 3b101e25 4516222b 4d1c2630 55222933 5a282a35 5d2e2b35 5e322b33 5b352930 5635262b 4f342225 46311e20 3c2c191a 32261514 281f100f 1e190c0b 16130807 0f0d0605 0a090403
0a010606 0f020809 15030c0d 1c051012 25081418 2f0c191e 39101e24 4316222a 4c1c272e 54232a32 5a292c34 5e2f2e34 5f342d32 5e372c2f 5938292a 52372525 4a34201f 402f1b19 35291614 2b22110f 211b0d0b 18140907 110e0605 0b0a0403
09010506 0d020808 12030b0c 1a050f11 22071316 2b0b181c 35101d22 3f152227 491c262b 51222a2e 58292d30 5c2f2e30 5e342e2f 5d372d2c 59392a28 53382623 4b35211d 41311c18 372a1713 2c23120e 221c0d0a 19150a07 120f0705 0c0a0403
07010405 0b010707 10020a0b 16040d0f 1e071214 270a1619 300f1c1e 3a142023 431b2527 4c21292a 52272c2c 572e2d2c 5a332d2a 59372c28 56382924 5138261f 4a35211b 40311c16 372b1711 2d24120d 231d0e09 1a160a06 12100704 0d0b0403
06010404 09010606 0e020809 13040c0d 1a061011 22091416 2b0d191a 34131e1e 3c192222 441f2625 4b252926 502b2b26 53312b25 54342a23 51362820 4d36241c 47342017 3e301b13 362a170f 2c24120c 231d0d08 1a160a06 13100704 0d0b0402
05000303 08010505 0b020708 10030a0b 16050e0f 1d081212 250c1716 2d111b19 35161f1d 3c1c221f 42222520 48282720 4b2d271f 4c31261e 4b33241b 47332117 42311d14 3b2e1910 3329150d 2a23110a 221c0c07 1a160905 12100604 0d0b0402
04000303 06010404 09010606 0d030909 12040c0c 1807100f 1e0a1412 250e1714 2c131b17 33191e19 391e211a 3e24221a 42282219 432c2218 432e2016 402f1d13 3c2e1a10 362b160d 2f26130b 28210f08 201b0b06 18150804 120f0603 0d0b0402
03000202 05010303 07010505 0a020707 0e040a09 13060d0b 1808100d 1e0c1310 24101612 2a151913 2f1a1b14 341f1c14 37231d13 3a271c13 3a291b11 382a190f 3529160d 3026130a 2a231008 241e0d07 1d190a05 17130703 100e0503 0c0a0301
02000202 04000302 05010403 08010605 0b030806 0e040a08 12070d0a 170a0f0b 1c0d110d 2111130e 2515150f 2a1a160f 2d1e170e 3021170e 3023160c 2f24140b 2d241209 29221008 251f0e06 201a0b05 1a160804 14110603 0f0d0502 0b090301
02000101 02000202 04010302 05010403 08020604 0a030706 0d050907 11070b08 150a0d09 190e0e0a 1d11100a 2115110a 2418110a 261b110a 271d1109 271e1008 261e0e07 231d0c06 1f1a0b05 1b170904 16130703 110f0502 0d0b0402 09080201
01000101 02000101 02000202 04010302 05010403 07020504 09040704 0c060805 0f080906 120b0a06 150d0c07 19110c07 1b130d07 1e160d07 1f180d06 1f190c05 1e190b05 1c180904 1a160803 16130703 12100502 0f0d0401 0b090301 08070201
01000100 01000101 02000101 02000201 03010302 05020302 06030403 08040503 0a060604 0d080704 0f0a0804 120d0804 140f0904 16110904 17130904 18130803 18130803 16130703 14110602 120f0502 0f0d0401 0c0a0301 09080201 06060101
00000000 01000100 01000101 01000101 02010201 03010201 04020301 05030302 07040402 09060402 0b070503 0d090503 0f0b0602 100d0603 110e0602 120f0602 120f0502 110e0502 0f0d0401 0e0c0401 0b0a0301 09080201 07060201 05040100
scene blur_0_3 24 24
00000000 00000000 00000000 2f06230c 2f06230c 2f06230c 2f06230c 01000001 01000001 00000000 01000001 01000000 01010001 01000000 00000000 01010001 01010000 00000000 00000000 00000000 00000000 00000000 00000000 00000000
00000000 00000000 00000000 3f082f10 3f082f10 3f082f10 3f082f10 04000004 03000002 02000002 03010003 02010002 04020003 03020002 02020001 03030002 02020001 00000000 00000000 00000000 00000000 00000000 00000000 00000000
00000000 00000000 00000000 4d0a3a13 4d0a3a13 4d0a3a13 4d0a3a13 09000109 06010006 06010105 08030006 05020004 09050107 06040004 06050104 08070004 05050003 00000000 00000000 00000000 00000000 00000000 00000000 00000000
00000000 00000000 00000000 560b4116 560b4116 560b4116 560b4116 12000211 0c01010b 0d03020b 0f05010c 0c050209 120a020d 0c080108 0d0a0208 0f0d0108 0c0c0206 00000000 00000000 00000000 00000000 00000000 00000000 00000000
00000000 00000000 00000000 590b4316 590b4316 590b4316 590b4316 1e00031d 16020314 18050414 19080314 1509040f 1e110315 160f030e 1812040e 1916030e 1515040a 00000000 00000000 00000000 00000000 00000000 00000000 00000000
00000000 00000000 00000000 560b4116 560b4116 560b4116 560b4116 2e00062c 2404071f 2608081f 280d061f 230f0719 2e1a0620 24180716 261d0816 28230615 23230710 00000000 00000000 00000000 00000000 00000000 00000000 00000000
00000000 00000000 00000000 4d0a3a13 4d0a3a13 4d0a3a13 4d0a3a13 42000c3e 35060c2e 380c0d2e 3a130c2d 34170d24 42250c2d 35230c20 382c0d1f 3a330c1e 34340d17 00000000 00000000 00000000 00000000 00000000 00000000 00000000
00000000 00000000 00000000 3f082f10 3f082f10 3f082f10 3f082f10 57001450 4808143d 4d11153d 4e1a143b 48201531 5730143a 4830142b 4d3c152a 4e451427 4848151f 01000000 01000000 00000000 00000000 00000000 00000000 00000000
00000000 00000000 00000000 2f06230c 2f06230c 2f06230c 2f06230c 6b001e60 5c0a1e4c 6215204c 61201e47 5c291f3e 6b3b1e45 5c3d1e35 634d1f33 62571e2f 5d5d1e27 02020000 02020000 00000000 00000000 00000000 00000000 00000000
00000000 00000000 00000000 1f041808 1f041808 1f041808 1f041808 7d002a6e 6d0c2959 741a2b59 73262a52 6f312b49 7d452a4e 6d49293d 775d2a3b 77692935 7170292c 05040100 05040100 00000000 00000000 00000000 00000000 00000000
00000000 00000000 00000000 13020e05 13020e05 13020e05 13020e05 8a003777 7b0d3462 821d3761 812b365a 7d373650 8a4d3753 7b523443 886b3540 89793539 82813330 0a090201 0a090201 00000000 00000000 00000000 00000000 00000000
00000000 00000000 00000000 0a010803 0a010803 0a010803 0a010803 91004279 820e3c65 8b1f4365 892e415d 853b4053 91504254 82563c44 97773f41 9785403a 8f8d3c31 12100301 12100301 00000000 00000000 00000000 00000000 00000000
00000000 00000000 00000000 04010301 04010301 04010301 04010301 90004b75 800e4262 8c1f4b63 892e485a 863c4851 90504b50 80564242 a07f483f 9f8d4838 9895422f 1c190502 1c190502 00000000 00000000 00000000 00000000 00000000
00000000 00000000 00000000 01000100 01000100 01000100 01000100 88004f6b 780d435a 851d4f5b 812b4b52 80394b4b 884b4f49 7850433b a3834c39 a3904c33 9c97452a 29240803 29240803 00000000 00000000 00000000 00000000 00000000
00000000 00000000 00000000 00000000 00000000 00000000 00000000 79004d5d 6a0c3f4e 781a4e50 73264948 72334941 79434d3e 6a463f33 a2834c31 a28f4b2c 9a934424 36300a03 36300a03 00000000 00000000 00000000 00000000 00000000
00000000 00000000 00000000 00000000 00000000 00000000 00000000 6700474d 570a383f 66164842 6120423b 612b4335 67394733 573a3828 9c804729 9c894624 948c401e 433a0c04 433a0c04 00000000 00000000 00000000 00000000 00000000
00000000 00000000 00000000 00000000 00000000 00000000 00000000 52003d3c 43072e2f 52123e34 4d1a372d 4d223929 522e3d27 432d2e1e 92794020 91803e1d 8b813917 4c430e05 4c430e05 00000000 00000000 00000000 00000000 00000000
00000000 00000000 00000000 00000000 00000000 00000000 00000000 3d00302c 30052321 3e0e3226 38132b20 3a1a2e1e 3d22301c 30202315 856f3618 83733315 7e743011 52480f05 52480f05 00000000 00000000 00000000 00000000 00000000
00000000 00000000 00000000 00000000 00000000 00000000 00000000 2a00231e 1f031815 2b09251a 260d1e15 28122214 2a172313 1f15180d 74622b11 7264280f 6f65260d 52480f05 52480f05 00000000 00000000 00000000 00000000 00000000
00000000 00000000 00000000 00000000 00000000 00000000 00000000 1b001713 13020f0c 1b061810 1808140d 190b160c 1b0f170c 130c0f08 6153200c 60541e0b 5e541d09 4c430e05 4c430e05 00000000 00000000 00000000 00000000 00000000
00000000 00000000 00000000 00000000 00000000 00000000 00000000 0f000e0b 0a010806 10040f09 0d040b07 0f070e07 0f090e07 0a070804 4f441708 4d431507 4c441506 433a0c04 433a0c04 00000000 00000000 00000000 00000000 00000000
00000000 00000000 00000000 00000000 00000000 00000000 00000000 08000705 05000403 09020805 06020603 08030704 08040703 05030402 3c341005 3b340e05 3b340f04 36300a03 36300a03 00000000 00000000 00000000 00000000 00000000
00000000 00000000 00000000 00000000 00000000 00000000 00000000 03000302 02000201 04010302 02010201 03020302 03020301 02010201 2b260a03 2b250903 2b260a03 29240803 29240803 00000000 00000000 00000000 00000000 00000000
00000000 00000000 00000000 00000000 00000000 00000000 00000000 01000100 00000000 01000100 01000100 01000100 01000100 00000000 1d190602 1d190602 1d190602 1c190502 1c190502 00000000 00000000 00000000 00000000 00000000
scene blur_clip 24 24
00000000 00000000 00000000 00000000 00000000 00000000 00000000 00000000 00000000 00000000 00000000 00000000 00000000 00000000 00000000 00000000 00000000 00000000 00000000 00000000 00000000 00000000 00000000 00000000
00000000 00000000 00000000 00000000 00000000 00000000 00000000 00000000 00000000 00000000 00000000 00000000 00000000 00000000 00000000 00000000 00000000 00000000 00000000 00000000 00000000 00000000 00000000 00000000
00000000 00000000 00000000 00000000 00000000 00000000 00000000 00000000 00000000 00000000 00000000 00000000 00000000 00000000 00000000 00000000 00000000 00000000 00000000 00000000 00000000 00000000 00000000 00000000
00000000 00000000 00000000 00000000 00000000 00000000 00000000 00000000 00000000 00000000 00000000 00000000 00000000 00000000 00000000 00000000 00000000 00000000 00000000 00000000 00000000 00000000 00000000 00000000
00000000 00000000 00000000 00000000 00000000 00000000 00000000 00000000 00000000 00000000 00000000 00000000 00000000 00000000 00000000 00000000 00000000 00000000 00000000 00000000 00000000 00000000 00000000 00000000
00000000 00000000 00000000 00000000 00000000 00000000 00000000 00000000 00000000 00000000 00000000 00000000 00000000 00000000 00000000 00000000 00000000 00000000 00000000 00000000 00000000 00000000 00000000 00000000
00000000 00000000 00000000 00000000 00000000 39072118 3b091f1b 3b0a1c1e 390c1720 360e1220 32100d20 2e130a1f 2a14071d 2616051a 22150416 1d140312 1811030f 120e020b 00000000 00000000 00000000 00000000 00000000 00000000
00000000 00000000 00000000 00000000 00000000 3407181c 3a0a1822 3f0d1628 4311142c 45151230 461a0f31 441e0d30 42210c2d 3d240a29 37230924 3021071e 271d0618 1f180512 00000000 00000000 00000000 00000000 00000000 00000000
00000000 00000000 00000000 00000000 00000000 31071221 3c0b132a 46101432 4f16153a 571d153f 5c241542 5d2a1441 5b30143e 57331239 4f321132 44300e29 392a0c21 2c230919 00000000 00000000 00000000 00000000 00000000 00000000
00000000 00000000 00000000 00000000 00000000 31081025 400d1431 4f13173c 5d1b1b45 69241e4c 712d1f50 75362050 743d204c 6f411e46 65411c3d 583d1833 49361428 392d101f 00000000 00000000 00000000 00000000 00000000 00000000
00000000 00000000 00000000 00000000 00000000 34091328 450e1935 57151f42 691f254c 772a2a55 82352e59 873f3059 87473055 824c2e4e 764c2a44 67482539 56401e2d 43351822 00000000 00000000 00000000 00000000 00000000 00000000
00000000 00000000 00000000 00000000 00000000 36091829 490f2036 5c172943 6f21324e 7f2d3956 8b393e5a 9144415a 914d4156 8c533e4f 80533845 714f3139 5e46292d 4a3b2022 00000000 00000000 00000000 00000000 00000000 00000000
00000000 00000000 00000000 00000000 00000000 36091d27 490f2833 5c17323f 6f213c4a 802d4552 8c3a4b55 93454e55 934f4e51 8f554b4a 84564440 74523c35 624a312a 4e3e2720 00000000 00000000 00000000 00000000 00000000 00000000
00000000 00000000 00000000 00000000 00000000 32092023 440e2b2d 56163738 68204241 782b4c48 8437524b 8b43564b 8e4d5547 8a545141 81564b38 7453412e 634c3625 51412b1c 00000000 00000000 00000000 00000000 00000000 00000000
00000000 00000000 00000000 00000000 00000000 2b071f1c 3a0c2a25 4a13352e 5a1c4035 6827493b 7432503d 7c3d533d 80485339 7f4f4f34 7953492d 6f514026 614b351e 51422a16 00000000 00000000 00000000 00000000 00000000 00000000
00000000 00000000 00000000 00000000 00000000 22061b15 2e09241c 3b0f2d23 48173728 54203f2c 5f2b452e 6836482e 6d41482b 70494527 6d4e4022 674e381c 5d4a2f16 50422611 00000000 00000000 00000000 00000000 00000000 00000000
00000000 00000000 00000000 00000000 00000000 1804140f 20071b13 2a0b2217 3411291b 3e192f1e 4823341f 512d371f 5938371d 5e41361b 5f473318 5e492d14 57472610 4e41200d 00000000 00000000 00000000 00000000 00000000 00000000
00000000 00000000 00000000 00000000 00000000 0e020d09 1404110b 1a08150e 210c1a10 29131f12 321b2213 3b242413 442f2512 4b382511 503f240f 5242210d 4f421d0b 483d1809 00000000 00000000 00000000 00000000 00000000 00000000
00000000 00000000 00000000 00000000 00000000 07010604 0a020905 0e050b07 12080e08 180d1109 20141309 291c150a 32261609 3a2e1709 41351709 453a1608 443a1407 40371206 00000000 00000000 00000000 00000000 00000000 00000000
00000000 00000000 00000000 00000000 00000000 03000302 04010402 06030503 09050603 0e090804 140e0904 1c150a05 241d0c04 2c250d05 332b0e05 382f0e05 38300d04 362e0c04 00000000 00000000 00000000 00000000 00000000 00000000
00000000 00000000 00000000 00000000 00000000 00000000 00000000 00000000 00000000 00000000 00000000 00000000 00000000 00000000 00000000 00000000 00000000 00000000 00000000 00000000 00000000 00000000 00000000 00000000
00000000 00000000 00000000 00000000 00000000 00000000 00000000 00000000 00000000 00000000 00000000 00000000 00000000 00000000 00000000 00000000 00000000 00000000 00000000 00000000 00000000 00000000 00000000 00000000
00000000 00000000 00000000 00000000 00000000 00000000 00000000 00000000 00000000 00000000 00000000 00000000 00000000 00000000 00000000 00000000 00000000 00000000 00000000 00000000 00000000 00000000 00000000 00000000
00000000 00000000 00000000 00000000 00000000 00000000 00000000 00000000 00000000 00000000 00000000 00000000 00000000 00000000 00000000 00000000 00000000 00000000 00000000 00000000 00000000 00000000 00000000 00000000
scene blur_scale 24 24
00000000 00000000 00000000 00000000 00000000 00000000 00000000 00000000 00000000 00000000 00000000 00000000 00000000 00000000 00000000 00000000 00000000 00000000 00000000 00000000 00000000 00000000 00000000 00000000
00000000 00000000 00000000 00000000 00000000 00000000 00000000 00000000 00000000 00000000 00000000 00000000 00000000 00000000 00000000 00000000 00000000 00000000 00000000 00000000 00000000 00000000 00000000 00000000
00000000 00000000 00000000 01000100 03000201 05010401 08010602 0c020903 0f020c04 12020d04 13020e05 13020e05 12020d04 0f020c04 0c020903 08010602 05010401 03000201 01000100 00000000 00000000 00000000 00000000 00000000
00000000 00000000 00000000 02000200 05010401 0a010803 11020d04 18031206 1f041708 24041b09 26051d0a 26051d0a 24041b09 1f041708 18031206 11020d04 0a010803 05010401 02000200 00000000 00000000 00000000 00000000 00000000
00000000 00000000 01000100 04010301 09010702 11020d04 1d041507 29051f0a 3407270d 3d082e0f 41083110 41083110 3d082e0f 3407270d 29051f0a 1d041507 11020d04 09010702 04010301 01000100 00000000 00000000 00000000 00000000
00000000 00000000 01000100 05010401 0d020903 19031306 29051f0a 3b072c0f 4b093813 570b4216 5e0c4718 5e0c4718 570b4216 4b093813 3b072c0f 29051f0a 19031306 0d020903 05010401 01000100 00000000 00000000 00000000 00000000
00000000 00000000 01000100 06010501 10020c04 20041808 3406270d 4a093813 5f0c4718 6f0e531c 770f591e 770f591e 6f0e531c 5f0c4718 4b093814 3506270e 21041809 11020c05 08010503 03000102 01000001 01000001 00000000 00000000
00000000 00000000 02000101 07010602 12020d04 24041b09 3b072c0f 540b3f15 6b0d511b 7d105e1f 86116522 86116522 7e105e20 6d0d511d 570b3f18 3f072c13 29051b0e 17030d09 0c020607 07010105 05010005 05020004 00000000 00000000
00000000 00000000 02000101 07010602 12020d04 24041b09 3b072c0f 540b3f15 6b0d511b 7d105e1f 86116522 87116523 7f105e22 700e5120 5b0b3f1d 45082c18 30051b15 1f030e11 1403060e 0f02010c 0d03000b 0d04000b 00000000 00000000
00000000 00000000 01000100 06010501 10020c04 20041808 3406270d 4a093813 5f0c4718 6f0e531c 770f591e 790f5920 730e5320 680c4821 590a3821 48072820 3705191f 2a040d1c 2105061a 1c050218 1a070117 1a080116 00000000 00000000
00000000 00000000 01000100 05010401 0d020903 19031306 29051f0a 3b072c0f 4b093813 570b4216 5e0c4718 610c471b 600b421e 5b0a3922 54082d27 4b07212b 4206152d 39060c2d 3307072b 3009042a 2e0c0328 2f0f0327 00000000 00000000
00000000 00000000 01000100 04010301 09010702 11020d04 1d041507 29051f0a 3407270d 3d082e0f 42083111 46083115 48082f1b 4b072923 4d06212d 4e061936 4e06123d 4c080c40 4a0a0940 480e073e 4712073c 4716073b 00000000 00000000
00000000 00000000 00000000 02000200 05010401 0a010803 11020d04 18031206 1f041708 24041b09 28051d0b 2d051d10 33041c18 3c041a24 48041733 52051442 5b07124d 600a0f54 620e0f55 62130e54 62180e51 621e0e4f 00000000 00000000
00000000 00000000 00000000 01000100 03000201 05010401 08010602 0c020903 0f020c04 12020d04 15020f07 1b020f0c 24021016 33031125 45031238 5805134b 6808155b 730c1664 78111767 7a181867 7b1f1864 7b261862 00000000 00000000
00000000 00000000 00000000 00000000 01000100 02000201 03000301 05010401 06010502 07010502 0a010604 1001070a 1b010a14 2e010d26 4503113b 5d051752 73091c64 830e2070 8c142375 901c2575 91242573 912d2570 00000000 00000000
00000000 00000000 00000000 00000000 00000000 01000000 01000100 01000100 02000100 02000100 04000202 0a000408 16000713 2b010d25 4502153c 61051e53 7a0a2767 8d0f2d76 9817327c 9e1f357d a028367b a1313677 00000000 00000000
00000000 00000000 00000000 00000000 00000000 00000000 00000000 00000000 00000000 00000000 02000102 08000307 15000812 2a011023 44021b3a 62052651 7d0a3266 92103b75 9f18417c a621457e a82a467c a9344678 00000000 00000000
00000000 00000000 00000000 00000000 00000000 00000000 00000000 00000000 00000000 00000000 02000102 08000407 14000a11 29011421 43032136 60052f4d 7c0a3d61 91104870 9e184f77 a6215379 a92b5577 aa345574 00000000 00000000
00000000 00000000 00000000 00000000 00000000 00000000 00000000 00000000 00000000 00000000 02000101 08000506 13000b0f 2701171e 40022532 5c053546 760a4559 8b105067 9817586e 9f205d6f a3295f6e a3325f6a 00000000 00000000
00000000 00000000 00000000 00000000 00000000 00000000 00000000 00000000 00000000 00000000 02000101 07000505 12000c0d 2401181b 3b02272c 5405383e 6b09474e 7e0e535a 8a155b60 911d5f62 95266261 962e635d 00000000 00000000
00000000 00000000 00000000 00000000 00000000 00000000 00000000 00000000 00000000 00000000 02000101 06000505 10000c0b 1f011717 33022525 48043434 5c074341 6c0c4e4b 76125550 7c195951 7f205b50 80275c4d 00000000 00000000
00000000 00000000 00000000 00000000 00000000 00000000 00000000 00000000 00000000 00000000 01000101 05000404 0d000a09 1a001412 2a01201d 3b032d29 4a063933 560a433a 5e0e493e 63144c3e 651a4e3e 661f4f3c 00000000 00000000
00000000 00000000 00000000 00000000 00000000 00000000 00000000 00000000 00000000 00000000 00000000 00000000 00000000 00000000 00000000 00000000 00000000 00000000 00000000 00000000 00000000 00000000 00000000 00000000
00000000 00000000 00000000 00000000 00000000 00000000 00000000 00000000 00000000 00000000 00000000 00000000 00000000 00000000 00000000 00000000 00000000 00000000 00000000 00000000 00000000 00000000 00000000 00000000
scene blur_alpha 24 24
02000201 05010401 08010602 0a010802 0c010903 0c010903 0a010802 08010602 05010401 02000201 01000100 00000000 00000000 00000000 00000000 00000000 00000000 00000000 00000000 00000000 00000000 00000000 00000000 00000000
05010401 09010702 0e020b04 14020e05 17031105 17031105 14020e05 0e020b04 09010702 05010401 02000101 01000000 00000000 00000000 00000000 00000000 00000000 00000000 00000000 00000000 00000000 00000000 00000000 00000000
07010502 0e020a04 16031105 1e041607 23041a08 23041a08 1e041607 16031105 0e020a04 07010502 03010201 01000100 00000000 00000000 00000000 00000000 00000000 00000000 00000000 00000000 00000000 00000000 00000000 00000000
09010702 12020d04 1c041607 26051d0a 2c05210b 2c05210b 26051d0a 1d041608 13020d05 0a010703 05010302 02010101 01010001 01010001 01010001 01010001 01010001 01010000 00000000 00000000 00000000 00000000 00000000 00000000
0a010702 13020e05 1f041708 29051f0b 3106240d 3106240d 2b051f0d 2204170b 17030e08 0e020707 09020305 06020104 05030004 05030004 04030003 04030002 03020002 02020001 01010001 01010001 00000000 00000000 00000000 00000000
09010702 12020d04 1d041607 27051d0a 2e05220d 3006220e 2c051d0f 2505160e 1c040e0d 1404070c 1005040b 0e06010a 0d07010a 0c080108 0b080107 0a070106 07060104 05040103 03020002 01010001 01010000 00000000 00000000 00000000
07010502 0e020a04 17031106 1f041709 26051a0c 2a051b10 29051712 26051314 22060d15 1e070815 1c0a0514 1a0b0314 1a0e0313 19100211 1710020e 130f020b 0e0c0208 0a090105 06050103 03030102 01010001 00000000 00000000 00000000
05010401 09010702 0f020b04 16020f07 1d03120b 22041310 26041116 29060f1a 2a080c1f 2b0b0920 2b0f0821 2b130720 2b17071d 291a061a 251b0617 20190513 1914040e 110f0309 0a090205 05050102 02020101 01010000 00000000 00000000
02000201 05010401 08010603 0e010806 14020a0a 1c030c11 25040d1a 2c070d22 340a0d28 390f0d2c 3c150d2d 3d1c0d2c 3d210d29 3a250c25 35260b20 2e230a1a 231d0813 1916050d 0f0d0307 07070204 03030101 01010001 00000000 00000000
01000100 02000101 04010202 08010405 0f01060a 19020913 25040c1d 32080f28 3d0d1131 46131336 4c1b1437 4e231536 4d2b1532 4a2f142e 44311327 3a2e1020 2e260d17 201c0910 13110509 0a090304 04040102 01010001 00000000 00000000
00000000 01000100 02000101 06000204 0d01050a 19020914 28040e20 3708142c 460e1936 51161d3c 581f1f3e 5b29203d 5b322038 57381f32 503a1c2b 45361823 362d131a 26220d11 1715080a 0b0b0405 05040202 01010101 00000000 00000000
00000000 00000000 01000101 05000204 0d01050a 19020b14 29051220 3a091a2c 4a102137 5618273d 5e222a3f 612c2b3d 62352b39 5e3d2933 573f262b 4b3b2023 3b321a1a 2a251211 1a180b0a 0d0d0505 06050202 02020101 00000000 00000000
00000000 00000000 01000101 05000304 0d01070a 19020e13 2905161f 3a09202a 4a102934 56182f3a 5e22333b 622c353a 62373535 603e322f 59412e28 4e3e2720 3f351f18 2e281610 1d1a0d0a 100e0705 07070302 02020101 01010000 00000000
00000000 00000000 01000101 05000304 0b010708 17020f11 2604181b 36082326 450e2c2e 50163434 58203835 5c2a3a33 5e34392f 5c3d3729 58403223 4f3e2b1c 41372215 312b180e 201d0f08 13110804 09080402 04030101 01010000 00000000
00000000 00000000 01000101 04000303 0a010707 14020e0e 20041716 2e07221f 3b0d2b26 4513322a 4c1c362b 50253829 532f3726 54383521 533e311c 4c3d2a17 41372211 332c180b 23200f07 16130804 0b0a0401 05040101 01010000 01000000
00000000 00000000 01000101 03000202 08010605 10010d0b 1a031411 24061d17 2e0a251d 370f2b20 3c172e20 411f301f 4629301c 49322e19 4b392b16 493b2511 41371e0d 352e1609 27220e05 19160803 0e0c0401 06050201 02020100 01010000
00000000 00000000 01000101 02000202 05000504 0b010907 12020f0b 19041610 20071c14 260b2016 2b112316 31192515 37222513 3d2c2311 4234220f 43381e0c 4037190a 362f1307 29240d05 1c180802 100e0401 08070201 02020100 01010000
00000000 00000000 01000000 01000101 03000302 07010604 0b010a07 0f020e09 1404110b 1707140d 1c0b160d 2112180d 281a180b 3125190a 382d180a 3d331608 3b341307 352e1005 29240b04 1d190702 110f0401 08070201 03030100 01010000
00000000 00000000 00000000 01000101 02000101 03000302 05010503 08010704 0a020905 0c040a06 0f070c06 140c0d07 1c140e06 251d0f06 2e261006 342c1005 352e0e05 312a0c04 27220903 1c180602 100e0401 08070201 03030100 01010000
00000000 00000000 00000000 00000000 01000101 01000101 02000201 03010302 04010402 05020402 07040502 0c080602 130f0703 1c170803 251f0a04 2b250a04 2c270a03 29240903 221d0702 18150501 0e0d0301 07060101 02020100 01010000
00000000 00000000 00000000 00000000 00000000 00000000 01000100 01000101 01000101 02010101 04020201 07050201 0d0a0301 14110501 1b170602 201c0702 221e0702 201c0702 1a170502 13100401 0b0a0201 05050101 02020100 01010000
00000000 00000000 00000000 00000000 00000000 00000000 00000000 00000000 00000000 01000000 01010000 04040100 08070101 0d0b0201 13100401 16130401 18150401 16130401 13100401 0d0b0201 08070101 04040100 01010000 01000000
00000000 00000000 00000000 00000000 00000000 00000000 00000000 00000000 00000000 00000000 01010000 02020100 05040100 08070101 0b0a0201 0d0b0201 0e0d0201 0d0b0201 0b0a0201 08070101 05040100 02020100 01010000 00000000
00000000 00000000 00000000 00000000 00000000 00000000 00000000 00000000 00000000 00000000 01010000 01010000 02020100 04040100 05050101 07060101 07060101 07060101 05050101 04040100 02020100 01010000 01010000 00000000
scene blur_12 32 32
0a040505 0b040505 0b040606 0c050606 0c050606 0d050606 0d050606 0d060607 0d060607 0e060607 0e060707 0e060607 0e060607 0d060607 0d060606 0d060606 0d060606 0c060506 0c060506 0b060505 0b060505 0a050405 09050404 09050404 08050304 07040303 07040303 06040303 05030202 05030202 04030202 04020202
0b040505 0b040606 0c050606 0d050606 0d050606 0d060707 0e060707 0e060707 0e060707 0e070707 0f070707 0f070707 0f070707 0e070707 0e070707 0e070607 0d070607 0d070606 0d060606 0c060506 0b060505 0b060505 0a060405 09050404 09050404 08050304 07040303 07040303 06040203 05030202 05030202 04030202
0b040606 0c050606 0d050606 0d050707 0e060707 0e060707 0f060707 0f060707 0f070707 0f070708 10070708 10070708 0f070707 0f070707 0f070707 0f070707 0e070707 0e070607 0d070606 0d070606 0c060506 0b060505 0b060505 0a060405 09050404 08050404 08050304 07040303 06040303 06040202 05030202 04030202
0c040606 0d050606 0d050707 0e060707 0e060707 0f060707 0f070708 10070808 10070808 10070808 10080808 10080808 10080808 10080808 10080708 10080707 0f080707 0f080707 0e070607 0d070606 0d070606 0c070506 0b060505 0b060505 0a060404 09050404 08050304 07050303 07040303 06040203 05030202 05030202
0c050606 0d050707 0e060707 0e060707 0f060707 10070808 10070808 11070808 11080808 11080808 11080808 11080808 11080808 11080808 11080808 10080808 10080708 0f080707 0f080707 0e080607 0d070606 0d070606 0c070506 0b060505 0a060405 09060404 09050404 08050304 07040303 06040303 06040202 05030202
0d050606 0e050707 0e060707 0f060707 10070808 10070808 11070808 11080808 11080808 12080809 12080909 12090809 12090808 12090808 11090808 11090808 11090808 10080708 0f080707 0f080707 0e080607 0d080606 0d070606 0c070505 0b060505 0a060404 09060404 08050404 07050303 07040303 06040203 05030202
0d050707 0e060707 0f060707 0f070808 10070808 11070808 11080808 12080909 12080909 12090909 12090909 12090909 12090909 12090909 12090808 12090808 11090808 11090808 10090707 0f080707 0f080707 0e080606 0d080606 0c070505 0b070505 0a060405 0a060404 09050404 08050303 07040303 06040303 05040202
0d050707 0e060707 0f060807 10070808 10070808 11080808 12080909 12080909 12090909 13090909 13090909 13090909 13090909 13090909 13090909 12090808 12090808 11090808 11090708 10090707 0f080707 0e080606 0d080606 0d070506 0c070505 0b060505 0a060404 09060404 08050303 07050303 06040303 06040202
0e050707 0e060707 0f060808 10070808 11070808 11080909 12080909 13090909 13090909 13090909 13090909 130a0909 130a0909 130a0909 130a0909 130a0909 120a0808 120a0808 11090808 10090707 0f090707 0f080607 0e080606 0d080606 0c070505 0b070505 0a060404 09060404 08050303 07050303 06040303 06040202
0e060707 0f060707 10070808 10070808 11080808 12080909 12080909 13090909 13090909 13090909 140a0909 140a0909 140a0909 130a0909 130a0909 130a0909 120a0809 120a0808 11090808 11090708 10090707 0f090707 0e080606 0d080606 0c070505 0b070505 0a060404 09060404 08050304 08050303 07040303 06040203
0e060707 0f060707 10070808 10070808 11080808 12080909 13090909 13090909 13090909 140a0909 140a0909 140a0909 140a0909 140a0909 140a0909 130a0909 130a0909 120a0808 120a0808 11090808 10090707 0f090707 0e090606 0d080606 0c070505 0b070505 0b070404 09060404 08050404 08050303 07040303 06040303
0e060707 0f060707 10070808 10070808 11080808 12080909 13090909 13090909 13090909 140a0909 140a0a09 140a0909 140a0909 140a0909 140a0909 130a0909 130a0909 120a0808 120a0808 110a0808 10090707 0f090707 0e090606 0d080606 0c080505 0c070505 0b070404 0a060404 09060404 08050303 07050303 06040303
0e060707 0f060707 10070808 10070808 11080808 12080909 13090909 13090909 13090909 140a0909 140a0a09 140a0909 140a0909 140a0909 140a0909 130a0909 130a0909 120a0808 120a0808 110a0808 10090707 0f090707 0e090606 0e080606 0d080505 0c070505 0b070404 0a060404 09060404 08050303 07050303 06040303
0e060707 0f060707 10070808 10070808 11080808 12080909 12090909 13090909 13090909 140a0909 140a0909 140a0909 140a0909 140a0909 140a0909 130a0909 130a0908 120a0808 120a0808 110a0807 10090707 0f090707 0e090606 0e080606 0d080505 0c070505 0b070404 0a060404 09060404 08050303 07050303 06040303
0d060707 0e060707 0f070807 10070808 11080808 11080908 12090909 13090909 13090909 130a0909 140a0909 140a0909 140a0909 140a0909 130a0909 130a0909 130a0808 120a0808 120a0808 110a0807 10090707 0f090706 0e090606 0d080606 0c080505 0c070505 0b070404 0a060404 09060403 08050303 07050303 06040302
0d060707 0e060707 0f070707 10070808 10080808 11080808 12090908 12090909 13090909 130a0909 130a0909 130a0909 130a0909 130a0909 130a0909 130a0908 120a0808 120a0808 110a0808 110a0707 10090707 0f090706 0e090606 0d080606 0c080505 0b070505 0b070404 0a060404 09060403 08050303 07050303 06040302
0d060606 0e060707 0f070707 0f070807 10080808 11080808 12090808 12090908 12090908 130a0909 130a0909 130a0909 130a0909 130a0908 130a0908 120a0808 120a0808 120a0808 110a0807 100a0707 10090707 0f090606 0e090606 0d080605 0c080505 0b070505 0a070404 09060404 08060303 08050303 07050303 06040302
0c050606 0d060707 0e060707 0f070707 10080707 10080808 11080808 11090808 12090808 12090808 120a0908 120a0908 120a0908 120a0908 120a0808 120a0808 120a0808 110a0807 110a0707 10090707 0f090706 0f090606 0e090606 0d080505 0c080505 0b070504 0a070404 09060404 08060303 07050303 07050303 06040202
0c050606 0d060606 0e060707 0e070707 0f070707 10080807 10080808 11080808 11090808 11090808 12090808 120a0808 120a0808 120a0808 120a0808 110a0808 110a0807 110a0707 10090707 0f090707 0f090706 0e090606 0d080605 0c080505 0c070505 0b070504 0a060404 09060404 08050303 07050303 06040303 06040202
0b050606 0c060606 0d060606 0e070707 0e070707 0f080707 10080807 10080807 10090808 11090808 11090808 11090808 11090808 110a0808 110a0807 11090807 10090707 10090707 10090707 0f090706 0e090606 0e080606 0d080605 0c080505 0b070504 0a070404 0a060404 09060403 08050303 07050303 06040302 06040202
0b050505 0c050606 0c060606 0d060606 0e070706 0e070707 0f080707 10080707 10080707 10090807 10090807 10090807 10090807 10090807 10090707 10090707 10090707 0f090706 0f090706 0e090606 0e080606 0d080605 0c080505 0c070505 0b070504 0a060404 09060403 08060403 07050303 07050303 06040302 05040202
0a050505 0b050605 0c060606 0c060606 0d070606 0e070706 0e070706 0f080707 0f080707 0f080707 10090707 10090707 10090707 10090707 10090707 0f090706 0f090706 0f090706 0e080606 0e080606 0d080605 0c080505 0c080505 0b070504 0a070404 0a060404 09060403 08050303 07050303 07050302 06040202 05040202
0a040505 0a050505 0b050505 0c060605 0c060606 0d070606 0d070606 0e070706 0e080706 0e080706 0f080706 0f080706 0f080706 0f080706 0f080706 0e080706 0e080606 0e080606 0d080605 0d080605 0c080605 0c070505 0b070504 0a070404 0a060404 09060403 08060403 08050303 07050302 06040302 05040202 05030202
09040504 0a050505 0a050505 0b050505 0b060605 0c060605 0d070606 0d070606 0d070606 0d070606 0e080706 0e080706 0e080606 0e080606 0e080606 0e080606 0d080605 0d080605 0d080605 0c080505 0c070505 0b070504 0b070504 0a060404 09060403 09060403 08050303 07050303 06040302 06040202 05040202 05030202
08040404 09040404 0a050504 0a050505 0b060505 0b060505 0c060605 0c060605 0c070605 0c070605 0d070605 0d070605 0d070605 0d070605 0d070605 0d070605 0c070605 0c070505 0c070505 0b070504 0b070504 0a070504 0a060404 09060403 09060403 08050303 07050303 07050302 06040202 05040202 05030202 04030202
08040404 08040404 09040404 09050504 0a050504 0a050505 0b060505 0b060505 0b060505 0c070505 0c070605 0c070605 0c070605 0c070605 0c070505 0c070505 0c070505 0b070504 0b070504 0a070504 0a060404 0a060404 09060403 09060403 08050303 07050303 07050302 06040302 06040202 05040202 05030202 04030201
07030403 07040403 08040404 08040404 09050404 09050504 0a050504 0a050504 0a060504 0b060504 0b060505 0b060505 0b060504 0b060504 0b060504 0b060504 0b060504 0a060504 0a060404 0a060404 09060403 09060403 08060403 08050303 07050303 07050302 06040302 06040202 05040202 05030202 04030201 04030201
06030303 07030303 07040403 08040403 08040404 08050404 09050404 09050404 09050404 0a060404 0a060504 0a060504 0a060504 0a060504 0a060504 0a060404 0a060404 09060404 09060403 09060403 09050403 08050403 08050303 07050303 07050302 06040302 06040202 05040202 05030202 04030201 04030201 03030101
06030303 06030303 07030303 07040303 07040303 08040403 08040403 08050404 09050404 09050404 09050404 09050404 09050404 09050404 09050404 09050403 09050403 09050403 08050403 08050403 08050303 07050303 07050303 07040302 06040302 06040202 05040202 05030202 04030201 04030201 04030101 03020101
05030302 05030303 06030303 06030303 07040303 07040303 07040303 08040403 08040403 08050403 08050403 08050403 08050403 08050403 08050403 08050403 08050403 08050303 08050303 07050303 07050303 07040302 06040302 06040202 06040202 05040202 05030202 04030201 04030201 04030101 03020101 03020101
05020202 05030202 05030302 06030302 06030303 06030303 07040303 07040303 07040303 07040303 07040303 07040303 07040303 07040303 07040303 07040303 07040303 07040303 07040302 06040302 06040302 06040302 06040202 05040202 05030202 05030202 04030201 04030201 04030101 03020101 03020101 03020101
04020202 04020202 05020202 05030202 05030202 05030302 06030302 06030302 06040302 06040302 06040303 06040303 06040302 06040302 06040302 06040302 06040302 06040302 06040302 06040302 06040202 05040202 05030202 05030202 04030201 04030201 04030201 03030101 03020101 03020101 03020101 02020101
scene blur_40 32 32
02010101 02010101 02010101 02010101 02010101 02010101 02010101 02010101 02010101 02010101 02010101 02010101 02010101 02010101 02010101 02010101 02010101 02010101 02010101 02010101 02010101 02010101 02010101 02010101 02010101 02010101 02010101 02010101 02010101 02010101 02010101 02010101
03010101 03010101 03010101 03010101 03010101 03010101 03010101 03010101 03010101 03010101 03010101 03010101 03010101 03010101 03010101 03010101 03010101 03010101 03010101 03010101 03010101 03010101 02010101 02010101 02010101 02010101 02010101 02010101 02010101 02010101 02010101 02010101
03010101 03010101 03010101 03010101 03010101 03010101 03010101 03010101 03010101 03010101 03010101 03010101 03010101 03010101 03010101 03010101 03010101 03010101 03010101 03010101 03010101 03010101 02010101 02010101 02010101 02010101 02010101 02010101 02010101 02010101 02010101 02010101
03010101 03010101 03010101 03010101 03010101 03010101 03010101 03010101 03010101 03010101 03010101 03010101 03010101 03010101 03010101 03010101 03010101 03010101 03010101 03010101 03010101 03010101 03010101 03010101 03010101 03010101 03010101 02010101 02010101 02010101 02010101 02010101
03010101 03010101 03010101 03010101 03010101 03010101 03010101 03010101 03010101 03010101 03010101 03010101 03010101 03010101 03010101 03010101 03010101 03010101 03010101 03010101 03010101 03010101 03010101 03010101 03010101 03010101 03010101 02010101 02010101 02010101 02010101 02010101
03010101 03010101 03010101 03010101 03010101 03010101 03010101 03010101 03010101 03010101 03010101 03010101 03010101 03010101 03010101 03010101 03010101 03010101 03010101 03010101 03010101 03010101 03010101 03010101 03010101 03010101 03010101 02010101 02010101 02010101 02010101 02010101
03010101 03010101 03010101 03010101 03010101 03010101 03010101 03010101 03010101 03010101 03010101 03010101 03010101 03010101 03010101 03010101 03010101 03010101 03010101 03010101 03010101 03010101 03010101 03010101 03010101 03010101 03010101 02010101 02010101 02010101 02010101 02010101
03010101 03010101 03010101 03010101 03010101 03010101 03010101 03010101 03010101 03010101 03010101 03010101 03010101 03010101 03010101 03010101 03010101 03010101 03010101 03010101 03010101 03010101 03010101 03010101 03010101 03010101 03010101 02010101 02010101 02010101 02010101 02010101
03010101 03010101 03010101 03010101 03010101 03010101 03010101 03010101 03010101 03010101 03010101 03010101 03010101 03010101 03010101 03010101 03010101 03010101 03010101 03010101 03010101 03010101 03010101 03010101 03010101 03010101 03010101 02010101 02010101 02010101 02010101 02010101
03010101 03010101 03010101 03010101 03010101 03010101 03010101 03010101 03010101 03010101 03010101 03010101 03010101 03010101 03010101 03010101 03010101 03010101 03010101 03010101 03010101 03010101 03010101 03010101 03010101 03010101 03010101 03010101 02010101 02010101 02010101 02010101
03010101 03010101 03010101 03010101 03010101 03010101 03010101 03010101 03010101 03010101 03010101 03010101 03010101 03010101 03010101 03010101 03010101 03010101 03010101 03010101 03010101 03010101 03010101 03010101 03010101 03010101 03010101 03010101 02010101 02010101 02010101 02010101
03010101 03010101 03010101 03010101 03010101 03010101 03010101 03010101 03010101 03010101 03010101 03010101 03010101 03010101 03010101 03010101 03010101 03010101 03010101 03010101 03010101 03010101 03010101 03010101 03010101 03010101 03010101 03010101 02010101 02010101 02010101 02010101
03010101 03010101 03010101 03010101 03010101 03010101 03010101 03010101 03010101 03010101 03010101 03010101 03010101 03010101 03010101 03010101 03010101 03010101 03010101 03010101 03010101 03010101 03010101 03010101 03010101 03010101 03010101 03010101 02010101 02010101 02010101 02010101
03010101 03010101 03010101 03010101 03010101 03010101 03010101 03010101 03010101 03010101 03010101 03010101 03010101 03010101 03010101 03010101 03010101 03010101 03010101 03010101 03010101 03010101 03010101 03010101 03010101 03010101 03010101 03010101 02010101 02010101 02010101 02010101
03010101 03010101 03010101 03010101 03010101 03010101 03010101 03010101 03010101 03010101 03010101 03010101 03010101 03010101 03010101 03010101 03010101 03010101 03010101 03010101 03010101 03010101 03010101 03010101 03010101 03010101 03010101 03010101 02010101 02010101 02010101 02010101
03010101 03010101 03010101 03010101 03010101 03010101 03010101 03010101 03010101 03010101 03010101 03010101 03010101 03010101 03010101 03010101 03010101 03010101 03010101 03010101 03010101 03010101 03010101 03010101 03010101 03010101 03010101 02010101 02010101 02010101 02010101 02010101
03010101 03010101 03010101 03010101 03010101 03010101 03010101 03010101 03010101 03010101 03010101 03010101 03010101 03010101 03010101 03010101 03010101 03010101 03010101 03010101 03010101 03010101 03010101 03010101 03010101 03010101 03010101 02010101 02010101 02010101 02010101 02010101
03010101 03010101 03010101 03010101 03010101 03010101 03010101 03010101 03010101 03010101 03010101 03010101 03010101 03010101 03010101 03010101 03010101 03010101 03010101 03010101 03010101 03010101 03010101 03010101 03010101 03010101 03010101 02010101 02010101 02010101 02010101 02010101
03010101 03010101 03010101 03010101 03010101 03010101 03010101 03010101 03010101 03010101 03010101 03010101 03010101 03010101 03010101 03010101 03010101 03010101 03010101 03010101 03010101 03010101 03010101 03010101 03010101 03010101 03010101 02010101 02010101 02010101 02010101 02010101
03010101 03010101 03010101 03010101 03010101 03010101 03010101 03010101 03010101 03010101 03010101 03010101 03010101 03010101 03010101 03010101 03010101 03010101 03010101 03010101 03010101 03010101 03010101 03010101 03010101 03010101 03010101 02010101 02010101 02010101 02010101 02010101
03010101 03010101 03010101 03010101 03010101 03010101 03010101 03010101 03010101 03010101 03010101 03010101 03010101 03010101 03010101 03010101 03010101 03010101 03010101 03010101 03010101 03010101 03010101 03010101 03010101 03010101 03010101 02010101 02010101 02010101 02010101 02010101
03010101 03010101 03010101 03010101 03010101 03010101 03010101 03010101 03010101 03010101 03010101 03010101 03010101 03010101 03010101 03010101 03010101 03010101 03010101 03010101 03010101 03010101 02010101 02010101 02010101 02010101 02010101 02010101 02010101 02010101 02010101 02010101
03010101 03010101 03010101 03010101 03010101 03010101 03010101 03010101 03010101 03010101 03010101 03010101 03010101 03010101 03010101 03010101 03010101 03010101 03010101 03010101 03010101 03010101 02010101 02010101 02010101 02010101 02010101 02010101 02010101 02010101 02010101 02010101
02010101 02010101 02010101 02010101 02010101 02010101 02010101 02010101 02010101 02010101 02010101 02010101 02010101 02010101 02010101 02010101 02010101 02010101 02010101 02010101 02010101 02010101 02010101 02010101 02010101 02010101 02010101 02010101 02010101 02010101 02010101 02010101
02010101 02010101 02010101 02010101 02010101 02010101 02010101 02010101 02010101 02010101 02010101 02010101 02010101 02010101 02010101 02010101 02010101 02010101 02010101 02010101 02010101 02010101 02010101 02010101 02010101 02010101 02010101 02010101 02010101 02010101 02010101 02010101
02010101 02010101 02010101 02010101 02010101 02010101 02010101 02010101 02010101 02010101 02010101 02010101 02010101 02010101 02010101 02010101 02010101 02010101 02010101 02010101 02010101 02010101 02010101 02010101 02010101 02010101 02010101 02010101 02010101 02010101 02010101 02010101
02010101 02010101 02010101 02010101 02010101 02010101 02010101 02010101 02010101 02010101 02010101 02010101 02010101 02010101 02010101 02010101 02010101 02010101 02010101 02010101 02010101 02010101 02010101 02010101 02010101 02010101 02010101 02010101 02010101 02010101 02010101 02010101
02010101 02010101 02010101 02010101 02010101 02010101 02010101 02010101 02010101 02010101 02010101 02010101 02010101 02010101 02010101 02010101 02010101 02010101 02010101 02010101 02010101 02010101 02010101 02010101 02010101 02010101 02010101 02010101 02010101 02010101 02010101 02010101
02010101 02010101 02010101 02010101 02010101 02010101 02010101 02010101 02010101 02010101 02010101 02010101 02010101 02010101 02010101 02010101 02010101 02010101 02010101 02010101 02010101 02010101 02010101 02010101 02010101 02010101 02010101 02010101 02010101 02010101 02010101 02010101
02010101 02010101 02010101 02010101 02010101 02010101 02010101 02010101 02010101 02010101 02010101 02010101 02010101 02010101 02010101 02010101 02010101 02010101 02010101 02010101 02010101 02010101 02010101 02010101 02010101 02010101 02010101 02010101 02010101 02010101 02010101 02010101
02010101 02010101 02010101 02010101 02010101 02010101 02010101 02010101 02010101 02010101 02010101 02010101 02010101 02010101 02010101 02010101 02010101 02010101 02010101 02010101 02010101 02010101 02010101 02010101 02010101 02010101 02010101 02010101 02010101 02010101 02010101 02010101
02010101 02010101 02010101 02010101 02010101 02010101 02010101 02010101 02010101 02010101 02010101 02010101 02010101 02010101 02010101 02010101 02010101 02010101 02010101 02010101 02010101 02010101 02010101 02010101 02010101 02010101 02010101 02010101 02010101 02010101 02010101 02010101
scene blur_300 24 24
00000000 00000000 00000000 00000000 00000000 00000000 00000000 00000000 00000000 00000000 00000000 00000000 00000000 00000000 00000000 00000000 00000000 00000000 00000000 00000000 00000000 00000000 00000000 00000000
00000000 00000000 00000000 00000000 00000000 00000000 00000000 00000000 00000000 00000000 00000000 00000000 00000000 00000000 00000000 00000000 00000000 00000000 00000000 00000000 00000000 00000000 00000000 00000000
00000000 00000000 00000000 00000000 00000000 00000000 00000000 00000000 00000000 00000000 00000000 00000000 00000000 00000000 00000000 00000000 00000000 00000000 00000000 00000000 00000000 00000000 00000000 00000000
00000000 00000000 00000000 00000000 00000000 00000000 00000000 00000000 00000000 00000000 00000000 00000000 00000000 00000000 00000000 00000000 00000000 00000000 00000000 00000000 00000000 00000000 00000000 00000000
00000000 00000000 00000000 00000000 00000000 00000000 00000000 00000000 00000000 00000000 00000000 00000000 00000000 00000000 00000000 00000000 00000000 00000000 00000000 00000000 00000000 00000000 00000000 00000000
00000000 00000000 00000000 00000000 00000000 00000000 00000000 00000000 00000000 00000000 00000000 00000000 00000000 00000000 00000000 00000000 00000000 00000000 00000000 00000000 00000000 00000000 00000000 00000000
00000000 00000000 00000000 00000000 00000000 00000000 00000000 00000000 00000000 00000000 00000000 00000000 00000000 00000000 00000000 00000000 00000000 00000000 00000000 00000000 00000000 00000000 00000000 00000000
00000000 00000000 00000000 00000000 00000000 00000000 00000000 00000000 00000000 00000000 00000000 00000000 00000000 00000000 00000000 00000000 00000000 00000000 00000000 00000000 00000000 00000000 00000000 00000000
00000000 00000000 00000000 00000000 00000000 00000000 00000000 00000000 00000000 00000000 00000000 00000000 00000000 00000000 00000000 00000000 00000000 00000000 00000000 00000000 00000000 00000000 00000000 00000000
00000000 00000000 00000000 00000000 00000000 00000000 00000000 00000000 00000000 00000000 00000000 00000000 00000000 00000000 00000000 00000000 00000000 00000000 00000000 00000000 00000000 00000000 00000000 00000000
00000000 00000000 00000000 00000000 00000000 00000000 00000000 00000000 00000000 00000000 00000000 00000000 00000000 00000000 00000000 00000000 00000000 00000000 00000000 00000000 00000000 00000000 00000000 00000000
00000000 00000000 00000000 00000000 00000000 00000000 00000000 00000000 00000000 00000000 00000000 00000000 00000000 00000000 00000000 00000000 00000000 00000000 00000000 00000000 00000000 00000000 00000000 00000000
00000000 00000000 00000000 00000000 00000000 00000000 00000000 00000000 00000000 00000000 00000000 00000000 00000000 00000000 00000000 00000000 00000000 00000000 00000000 00000000 00000000 00000000 00000000 00000000
00000000 00000000 00000000 00000000 00000000 00000000 00000000 00000000 00000000 00000000 00000000 00000000 00000000 00000000 00000000 00000000 00000000 00000000 00000000 00000000 00000000 00000000 00000000 00000000
00000000 00000000 00000000 00000000 00000000 00000000 00000000 00000000 00000000 00000000 00000000 00000000 00000000 00000000 00000000 00000000 00000000 00000000 00000000 00000000 00000000 00000000 00000000 00000000
00000000 00000000 00000000 00000000 00000000 00000000 00000000 00000000 00000000 00000000 00000000 00000000 00000000 00000000 00000000 00000000 00000000 00000000 00000000 00000000 00000000 00000000 00000000 00000000
00000000 00000000 00000000 00000000 00000000 00000000 00000000 00000000 00000000 00000000 00000000 00000000 00000000 00000000 00000000 00000000 00000000 00000000 00000000 00000000 00000000 00000000 00000000 00000000
00000000 00000000 00000000 00000000 00000000 00000000 00000000 00000000 00000000 00000000 00000000 00000000 00000000 00000000 00000000 00000000 00000000 00000000 00000000 00000000 00000000 00000000 00000000 00000000
00000000 00000000 00000000 00000000 00000000 00000000 00000000 00000000 00000000 00000000 00000000 00000000 00000000 00000000 00000000 00000000 00000000 00000000 00000000 00000000 00000000 00000000 00000000 00000000
00000000 00000000 00000000 00000000 00000000 00000000 00000000 00000000 00000000 00000000 00000000 00000000 00000000 00000000 00000000 00000000 00000000 00000000 00000000 00000000 00000000 00000000 00000000 00000000
00000000 00000000 00000000 00000000 00000000 00000000 00000000 00000000 00000000 00000000 00000000 00000000 00000000 00000000 00000000 00000000 00000000 00000000 00000000 00000000 00000000 00000000 00000000 00000000
00000000 00000000 00000000 00000000 00000000 00000000 00000000 00000000 00000000 00000000 00000000 00000000 00000000 00000000 00000000 00000000 00000000 00000000 00000000 00000000 00000000 00000000 00000000 00000000
00000000 00000000 00000000 00000000 00000000 00000000 00000000 00000000 00000000 00000000 00000000 00000000 00000000 00000000 00000000 00000000 00000000 00000000 00000000 00000000 00000000 00000000 00000000 00000000
00000000 00000000 00000000 00000000 00000000 00000000 00000000 00000000 00000000 00000000 00000000 00000000 00000000 00000000 00000000 00000000 00000000 00000000 00000000 00000000 00000000 00000000 00000000 00000000
scene grayscale 24 24
00000000 00000000 00000000 00000000 00000000 00000000 00000000 00000000 00000000 00000000 00000000 00000000 00000000 00000000 00000000 00000000 00000000 00000000 00000000 00000000 00000000 00000000 00000000 00000000
00000000 00000000 00000000 00000000 00000000 00000000 00000000 00000000 00000000 00000000 00000000 00000000 00000000 00000000 00000000 00000000 00000000 00000000 00000000 00000000 00000000 00000000 00000000 00000000
00000000 00000000 00000000 00000000 00000000 00000000 00000000 00000000 00000000 00000000 00000000 00000000 00000000 00000000 00000000 00000000 00000000 00000000 00000000 00000000 00000000 00000000 00000000 00000000
00000000 00000000 00000000 ff72a27b ff72a27b ff72a27b ff72a27b 00000000 00000000 00000000 00000000 00000000 00000000 00000000 00000000 00000000 00000000 00000000 00000000 00000000 00000000 00000000 00000000 00000000
00000000 00000000 00000000 ff72a27b ff72a27b ff72a27b ff72a27b 00000000 00000000 00000000 00000000 00000000 00000000 00000000 00000000 00000000 00000000 00000000 00000000 00000000 00000000 00000000 00000000 00000000
00000000 00000000 00000000 ff72a27b ff72a27b ff72a27b ff72a27b 00000000 00000000 00000000 00000000 00000000 00000000 00000000 00000000 00000000 00000000 00000000 00000000 00000000 00000000 00000000 00000000 00000000
00000000 00000000 00000000 00000000 00000000 00000000 00000000 00000000 00000000 00000000 00000000 00000000 00000000 00000000 00000000 00000000 00000000 00000000 00000000 00000000 00000000 00000000 00000000 00000000
00000000 00000000 00000000 00000000 00000000 00000000 00000000 00000000 00000000 00000000 00000000 00000000 00000000 00000000 00000000 00000000 00000000 00000000 00000000 00000000 00000000 00000000 00000000 00000000
00000000 00000000 00000000 00000000 00000000 00000000 00000000 ff0d0d59 af110b3d 5f0e0721 d72a144b 87200e2e ff491f58 af3b183c 5f240e20 d75c2349 8740182e 00000000 00000000 00000000 00000000 00000000 00000000 00000000
00000000 00000000 00000000 00000000 00000000 00000000 00000000 d7192257 87161836 ff363066 af2e2446 5f1d1426 d74c3155 87362135 ff734264 af573045 5f341b25 00000000 00000000 00000000 00000000 00000000 00000000 00000000
00000000 00000000 00000000 00000000 00000000 00000000 00000000 af202f50 5f161b2b d73c4061 872c2a3d ff605373 af4a3b4f 5f2d222b d76f5060 874c343c ff9c6571 00000000 00000000 00000000 00000000 00000000 00000000 00000000
00000000 00000000 00000000 00000000 00000000 00000000 00000000 87233445 ff4d6682 af3d4859 5f262930 d7605f6d 87433e44 ff8a7880 af675558 5f3c2f30 d7936e6b 00000000 00000000 00000000 00000000 00000000 00000000 00000000
00000000 00000000 00000000 00000000 00000000 00000000 00000000 5f1f2f36 d7506d79 8739474c ff77898f af5a6162 5f353635 d7837c77 8759504b ffb39b8d af846d61 00000000 00000000 00000000 00000000 00000000 00000000 00000000
00000000 00000000 00000000 00000000 00000000 00000000 00000000 ff659b9e af4d6d6c 5f2f3d3b d7738c84 874f5953 ffa1ad9c af77796b 5f45433a d7a69b83 876f6352 00000000 00000000 00000000 00000000 00000000 00000000 00000000
00000000 00000000 00000000 00000000 00000000 00000000 00000000 d7649b90 8745635a ff8ebfaa af6a8675 5f3e493f d796aa8f 87656c59 ffcad0a9 af939274 5f54503e 00000000 00000000 00000000 00000000 00000000 00000000 00000000
00000000 00000000 00000000 00000000 00000000 00000000 00000000 af5d927f 5f375045 d787b99b 875b7661 ffb8e3b8 af879e7e 5f4d5744 eb9b886c c37c6450 ffb89e7a 803f241f 803f241f 00000000 00000000 00000000 00000000 00000000
00000000 00000000 00000000 00000000 00000000 00000000 00000000 00000000 00000000 00000000 00000000 00000000 00000000 00000000 803f241f 803f241f 803f241f 803f241f 803f241f 00000000 00000000 00000000 00000000 00000000
00000000 00000000 00000000 00000000 00000000 00000000 00000000 00000000 00000000 00000000 00000000 00000000 00000000 00000000 803f241f 803f241f 803f241f 803f241f 803f241f 00000000 00000000 00000000 00000000 00000000
00000000 00000000 00000000 00000000 00000000 00000000 00000000 00000000 00000000 00000000 00000000 00000000 00000000 00000000 803f241f 803f241f 803f241f 803f241f 803f241f 00000000 00000000 00000000 00000000 00000000
00000000 00000000 00000000 00000000 00000000 00000000 00000000 00000000 00000000 00000000 00000000 00000000 00000000 00000000 803f241f 803f241f 803f241f 803f241f 803f241f 00000000 00000000 00000000 00000000 00000000
00000000 00000000 00000000 00000000 00000000 00000000 00000000 00000000 00000000 00000000 00000000 00000000 00000000 00000000 803f241f 803f241f 803f241f 803f241f 803f241f 00000000 00000000 00000000 00000000 00000000
00000000 00000000 00000000 00000000 00000000 00000000 00000000 00000000 00000000 00000000 00000000 00000000 00000000 00000000 00000000 00000000 00000000 00000000 00000000 00000000 00000000 00000000 00000000 00000000
00000000 00000000 00000000 00000000 00000000 00000000 00000000 00000000 00000000 00000000 00000000 00000000 00000000 00000000 00000000 00000000 00000000 00000000 00000000 00000000 00000000 00000000 00000000 00000000
00000000 00000000 00000000 00000000 00000000 00000000 00000000 00000000 00000000 00000000 00000000 00000000 00000000 00000000 00000000 00000000 00000000 00000000 00000000 00000000 00000000 00000000 00000000 00000000
scene chain 24 24
00000000 00000000 00000000 00000000 00000000 00000000 00000000 00000000 00000000 00000000 00000000 00000000 00000000 00000000 00000000 00000000 00000000 00000000 00000000 00000000 00000000 00000000 00000000 00000000
00000000 00000000 00000000 00000000 00000000 00000000 00000000 00000000 00000000 00000000 00000000 00000000 00000000 00000000 00000000 00000000 00000000 00000000 00000000 00000000 00000000 00000000 00000000 00000000
00000000 00000000 00000000 00000000 00000000 00000000 00000000 00000000 00000000 00000000 00000000 00000000 00000000 00000000 00000000 00000000 00000000 00000000 00000000 00000000 00000000 00000000 00000000 00000000
00000000 00000000 00000000 ff85e177 ff85e177 ff85e177 ff85e177 00000000 00000000 00000000 00000000 00000000 00000000 00000000 00000000 00000000 00000000 00000000 00000000 00000000 00000000 00000000 00000000 00000000
00000000 00000000 00000000 ff85e177 ff85e177 ff85e177 ff85e177 00000000 00000000 00000000 00000000 00000000 00000000 00000000 00000000 00000000 00000000 00000000 00000000 00000000 00000000 00000000 00000000 00000000
00000000 00000000 00000000 ff85e177 ff85e177 ff85e177 ff85e177 00000000 00000000 00000000 00000000 00000000 00000000 00000000 00000000 00000000 00000000 00000000 00000000 00000000 00000000 00000000 00000000 00000000
00000000 00000000 00000000 00000000 00000000 00000000 00000000 00000000 00000000 00000000 00000000 00000000 00000000 00000000 00000000 00000000 00000000 00000000 00000000 00000000 00000000 00000000 00000000 00000000
00000000 00000000 00000000 00000000 00000000 00000000 00000000 00000000 00000000 00000000 00000000 00000000 00000000 00000000 00000000 00000000 00000000 00000000 00000000 00000000 00000000 00000000 00000000 00000000
00000000 00000000 00000000 00000000 00000000 00000000 00000000 ff1f1cbb af26167d 5f1d0e42 d7582493 87431959 ff9735a5 af79286e 5f4a173a d7bd397f 8783274e 00000000 00000000 00000000 00000000 00000000 00000000 00000000
00000000 00000000 00000000 00000000 00000000 00000000 00000000 d72837a0 87262562 ff5f4cb5 af523879 5f352040 d78d4c8d 87663356 ffd8659f afa5496a 5f622938 00000000 00000000 00000000 00000000 00000000 00000000 00000000
00000000 00000000 00000000 00000000 00000000 00000000 00000000 af2c4784 5f202946 d75e609b 87483f5f ffa07caf af7e5875 5f4d323e d7c47588 87884c53 ffff9598 00000000 00000000 00000000 00000000 00000000 00000000 00000000
00000000 00000000 00000000 00000000 00000000 00000000 00000000 872b4c68 ff6994c0 af586980 5f3a3b44 d7958996 876b595c ffe1ada9 afab7a71 5f66453c d7fb9f83 00000000 00000000 00000000 00000000 00000000 00000000 00000000
00000000 00000000 00000000 00000000 00000000 00000000 00000000 5f24434b d7669da4 874d6565 ffaac4ba af858b7d 5f514d42 d7cbb291 878d7359 ffffdda3 afd89c6d 00000000 00000000 00000000 00000000 00000000 00000000 00000000
00000000 00000000 00000000 00000000 00000000 00000000 00000000 ff72dccb af5f9b88 5f3c5648 d79dc69f 876f7f62 ffeaf5b4 afb2ac79 5f6a5f40 d7ffdb8d 87af8c56 00000000 00000000 00000000 00000000 00000000 00000000 00000000
00000000 00000000 00000000 00000000 00000000 00000000 00000000 d76edaad 87528b6b ffb2ffc5 af8bbc84 5f546746 d7d3ef9a 8791985e ffffffae afddcd74 5f7c713d 00000000 00000000 00000000 00000000 00000000 00000000 00000000
00000000 00000000 00000000 00000000 00000000 00000000 00000000 af65cc90 5f3f704c d7a4ffa8 8774a567 fff4ffbf afb8dd80 5f6c7a44 ebf7c06d c3cc8d50 ffffdf75 80723522 80723522 00000000 00000000 00000000 00000000 00000000
00000000 00000000 00000000 00000000 00000000 00000000 00000000 00000000 00000000 00000000 00000000 00000000 00000000 00000000 80723522 80723522 80723522 80723522 80723522 00000000 00000000 00000000 00000000 00000000
00000000 00000000 00000000 00000000 00000000 00000000 00000000 00000000 00000000 00000000 00000000 00000000 00000000 00000000 80723522 80723522 80723522 80723522 80723522 00000000 00000000 00000000 00000000 00000000
00000000 00000000 00000000 00000000 00000000 00000000 00000000 00000000 00000000 00000000 00000000 00000000 00000000 00000000 80723522 80723522 80723522 80723522 80723522 00000000 00000000 00000000 00000000 00000000
00000000 00000000 00000000 00000000 00000000 00000000 00000000 00000000 00000000 00000000 00000000 00000000 00000000 00000000 80723522 80723522 80723522 80723522 80723522 00000000 00000000 00000000 00000000 00000000
00000000 00000000 00000000 00000000 00000000 00000000 00000000 00000000 00000000 00000000 00000000 00000000 00000000 00000000 80723522 80723522 80723522 80723522 80723522 00000000 00000000 00000000 00000000 00000000
00000000 00000000 00000000 00000000 00000000 00000000 00000000 00000000 00000000 00000000 00000000 00000000 00000000 00000000 00000000 00000000 00000000 00000000 00000000 00000000 00000000 00000000 00000000 00000000
00000000 00000000 00000000 00000000 00000000 00000000 00000000 00000000 00000000 00000000 00000000 00000000 00000000 00000000 00000000 00000000 00000000 00000000 00000000 00000000 00000000 00000000 00000000 00000000
00000000 00000000 00000000 00000000 00000000 00000000 00000000 00000000 00000000 00000000 00000000 00000000 00000000 00000000 00000000 00000000 00000000 00000000 00000000 00000000 00000000 00000000 00000000 00000000
scene chain_alpha_luma 24 24
00000000 00000000 00000000 00000000 00000000 00000000 00000000 00000000 00000000 00000000 00000000 00000000 00000000 00000000 00000000 00000000 00000000 00000000 00000000 00000000 00000000 00000000 00000000 00000000
00000000 00000000 00000000 00000000 00000000 00000000 00000000 00000000 00000000 00000000 00000000 00000000 00000000 00000000 00000000 00000000 00000000 00000000 00000000 00000000 00000000 00000000 00000000 00000000
00000000 00000000 00000000 00000000 00000000 00000000 00000000 00000000 00000000 00000000 00000000 00000000 00000000 00000000 00000000 00000000 00000000 00000000 00000000 00000000 00000000 00000000 00000000 00000000
00000000 00000000 00000000 50000000 50000000 50000000 50000000 00000000 00000000 00000000 00000000 00000000 00000000 00000000 00000000 00000000 00000000 00000000 00000000 00000000 00000000 00000000 00000000 00000000
00000000 00000000 00000000 50000000 50000000 50000000 50000000 00000000 00000000 00000000 00000000 00000000 00000000 00000000 00000000 00000000 00000000 00000000 00000000 00000000 00000000 00000000 00000000 00000000
00000000 00000000 00000000 50000000 50000000 50000000 50000000 00000000 00000000 00000000 00000000 00000000 00000000 00000000 00000000 00000000 00000000 00000000 00000000 00000000 00000000 00000000 00000000 00000000
00000000 00000000 00000000 00000000 00000000 00000000 00000000 00000000 00000000 00000000 00000000 00000000 00000000 00000000 00000000 00000000 00000000 00000000 00000000 00000000 00000000 00000000 00000000 00000000
00000000 00000000 00000000 00000000 00000000 00000000 00000000 00000000 00000000 00000000 00000000 00000000 00000000 00000000 00000000 00000000 00000000 00000000 00000000 00000000 00000000 00000000 00000000 00000000
00000000 00000000 00000000 00000000 00000000 00000000 00000000 09000000 09000000 06000000 13000000 0e000000 1f000000 19000000 0d000000 1d000000 12000000 00000000 00000000 00000000 00000000 00000000 00000000 00000000
00000000 00000000 00000000 00000000 00000000 00000000 00000000 11000000 0b000000 18000000 13000000 0b000000 1d000000 14000000 25000000 18000000 0c000000 00000000 00000000 00000000 00000000 00000000 00000000 00000000
00000000 00000000 00000000 00000000 00000000 00000000 00000000 19000000 0d000000 20000000 16000000 2c000000 20000000 12000000 2b000000 1a000000 2e000000 00000000 00000000 00000000 00000000 00000000 00000000 00000000
00000000 00000000 00000000 00000000 00000000 00000000 00000000 1c000000 33000000 24000000 14000000 30000000 20000000 3e000000 2c000000 18000000 33000000 00000000 00000000 00000000 00000000 00000000 00000000 00000000
00000000 00000000 00000000 00000000 00000000 00000000 00000000 19000000 37000000 22000000 43000000 30000000 1b000000 3f000000 29000000 4e000000 34000000 00000000 00000000 00000000 00000000 00000000 00000000 00000000
00000000 00000000 00000000 00000000 00000000 00000000 00000000 53000000 37000000 1d000000 43000000 2b000000 55000000 3c000000 22000000 4e000000 30000000 00000000 00000000 00000000 00000000 00000000 00000000 00000000
00000000 00000000 00000000 00000000 00000000 00000000 00000000 52000000 32000000 5d000000 3f000000 23000000 52000000 35000000 66000000 48000000 27000000 00000000 00000000 00000000 00000000 00000000 00000000 00000000
00000000 00000000 00000000 00000000 00000000 00000000 00000000 42000000 24000000 50000000 32000000 61000000 45000000 27000000 46000000 32000000 4f000000 12000000 12000000 00000000 00000000 00000000 00000000 00000000
00000000 00000000 00000000 00000000 00000000 00000000 00000000 00000000 00000000 00000000 00000000 00000000 00000000 00000000 12000000 12000000 12000000 12000000 12000000 00000000 00000000 00000000 00000000 00000000
00000000 00000000 00000000 00000000 00000000 00000000 00000000 00000000 00000000 00000000 00000000 00000000 00000000 00000000 12000000 12000000 12000000 12000000 12000000 00000000 00000000 00000000 00000000 00000000
00000000 00000000 00000000 00000000 00000000 00000000 00000000 00000000 00000000 00000000 00000000 00000000 00000000 00000000 12000000 12000000 12000000 12000000 12000000 00000000 00000000 00000000 00000000 00000000
00000000 00000000 00000000 00000000 00000000 00000000 00000000 00000000 00000000 00000000 00000000 00000000 00000000 00000000 12000000 12000000 12000000 12000000 12000000 00000000 00000000 00000000 00000000 00000000
00000000 00000000 00000000 00000000 00000000 00000000 00000000 00000000 00000000 00000000 00000000 00000000 00000000 00000000 12000000 12000000 12000000 12000000 12000000 00000000 00000000 00000000 00000000 00000000
00000000 00000000 00000000 00000000 00000000 00000000 00000000 00000000 00000000 00000000 00000000 00000000 00000000 00000000 00000000 00000000 00000000 00000000 00000000 00000000 00000000 00000000 00000000 00000000
00000000 00000000 00000000 00000000 00000000 00000000 00000000 00000000 00000000 00000000 00000000 00000000 00000000 00000000 00000000 00000000 00000000 00000000 00000000 00000000 00000000 00000000 00000000 00000000
00000000 00000000 00000000 00000000 00000000 00000000 00000000 00000000 00000000 00000000 00000000 00000000 00000000 00000000 00000000 00000000 00000000 00000000 00000000 00000000 00000000 00000000 00000000 00000000
scene invert_opacity 24 24
00000000 00000000 00000000 00000000 00000000 00000000 00000000 00000000 00000000 00000000 00000000 00000000 00000000 00000000 00000000 00000000 00000000 00000000 00000000 00000000 00000000 00000000 00000000 00000000
00000000 00000000 00000000 00000000 00000000 00000000 00000000 00000000 00000000 00000000 00000000 00000000 00000000 00000000 00000000 00000000 00000000 00000000 00000000 00000000 00000000 00000000 00000000 00000000
00000000 00000000 00000000 00000000 00000000 00000000 00000000 00000000 00000000 00000000 00000000 00000000 00000000 00000000 00000000 00000000 00000000 00000000 00000000 00000000 00000000 00000000 00000000 00000000
00000000 00000000 00000000 805c2c53 805c2c53 805c2c53 805c2c53 00000000 00000000 00000000 00000000 00000000 00000000 00000000 00000000 00000000 00000000 00000000 00000000 00000000 00000000 00000000 00000000 00000000
00000000 00000000 00000000 805c2c53 805c2c53 805c2c53 805c2c53 00000000 00000000 00000000 00000000 00000000 00000000 00000000 00000000 00000000 00000000 00000000 00000000 00000000 00000000 00000000 00000000 00000000
00000000 00000000 00000000 805c2c53 805c2c53 805c2c53 805c2c53 00000000 00000000 00000000 00000000 00000000 00000000 00000000 00000000 00000000 00000000 00000000 00000000 00000000 00000000 00000000 00000000 00000000
00000000 00000000 00000000 00000000 00000000 00000000 00000000 00000000 00000000 00000000 00000000 00000000 00000000 00000000 00000000 00000000 00000000 00000000 00000000 00000000 00000000 00000000 00000000 00000000
00000000 00000000 00000000 00000000 00000000 00000000 00000000 00000000 00000000 00000000 00000000 00000000 00000000 00000000 00000000 00000000 00000000 00000000 00000000 00000000 00000000 00000000 00000000 00000000
00000000 00000000 00000000 00000000 00000000 00000000 00000000 80666619 58404614 3020260c 6c40561f 44243616 803c662d 58234622 30102614 6c1d5630 440e3620 00000000 00000000 00000000 00000000 00000000 00000000 00000000
00000000 00000000 00000000 00000000 00000000 00000000 00000000 6c564d19 44323012 80555b25 58353f1c 30192211 6c324d29 441b301c 802b5b39 58173f29 30092218 00000000 00000000 00000000 00000000 00000000 00000000 00000000
00000000 00000000 00000000 00000000 00000000 00000000 00000000 58463717 30231e0e 6c484423 44292b18 80445031 58293724 30131e15 6c244433 44122b22 80195044 00000000 00000000 00000000 00000000 00000000 00000000 00000000
00000000 00000000 00000000 00000000 00000000 00000000 00000000 44362514 805e4529 583b301f 301c1a12 6c3a3a2d 4420251e 8033453d 581d302c 300d1a19 6c163a3d 00000000 00000000 00000000 00000000 00000000 00000000 00000000
00000000 00000000 00000000 00000000 00000000 00000000 00000000 3026160f 6c4f3126 442d1f1a 804c3a35 582f2827 30161617 6c2b3136 44161f24 80223a48 58112834 00000000 00000000 00000000 00000000 00000000 00000000 00000000
00000000 00000000 00000000 00000000 00000000 00000000 00000000 80662f2d 58402022 30201214 6c402830 44241920 803c2f40 5823202f 3010121b 6c1d2840 440e192a 00000000 00000000 00000000 00000000 00000000 00000000 00000000
00000000 00000000 00000000 00000000 00000000 00000000 00000000 6c561f29 4432141c 80552539 58351929 30190e18 6c321f3a 441b1426 802b254c 58171937 30090e1f 00000000 00000000 00000000 00000000 00000000 00000000 00000000
00000000 00000000 00000000 00000000 00000000 00000000 00000000 58461124 30230915 6c481633 44290e22 80441944 58291132 3013091c 76243752 621a3347 801e395d 40122c31 40122c31 00000000 00000000 00000000 00000000 00000000
00000000 00000000 00000000 00000000 00000000 00000000 00000000 00000000 00000000 00000000 00000000 00000000 00000000 00000000 40122c31 40122c31 40122c31 40122c31 40122c31 00000000 00000000 00000000 00000000 00000000
00000000 00000000 00000000 00000000 00000000 00000000 00000000 00000000 00000000 00000000 00000000 00000000 00000000 00000000 40122c31 40122c31 40122c31 40122c31 40122c31 00000000 00000000 00000000 00000000 00000000
00000000 00000000 00000000 00000000 00000000 00000000 00000000 00000000 00000000 00000000 00000000 00000000 00000000 00000000 40122c31 40122c31 40122c31 40122c31 40122c31 00000000 00000000 00000000 00000000 00000000
00000000 00000000 00000000 00000000 00000000 00000000 00000000 00000000 00000000 00000000 00000000 00000000 00000000 00000000 40122c31 40122c31 40122c31 40122c31 40122c31 00000000 00000000 00000000 00000000 00000000
00000000 00000000 00000000 00000000 00000000 00000000 00000000 00000000 00000000 00000000 00000000 00000000 00000000 00000000 40122c31 40122c31 40122c31 40122c31 40122c31 00000000 00000000 00000000 00000000 00000000
00000000 00000000 00000000 00000000 00000000 00000000 00000000 00000000 00000000 00000000 00000000 00000000 00000000 00000000 00000000 00000000 00000000 00000000 00000000 00000000 00000000 00000000 00000000 00000000
00000000 00000000 00000000 00000000 00000000 00000000 00000000 00000000 00000000 00000000 00000000 00000000 00000000 00000000 00000000 00000000 00000000 00000000 00000000 00000000 00000000 00000000 00000000 00000000
00000000 00000000 00000000 00000000 00000000 00000000 00000000 00000000 00000000 00000000 00000000 00000000 00000000 00000000 00000000 00000000 00000000 00000000 00000000 00000000 00000000 00000000 00000000 00000000
scene contrast_blur 24 24
00000000 02000200 04000400 07000601 09000801 09000801 07000601 04000400 02000200 00000000 00000000 00000000 00000000 00000000 00000000 00000000 00000000 00000000 00000000 00000000 00000000 00000000 00000000 00000000
02000200 06000601 0e000d02 18001602 1f001c03 1f001c03 18001602 0e000d02 06000601 02000200 00000000 00000000 00000000 00000000 00000000 00000000 00000000 00000000 00000000 00000000 00000000 00000000 00000000 00000000
04000400 0e000d01 21001e04 39003406 49004208 49004208 39003406 21001e04 0e000d01 04000400 01000100 00000000 00000000 00000000 00000000 00000000 00000000 00000000 00000000 00000000 00000000 00000000 00000000 00000000
06000601 17001502 37003206 5e005509 78006d0c 78006d0c 5e005509 37003206 17001503 07000601 01000100 00000000 00000000 00000000 00000000 00000000 00000000 00000000 00000000 00000000 00000000 00000000 00000000 00000000
08000701 1b001903 40003b07 6e00640b 8d00800f 8d00800f 6f00640c 41003b08 1c001904 09000702 03000101 02010001 02010001 01010001 01010001 01010001 01010001 00010000 00000000 00000000 00000000 00000000 00000000 00000000
06000601 17001502 37003206 5e00550a 79006d0d 7a006d0e 6100550d 3c00320c 1e00150a 0e010608 09020108 08030007 08050007 08060006 07060005 06060004 04050003 03030002 01010001 00000000 00000000 00000000 00000000 00000000
04000400 0e000d01 21001e04 39003406 4b004209 4e00420d 45003412 34001f18 26020d1b 1d04041b 1b07011a 1b0c0019 1c100018 1b140015 19160012 1516000e 0f11000a 090a0005 03040002 01010001 00000000 00000000 00000000 00000000
02000200 06000601 0e000d02 19001603 23001c07 2b001d10 34001720 3b010e31 3e04073d 3f090340 3f11023e 411b023b 41260237 40300231 3c36022a 34350121 25290116 1518010c 080a0005 02030001 00010000 00000000 00000000 00000000
00000000 02000200 04000400 08000602 0f000907 1d000917 34010932 4f020851 62060766 6a0f066c 6d1d0669 6f2f0663 7042065b 6e530652 685e0646 5b5c0537 42480425 252a0314 0f120108 04050002 01010000 00000000 00000000 00000000
00000000 00000000 01000100 03000102 09000208 1a00041b 3b01083e 61020c67 7f080f83 8d14118c 92271287 943e127e 95571273 936f1267 8d7e1158 7b7c1046 5b620c2f 343a071a 1619030a 06070103 01010001 00000000 00000000 00000000
00000000 00000000 00000000 01000002 08000208 1a00061c 3e010e41 6a03196c 8d09218c 9f172695 a52c2890 a7462885 a7622878 a67d286a a08f265a 8d8d2247 6a711a31 3e44101b 1a1e070b 08090203 02020001 00000000 00000000 00000000
00000000 00000000 00000000 01000101 07000308 19000b1a 3e011a3e 6c032c68 920a3c87 a5184390 ac2d468a ad48477e ad654770 ac814661 a6954352 94943c40 70782d2c 42491a18 1c200b0a 080a0303 02020101 00000000 00000000 00000000
00000000 00000000 00000000 01000101 08000507 1a001119 3f01273a 6d034362 920a597d a6186484 ac2e687d ad486871 ae666863 ad826754 a7966245 95975635 717b3f23 444c2413 1e220f08 0a0b0402 02030100 00000000 00000000 00000000
00000000 00000000 00000000 01000101 08000707 1a001617 3f013336 6b035759 8e0a7170 a0177f75 a62c836d a8468361 a8638253 a9817f44 a6977736 96996728 747e4b1a 48512a0d 23291105 0e100501 04050100 01010000 00000000 00000000
00000000 00000000 00000000 01000101 07000706 18001714 3801362d 5f035b49 7e08775c 8e15855f 94278a58 963f894d 985b8740 9c798133 9e937726 9699651a 7a844910 545d2908 30361103 16190501 08090100 02020000 00000000 00000000
00000000 00000000 00000000 01000101 05000604 1200130e 29012c20 46024a33 5d066240 6a0f6e42 6f1e723d 72317235 774a6e2b 81696720 8d875d17 90954e0e 808a3808 626c2004 40460d01 21250400 0d0f0100 04040000 01010000 00000000
00000000 00000000 00000000 01000100 03000302 0a000b08 17001a11 27012c1c 35043b23 3d094324 41124622 451f461d 4d344317 5f533d10 7575360b 838b2d06 808a2103 6b751301 4b520800 2a2e0200 11130000 05050000 01010000 00000000
00000000 00000000 00000000 00000000 01000101 04000503 09000b07 1000130b 1602190e 19041d0f 1c081e0e 21101e0c 2c231d09 43411a06 60651604 757f1302 7a850e01 6c760800 4f570300 2d320100 13150000 06060000 01010000 00000000
00000000 00000000 00000000 00000000 00000000 01000101 03000302 05000603 06000704 07010904 09030904 0e090903 1a190803 33360702 52590601 6a740500 727c0400 67720200 4d550100 2d310000 13150000 06060000 01010000 00000000
00000000 00000000 00000000 00000000 00000000 00000000 01000100 01000101 01000101 01000201 02010201 07060201 12130200 292d0100 454c0100 5b640100 636d0100 5b640000 454b0000 282c0000 11130000 05050000 01010000 00000000
00000000 00000000 00000000 00000000 00000000 00000000 00000000 00000000 00000000 00000000 01010000 04040000 0d0e0000 1e210000 33380000 444b0000 4a510000 444b0000 33380000 1e210000 0d0e0000 04040000 01010000 00000000
00000000 00000000 00000000 00000000 00000000 00000000 00000000 00000000 00000000 00000000 00000000 02020000 07080000 11130000 1e210000 272b0000 2b2f0000 272b0000 1e210000 11130000 07080000 02020000 00000000 00000000
00000000 00000000 00000000 00000000 00000000 00000000 00000000 00000000 00000000 00000000 00000000 01010000 03030000 07080000 0c0e0000 10120000 12140000 10120000 0c0e0000 07080000 03030000 01010000 00000000 00000000
00000000 00000000 00000000 00000000 00000000 00000000 00000000 00000000 00000000 00000000 00000000 00000000 01010000 02020000 04040000 05050000 05060000 05050000 04040000 02020000 01010000 00000000 00000000 00000000
scene color_table 24 24
00000000 00000000 00000000 00000000 00000000 00000000 00000000 00000000 00000000 00000000 00000000 00000000 00000000 00000000 00000000 00000000 00000000 00000000 00000000 00000000 00000000 00000000 00000000 00000000
00000000 00000000 00000000 00000000 00000000 00000000 00000000 00000000 00000000 00000000 00000000 00000000 00000000 00000000 00000000 00000000 00000000 00000000 00000000 00000000 00000000 00000000 00000000 00000000
00000000 00000000 00000000 00000000 00000000 00000000 00000000 00000000 00000000 00000000 00000000 00000000 00000000 00000000 00000000 00000000 00000000 00000000 00000000 00000000 00000000 00000000 00000000 00000000
00000000 00000000 00000000 ffffc0ff ffffc0ff ffffc0ff ffffc0ff 00000000 00000000 00000000 00000000 00000000 00000000 00000000 00000000 00000000 00000000 00000000 00000000 00000000 00000000 00000000 00000000 00000000
00000000 00000000 00000000 ffffc0ff ffffc0ff ffffc0ff ffffc0ff 00000000 00000000 00000000 00000000 00000000 00000000 00000000 00000000 00000000 00000000 00000000 00000000 00000000 00000000 00000000 00000000 00000000
00000000 00000000 00000000 ffffc0ff ffffc0ff ffffc0ff ffffc0ff 00000000 00000000 00000000 00000000 00000000 00000000 00000000 00000000 00000000 00000000 00000000 00000000 00000000 00000000 00000000 00000000 00000000
00000000 00000000 00000000 00000000 00000000 00000000 00000000 00000000 00000000 00000000 00000000 00000000 00000000 00000000 00000000 00000000 00000000 00000000 00000000 00000000 00000000 00000000 00000000 00000000
00000000 00000000 00000000 00000000 00000000 00000000 00000000 00000000 00000000 00000000 00000000 00000000 00000000 00000000 00000000 00000000 00000000 00000000 00000000 00000000 00000000 00000000 00000000 00000000
00000000 00000000 00000000 00000000 00000000 00000000 00000000 ffff0000 afaf0058 5f5f003f d7d600a2 87860070 fff700df afa200a0 5f500059 d79200ce 87000083 00000000 00000000 00000000 00000000 00000000 00000000 00000000
00000000 00000000 00000000 00000000 00000000 00000000 00000000 d7d71c6c 87871259 ffff22c0 afae1a91 5f5e0d53 d7d01cc4 877d127f ffd722f4 af771aaa 5f000d5d 00000000 00000000 00000000 00000000 00000000 00000000 00000000
00000000 00000000 00000000 00000000 00000000 00000000 00000000 afaf3173 5f5f1b48 d7d73eb1 87872676 fffc49e8 afa931a4 5f581b5b d7b63ed1 875b2685 ff0049fc 00000000 00000000 00000000 00000000 00000000 00000000 00000000
00000000 00000000 00000000 00000000 00000000 00000000 00000000 87873a67 ffff6dd2 afaf4b99 5f5f2956 d7d55cca 87833a81 ffec6df8 af944bac 5f41295e d7005cd6 00000000 00000000 00000000 00000000 00000000 00000000 00000000
00000000 00000000 00000000 00000000 00000000 00000000 00000000 5f5f364e d7d77abc 87874d7b fffe91ef afad64a7 5f5c365c d7c77ad3 87724d86 ffae91fd af0064ae 00000000 00000000 00000000 00000000 00000000 00000000 00000000
00000000 00000000 00000000 00000000 00000000 00000000 00000000 ffffb6df afaf7da0 5f5f4459 d7d699ce 87866083 fff7b6fb afa27dad 5f50445e d79299d6 87006087 00000000 00000000 00000000 00000000 00000000 00000000 00000000
00000000 00000000 00000000 00000000 00000000 00000000 00000000 d7d7b8c4 8787737f ffffdaf4 afae96aa 5f5e515d d7d0b8d5 877d7386 ffd7dafe af7796af 5f00515f 00000000 00000000 00000000 00000000 00000000 00000000 00000000
00000000 00000000 00000000 00000000 00000000 00000000 00000000 afafafa4 5f5f5f5b d7d7d7d1 87878785 fffcfffc afa9afae 5f585f5f ebb883eb c3875bc3 ff8b97ff 805b1780 805b1780 00000000 00000000 00000000 00000000 00000000
00000000 00000000 00000000 00000000 00000000 00000000 00000000 00000000 00000000 00000000 00000000 00000000 00000000 00000000 805b1780 805b1780 805b1780 805b1780 805b1780 00000000 00000000 00000000 00000000 00000000
00000000 00000000 00000000 00000000 00000000 00000000 00000000 00000000 00000000 00000000 00000000 00000000 00000000 00000000 805b1780 805b1780 805b1780 805b1780 805b1780 00000000 00000000 00000000 00000000 00000000
00000000 00000000 00000000 00000000 00000000 00000000 00000000 00000000 00000000 00000000 00000000 00000000 00000000 00000000 805b1780 805b1780 805b1780 805b1780 805b1780 00000000 00000000 00000000 00000000 00000000
00000000 00000000 00000000 00000000 00000000 00000000 00000000 00000000 00000000 00000000 00000000 00000000 00000000 00000000 805b1780 805b1780 805b1780 805b1780 805b1780 00000000 00000000 00000000 00000000 00000000
00000000 00000000 00000000 00000000 00000000 00000000 00000000 00000000 00000000 00000000 00000000 00000000 00000000 00000000 805b1780 805b1780 805b1780 805b1780 805b1780 00000000 00000000 00000000 00000000 00000000
00000000 00000000 00000000 00000000 00000000 00000000 00000000 00000000 00000000 00000000 00000000 00000000 00000000 00000000 00000000 00000000 00000000 00000000 00000000 00000000 00000000 00000000 00000000 00000000
00000000 00000000 00000000 00000000 00000000 00000000 00000000 00000000 00000000 00000000 00000000 00000000 00000000 00000000 00000000 00000000 00000000 00000000 00000000 00000000 00000000 00000000 00000000 00000000
00000000 00000000 00000000 00000000 00000000 00000000 00000000 00000000 00000000 00000000 00000000 00000000 00000000 00000000 00000000 00000000 00000000 00000000 00000000 00000000 00000000 00000000 00000000 00000000
scene matrix_fills 24 24
00000000 00000000 00000000 00000000 00000000 00000000 00000000 00000000 00000000 00000000 00000000 00000000 00000000 00000000 00000000 00000000 00000000 00000000 00000000 00000000 00000000 00000000 00000000 00000000
00000000 00000000 40060000 40060000 40060000 40060000 40060000 40060000 40060000 40060000 40060000 40060000 40060000 40060000 40060000 40060000 40060000 40060000 40060000 40060000 00000000 00000000 00000000 00000000
00000000 00000000 40060000 40060000 40060000 40060000 40060000 40060000 40060000 40060000 40060000 40060000 40060000 40060000 40060000 40060000 40060000 40060000 40060000 40060000 00000000 00000000 00000000 00000000
00000000 00000000 40060000 ff2ac040 ff2ac040 ff2ac040 ff2ac040 40060000 40060000 40060000 40060000 40060000 40060000 40060000 40060000 40060000 40060000 40060000 40060000 40060000 00000000 00000000 00000000 00000000
00000000 00000000 40060000 ff2ac040 ff2ac040 ff2ac040 ff2ac040 40060000 40060000 40060000 40060000 40060000 40060000 40060000 40060000 40060000 40060000 40060000 40060000 40060000 00000000 00000000 00000000 00000000
00000000 00000000 40060000 ff2ac040 ff2ac040 ff2ac040 ff2ac040 40060000 40060000 40060000 40060000 40060000 40060000 40060000 40060000 40060000 40060000 40060000 40060000 40060000 00000000 00000000 00000000 00000000
00000000 00000000 40060000 40060000 40060000 40060000 40060000 40060000 40060000 40060000 40060000 40060000 40060000 40060000 40060000 40060000 40060000 40060000 40060000 40060000 00000000 00000000 00000000 00000000
00000000 00000000 40060000 40060000 40060000 40060000 40060000 40060000 40060000 40060000 40060000 40060000 40060000 40060000 40060000 40060000 40060000 40060000 40060000 40060000 00000000 00000000 00000000 00000000
00000000 00000000 40060000 40060000 40060000 40060000 40060000 ff1a00ff ef2500e2 9f21008e ff4400d8 c740009e ff6000be ef6800a5 9f4e0066 ff8b0097 c777006b 40060000 40060000 40060000 00000000 00000000 00000000 00000000
00000000 00000000 40060000 40060000 40060000 40060000 40060000 ff1a24f2 c71f1cb2 ff3624d8 ef3f22be 9f331677 ff6024b1 c7561c80 ff7d2497 ef822282 9f5f164f 40060000 40060000 40060000 00000000 00000000 00000000 00000000
00000000 00000000 40060000 40060000 40060000 40060000 40060000 ef1843d6 9f182d86 ff3548cb c7353895 ff5248b1 ef5a439a 9f452d5e ff7d488a c76c3861 ff994870 40060000 40060000 40060000 00000000 00000000 00000000 00000000
00000000 00000000 40060000 40060000 40060000 40060000 40060000 c71455a8 ff286dcb ef3266b1 9f2b456e ff526da4 c74b5576 ff6e6d8a ef756675 9f564546 ff996d62 40060000 40060000 40060000 00000000 00000000 00000000 00000000
00000000 00000000 40060000 40060000 40060000 40060000 40060000 9f105a7f ff2891be c72a718a ff4491a4 ef4d888e 9f3c5a55 ff6e917d c7617157 ff8b9163 ef8f8850 40060000 40060000 40060000 00000000 00000000 00000000 00000000
00000000 00000000 40060000 40060000 40060000 40060000 40060000 ff1ab6be ef25aba5 9f217266 ff44b597 c7408d6b ff60b67d ef68ab69 9f4e723e ff8bb557 c7778d39 40060000 40060000 40060000 00000000 00000000 00000000 00000000
00000000 00000000 40060000 40060000 40060000 40060000 40060000 ff1adab1 c71fa980 ff36da97 ef3fcd82 9f33874f ff60da6f c756a94d ff7dda56 ef82cd44 9f5f8725 40060000 40060000 40060000 00000000 00000000 00000000 00000000
00000000 00000000 40060000 40060000 40060000 40060000 40060000 ef18ef9a 9f189f5e ff35ff8a c735c761 ff52ff70 ef5aef5d 9f459f35 ff838e2a ff8a771f ff91971f c067240c c067240c 40060000 00000000 00000000 00000000 00000000
00000000 00000000 40060000 40060000 40060000 40060000 40060000 40060000 40060000 40060000 40060000 40060000 40060000 40060000 c067240c c067240c c067240c c067240c c067240c 40060000 00000000 00000000 00000000 00000000
00000000 00000000 40060000 40060000 40060000 40060000 40060000 40060000 40060000 40060000 40060000 40060000 40060000 40060000 c067240c c067240c c067240c c067240c c067240c 40060000 00000000 00000000 00000000 00000000
00000000 00000000 40060000 40060000 40060000 40060000 40060000 40060000 40060000 40060000 40060000 40060000 40060000 40060000 c067240c c067240c c067240c c067240c c067240c 40060000 00000000 00000000 00000000 00000000
00000000 00000000 40060000 40060000 40060000 40060000 40060000 40060000 40060000 40060000 40060000 40060000 40060000 40060000 c067240c c067240c c067240c c067240c c067240c 40060000 00000000 00000000 00000000 00000000
00000000 00000000 40060000 40060000 40060000 40060000 40060000 40060000 40060000 40060000 40060000 40060000 40060000 40060000 c067240c c067240c c067240c c067240c c067240c 40060000 00000000 00000000 00000000 00000000
00000000 00000000 40060000 40060000 40060000 40060000 40060000 40060000 40060000 40060000 40060000 40060000 40060000 40060000 40060000 40060000 40060000 40060000 40060000 40060000 00000000 00000000 00000000 00000000
00000000 00000000 00000000 00000000 00000000 00000000 00000000 00000000 00000000 00000000 00000000 00000000 00000000 00000000 00000000 00000000 00000000 00000000 00000000 00000000 00000000 00000000 00000000 00000000
00000000 00000000 00000000 00000000 00000000 00000000 00000000 00000000 00000000 00000000 00000000 00000000 00000000 00000000 00000000 00000000 00000000 00000000 00000000 00000000 00000000 00000000 00000000 00000000
scene drop_shadow 24 24
00000000 00000000 00000000 00000000 01000001 01000001 01000001 01000001 01000001 01000001 01000001 01000001 01000001 00000000 00000000 00000000 00000000 00000000 00000000 00000000 00000000 00000000 00000000 00000000
00000000 00000000 01000001 01000001 02000002 03000002 04000003 06000004 06000004 06000004 04000003 03000002 02000002 01000001 01000001 00000000 00000000 00000000 00000000 00000000 00000000 00000000 00000000 00000000
00000000 00000000 01000001 02000002 04000003 08000106 0b000108 0d01010b 0e01010b 0d01010b 0b000108 08000106 04000003 02000002 01000001 00000000 00000000 00000000 00000000 00000000 00000000 00000000 00000000 00000000
00000000 01000001 01000001 ff20c040 ff20c040 ff20c040 ff20c040 19010214 1b010215 19010214 14010210 0e01010b 08000107 04000003 01000001 01000001 00000000 00000000 00000000 00000000 00000000 00000000 00000000 00000000
00000000 01000001 02000002 ff20c040 ff20c040 ff20c040 ff20c040 2601031e 29020320 2601031e 1f010218 15010211 0d00010a 06000005 02000002 01000001 00000000 00000000 00000000 00000000 00000000 00000000 00000000 00000000
00000000 01000001 03000002 ff20c040 ff20c040 ff20c040 ff20c040 31020426 34020429 31020426 28020320 1c010216 1101010d 09000107 04000003 02000002 01000001 01000001 01000001 01000001 01000001 01000001 00000000 00000000
00000000 01000001 03000002 08000106 1101010d 1e010217 2a020321 35020429 3a02052d 3602042b 2d020423 2201031b 17010212 0e01010b 09000107 07000106 06000005 06000004 05000004 04000003 03000002 02000002 01000001 01000001
00000000 01000001 03000002 08000106 1001010d 1c010216 28020320 32020427 3802042c 3602042b 2f020425 2601031e 1d010217 16010211 1201010e 1001010d 0f01010c 0e01010b 0d00010a 0a000108 07000106 05000004 03000002 01000001
00000000 01000001 02000002 06000005 0d00010a 16010211 20010219 ff0000ff be1401b2 7e16036d de4801bc 9b3d017b ff8d00be ba750181 734b014d dcbf0083 95870154 1c010216 19010213 1401020f 0f01010c 0a000108 06000004 03000002
00000000 01000001 01000001 04000003 08000107 0e01010b 16010211 dc001ed0 980f1487 ff3824d8 be3b1a96 7e2b105f df771f9b 9f5b156a ffc62497 bf9c1a6c 7e601047 2e020424 29020320 2101031a 19010213 1001010d 09000107 04000003
00000000 00000000 01000001 02000002 04000003 08000106 0d01010b b50032a2 710b1c5e dd2f3db0 9e2e2877 ff7148b1 c3623381 8a411e5a e2a73e7d a979295c ffff4870 42030533 3b02052e 30020426 2301031c 17010212 0d01010b 06000005
00000000 00000000 01000001 01000001 02000002 04000003 08000106 8e003a77 ff1c6dcb bb264c8b 80212c5b e15f5d92 ac4c3d6d ffaa6d8a cb894d6c 99572d57 e5d75d5e 54030742 4b03063b 3d020530 2e020424 1e010218 1101010d 08000106
00000000 00000000 00000000 00000000 01000001 01000001 05000004 66003752 da187aa3 991e4e6c ff5591a4 c64f667a 97373a5f e7907b75 b86b5162 ffe29163 d0b06755 6304084d 58030745 49030639 3602042b 2401031c 14010210 0a000108
00000000 00000000 00000000 00000000 00000000 01000001 04000003 ff00b6be b6137e7e 77164650 e0489a86 ac3d6366 ff8db67d d0768067 a54d4a5c e9c09a57 bc896450 6b040853 5f04074b 4f03063e 3c02052f 28020320 17010212 0b000109
00000000 00000000 00000000 00000000 00000000 01000001 04000003 d900b896 910f745f ff38da97 c23b986d 902c5555 e678b96a b95c775b ffc6da56 d39d994f a762574e 6d040956 6304084d 53030641 40020532 2c020322 1a010214 0d01010b
00000000 00000000 00000000 00000000 00000000 01000001 04000003 b200af74 6c0b6042 dd2fd778 a02e8956 ff71ff70 cb62b15a 9d426450 f3c3842e ddad5d2c ffef971f b5721c31 b1721c2e 55030742 43030535 30020426 1e010218 1001010d
00000000 00000000 00000000 00000000 00000000 01000001 04000003 08000107 1201010e 1f010218 2f020424 3e020531 4c03063b 55030743 ae721b2c b0721c2e b1721c2e b1721c2e af721b2d 53030641 44030536 33020428 2201031b 1401020f
00000000 00000000 00000000 00000000 00000000 01000001 02000002 06000005 0e01010b 19010213 2501031d 31020426 3b02052e 44030535 a5711b25 a8711b27 aa711b29 ac711b2a ab711b2a 51030640 46030537 3602042b 2601031e 17010212
00000000 00000000 00000000 00000000 00000000 01000001 02000002 05000004 0a000108 1101010d 19010214 2201031b 2a020321 30020426 9b711a1d 9e711a20 a2711a23 a5711b25 a7711b26 4d03063c 45030536 3802042c 29020320 19010214
00000000 00000000 00000000 00000000 00000000 01000001 01000001 03000002 06000004 0b000108 1001010c 14010210 19010214 1e010218 92701916 95711919 9a711a1c 9f711a20 a2711a23 47030537 42030534 3802042c 2a020321 1b010215
00000000 00000000 00000000 00000000 00000000 00000000 01000001 01000001 03000002 05000004 08000106 0b000108 0d00010a 1001010d 8a701910 8e701913 93701917 98711a1b 9d711a1e 3e020531 3c02052f 34020428 2802031f 1a010214
00000000 00000000 00000000 00000000 00000000 00000000 00000000 01000001 01000001 02000002 03000002 04000003 06000004 08000106 0b000109 1201010e 1c010216 2601031e 2f020424 34020428 33020428 2c020323 2201031b 17010212
00000000 00000000 00000000 00000000 00000000 00000000 00000000 00000000 00000000 01000001 01000001 01000001 02000002 04000003 06000005 0b000109 1301010f 1c010216 2301031c 2802031f 2702031e 2301031b 1b010215 1201010e
00000000 00000000 00000000 00000000 00000000 00000000 00000000 00000000 00000000 00000000 00000000 00000000 01000001 01000001 04000003 07000106 0d00010a 1301010f 18010213 1c010216 1c010216 18010213 1301010f 0d00010a
scene drop_shadow_scale 24 24
00000000 00000000 00000000 00000000 00000000 00000000 00000000 00000000 00000000 00000000 00000000 00000000 00000000 00000000 00000000 00000000 00000000 00000000 00000000 00000000 00000000 00000000 00000000 00000000
00000000 00000000 00000000 00000000 00000000 00000000 00000000 00000000 00000000 00000000 00000000 00000000 00000000 00000000 00000000 00000000 00000000 00000000 00000000 00000000 00000000 00000000 00000000 00000000
00000000 00000000 00000000 00000000 00000000 00000000 00000000 00000000 00000000 00000000 00000000 00000000 00000000 00000000 00000000 00000000 00000000 00000000 00000000 00000000 00000000 00000000 00000000 00000000
00000000 00000000 00000000 00000000 00000000 00000000 00000000 00000000 00000000 00000000 00000000 00000000 00000000 00000000 00000000 00000000 00000000 00000000 00000000 00000000 00000000 00000000 00000000 00000000
00000000 00000000 00000000 00000000 00000000 00000000 01000000 01000000 01000000 01000000 01000000 01000000 00000000 00000000 00000000 00000000 00000000 00000000 00000000 00000000 00000000 00000000 00000000 00000000
00000000 00000000 01000000 02000000 03000000 05000000 06000000 07000000 08000000 08000000 07000000 06000000 05000000 03000000 02000000 01000000 00000000 00000000 00000000 00000000 00000000 00000000 00000000 00000000
00000000 01000000 04000000 09000000 0e000000 14000000 1b000000 ff20c040 ff20c040 ff20c040 ff20c040 ff20c040 ff20c040 ff20c040 ff20c040 04000000 01000000 00000000 00000000 00000000 00000000 00000000 00000000 00000000
01000000 05000000 0c000000 19000000 28000000 39000000 49000000 ff20c040 ff20c040 ff20c040 ff20c040 ff20c040 ff20c040 ff20c040 ff20c040 0c000000 05000000 01000000 00000000 00000000 00000000 00000000 00000000 00000000
02000000 09000000 16000000 2c000000 48000000 67000000 83000000 ff20c040 ff20c040 ff20c040 ff20c040 ff20c040 ff20c040 ff20c040 ff20c040 16000000 09000000 02000000 00000000 00000000 00000000 00000000 00000000 00000000
03000000 0b000000 1c000000 38000000 5c000000 83000000 a6000000 ff20c040 ff20c040 ff20c040 ff20c040 ff20c040 ff20c040 ff20c040 ff20c040 1c000000 0b000000 03000000 00000000 00000000 00000000 00000000 00000000 00000000
03000000 0b000000 1b000000 36000000 59000000 7f000000 a1000000 bc000000 ca000000 ca000000 bc000000 a2000000 7f000000 5a000000 37000000 1c000000 0c000000 03000000 00000000 00000000 00000000 01000000 01000000 01000000
02000000 08000000 14000000 28000000 41000000 5d000000 76000000 8a000000 94000000 94000000 8b000000 78000000 60000000 45000000 2c000000 19000000 0d000000 07000000 05000000 05000000 05000000 06000000 06000000 06000000
01000000 04000000 0a000000 14000000 21000000 2f000000 3c000000 46000000 4b000000 4c000000 4a000000 44000000 3b000000 32000000 29000000 ff0000ff ff0000ff b71300a6 b61300a6 6d150055 6d150055 db4800b6 db4800b6 933c006b
00000000 01000000 03000000 06000000 0a000000 0e000000 13000000 16000000 19000000 1c000000 22000000 29000000 32000000 3a000000 3f000000 ff0000ff ff0000ff c31300a6 c21300a6 86150055 88150055 e24800b6 e24800b6 a83c006b
00000000 00000000 01000000 01000000 02000000 03000000 04000000 04000000 07000000 0d000000 18000000 2b000000 41000000 56000000 67000000 e9001ecc e9001ecc bd0f1379 bc0f1379 ff3824d8 ff3824d8 d53a198b d73a198b af2a0d47
00000000 00000000 00000000 00000000 00000000 00000000 00000000 00000000 03000000 0b000000 1a000000 31000000 4e000000 6a000000 81000000 dc00319d de00319d be0a1b50 be0a1b50 ef2f3dab ef2f3dab d22d2665 d32d2665 ff7148b1
00000000 00000000 00000000 00000000 00000000 00000000 00000000 00000000 03000000 0a000000 19000000 30000000 4d000000 6b000000 85000000 cf003a72 d4003a72 ff1c6dcb ff1c6dcb e4264b82 e5264b82 cb202942 cc202942 f25f5c8a
00000000 00000000 00000000 00000000 00000000 00000000 00000000 00000000 02000000 09000000 16000000 2a000000 46000000 64000000 81000000 be00364c c700364c f2187aa0 f2187aa0 d91e4d5e d91e4d5e ff5591a4 ff5591a4 e64e6468
00000000 00000000 00000000 00000000 00000000 00000000 00000000 00000000 02000000 07000000 12000000 26000000 41000000 5f000000 7d000000 bc00364c c700364c f2187aa0 f3187aa0 da1e4d5e da1e4d5e ff5591a4 ff5591a4 e54e6468
00000000 00000000 00000000 00000000 00000000 00000000 00000000 00000000 02000000 07000000 11000000 25000000 40000000 5e000000 7b000000 ff00b6be ff00b6be e6137d79 e7137d79 d015443d cf15443d f348997f f248997f d73c6049
00000000 00000000 00000000 00000000 00000000 00000000 00000000 00000000 02000000 08000000 13000000 29000000 44000000 62000000 7e000000 ee00b895 f100b895 d90f7357 da0f7357 ff38da97 ff38da97 e73a965f e53a965f ca2a512f
00000000 00000000 00000000 00000000 00000000 00000000 00000000 00000000 02000000 09000000 16000000 2d000000 48000000 65000000 80000000 dd00af71 e200af71 c80a5f38 ca0a5f38 f22fd774 f22fd774 d72d8742 d72d8742 ff71ff70
00000000 00000000 00000000 00000000 00000000 00000000 00000000 00000000 02000000 09000000 15000000 29000000 42000000 5c000000 72000000 84000000 8f000000 95000000 97000000 98000000 98000000 98000000 98000000 97000000
00000000 00000000 00000000 00000000 00000000 00000000 00000000 00000000 02000000 07000000 0f000000 1c000000 2d000000 3f000000 4f000000 5c000000 64000000 69000000 6d000000 6e000000 6f000000 6f000000 6f000000 6e000000
scene offset_int 24 24
00000000 00000000 00000000 00000000 00000000 00000000 00000000 00000000 00000000 00000000 00000000 00000000 00000000 00000000 00000000 00000000 00000000 00000000 00000000 00000000 00000000 00000000 00000000 00000000
00000000 00000000 00000000 00000000 00000000 00000000 ff20c040 ff20c040 ff20c040 ff20c040 00000000 00000000 00000000 00000000 00000000 00000000 00000000 00000000 00000000 00000000 00000000 00000000 00000000 00000000
00000000 00000000 00000000 00000000 00000000 00000000 ff20c040 ff20c040 ff20c040 ff20c040 00000000 00000000 00000000 00000000 00000000 00000000 00000000 00000000 00000000 00000000 00000000 00000000 00000000 00000000
00000000 00000000 00000000 00000000 00000000 00000000 ff20c040 ff20c040 ff20c040 ff20c040 00000000 00000000 00000000 00000000 00000000 00000000 00000000 00000000 00000000 00000000 00000000 00000000 00000000 00000000
00000000 00000000 00000000 00000000 00000000 00000000 00000000 00000000 00000000 00000000 00000000 00000000 00000000 00000000 00000000 00000000 00000000 00000000 00000000 00000000 00000000 00000000 00000000 00000000
00000000 00000000 00000000 00000000 00000000 00000000 00000000 00000000 00000000 00000000 00000000 00000000 00000000 00000000 00000000 00000000 00000000 00000000 00000000 00000000 00000000 00000000 00000000 00000000
00000000 00000000 00000000 00000000 00000000 00000000 00000000 00000000 00000000 00000000 ff0000ff af1300a6 5f150055 d74800b6 873c006b ff8d00be af750079 5f4a003d d7bf007f 87870049 00000000 00000000 00000000 00000000
00000000 00000000 00000000 00000000 00000000 00000000 00000000 00000000 00000000 00000000 d7001ecc 870f1379 ff3824d8 af3a198b 5f2a0d47 d7771e95 875a1357 ffc62497 af9b195f 5f5f0d2f 00000000 00000000 00000000 00000000
00000000 00000000 00000000 00000000 00000000 00000000 00000000 00000000 00000000 00000000 af00319d 5f0a1b50 d72f3dab 872d2665 ff7148b1 af613171 5f3f1b38 d7a73d74 87782642 ffff4870 00000000 00000000 00000000 00000000
00000000 00000000 00000000 00000000 00000000 00000000 00000000 00000000 00000000 00000000 87003a72 ff1c6dcb af264b82 5f202942 d75f5c8a 874b3a50 ffaa6d8a af884b56 5f54292a d7d75c53 00000000 00000000 00000000 00000000
00000000 00000000 00000000 00000000 00000000 00000000 00000000 00000000 00000000 00000000 5f00364c d7187aa0 871e4d5e ff5591a4 af4e6468 5f353633 d78f7a69 87694d3b ffe29163 afaf643b 00000000 00000000 00000000 00000000
00000000 00000000 00000000 00000000 00000000 00000000 00000000 00000000 00000000 00000000 ff00b6be af137d79 5f15443d d748997f 873c6049 ff8db67d af757d4d 5f4a4425 d7bf9949 87876027 00000000 00000000 00000000 00000000
00000000 00000000 00000000 00000000 00000000 00000000 00000000 00000000 00000000 00000000 d700b895 870f7357 ff38da97 af3a965f 5f2a512f d777b85e 875a7334 ffc6da56 af9b9632 5f5f5116 00000000 00000000 00000000 00000000
00000000 00000000 00000000 00000000 00000000 00000000 00000000 00000000 00000000 00000000 af00af71 5f0a5f38 d72fd774 872d8742 ff71ff70 af61af44 5f3f5f20 ebc38327 c3ac5b18 ffef971f 80701808 80701808 00000000 00000000
00000000 00000000 00000000 00000000 00000000 00000000 00000000 00000000 00000000 00000000 00000000 00000000 00000000 00000000 00000000 00000000 00000000 80701808 80701808 80701808 80701808 80701808 00000000 00000000
00000000 00000000 00000000 00000000 00000000 00000000 00000000 00000000 00000000 00000000 00000000 00000000 00000000 00000000 00000000 00000000 00000000 80701808 80701808 80701808 80701808 80701808 00000000 00000000
00000000 00000000 00000000 00000000 00000000 00000000 00000000 00000000 00000000 00000000 00000000 00000000 00000000 00000000 00000000 00000000 00000000 80701808 80701808 80701808 80701808 80701808 00000000 00000000
00000000 00000000 00000000 00000000 00000000 00000000 00000000 00000000 00000000 00000000 00000000 00000000 00000000 00000000 00000000 00000000 00000000 80701808 80701808 80701808 80701808 80701808 00000000 00000000
00000000 00000000 00000000 00000000 00000000 00000000 00000000 00000000 00000000 00000000 00000000 00000000 00000000 00000000 00000000 00000000 00000000 80701808 80701808 80701808 80701808 80701808 00000000 00000000
00000000 00000000 00000000 00000000 00000000 00000000 00000000 00000000 00000000 00000000 00000000 00000000 00000000 00000000 00000000 00000000 00000000 00000000 00000000 00000000 00000000 00000000 00000000 00000000
00000000 00000000 00000000 00000000 00000000 00000000 00000000 00000000 00000000 00000000 00000000 00000000 00000000 00000000 00000000 00000000 00000000 00000000 00000000 00000000 00000000 00000000 00000000 00000000
00000000 00000000 00000000 00000000 00000000 00000000 00000000 00000000 00000000 00000000 00000000 00000000 00000000 00000000 00000000 00000000 00000000 00000000 00000000 00000000 00000000 00000000 00000000 00000000
00000000 00000000 00000000 00000000 00000000 00000000 00000000 00000000 00000000 00000000 00000000 00000000 00000000 00000000 00000000 00000000 00000000 00000000 00000000 00000000 00000000 00000000 00000000 00000000
00000000 00000000 00000000 00000000 00000000 00000000 00000000 00000000 00000000 00000000 00000000 00000000 00000000 00000000 00000000 00000000 00000000 00000000 00000000 00000000 00000000 00000000 00000000 00000000
scene offset_frac 24 24
00000000 00000000 00000000 00000000 00000000 00000000 00000000 00000000 00000000 00000000 00000000 00000000 00000000 00000000 00000000 00000000 00000000 00000000 00000000 00000000 00000000 00000000 00000000 00000000
00000000 00000000 00000000 00000000 00000000 00000000 00000000 00000000 00000000 00000000 00000000 00000000 00000000 00000000 00000000 00000000 00000000 00000000 00000000 00000000 00000000 00000000 00000000 00000000
00000000 00000000 00000000 00000000 00000000 00000000 00000000 00000000 00000000 00000000 00000000 00000000 00000000 00000000 00000000 00000000 00000000 00000000 00000000 00000000 00000000 00000000 00000000 00000000
00000000 00000000 00000000 00000000 00000000 00000000 00000000 00000000 00000000 00000000 00000000 00000000 00000000 00000000 00000000 00000000 00000000 00000000 00000000 00000000 00000000 00000000 00000000 00000000
00000000 00000000 00000000 00000000 00000000 00000000 ff20c040 ff20c040 ff20c040 ff20c040 00000000 00000000 00000000 00000000 00000000 00000000 00000000 00000000 00000000 00000000 00000000 00000000 00000000 00000000
00000000 00000000 00000000 00000000 00000000 00000000 ff20c040 ff20c040 ff20c040 ff20c040 00000000 00000000 00000000 00000000 00000000 00000000 00000000 00000000 00000000 00000000 00000000 00000000 00000000 00000000
00000000 00000000 00000000 00000000 00000000 00000000 ff20c040 ff20c040 ff20c040 ff20c040 00000000 00000000 00000000 00000000 00000000 00000000 00000000 00000000 00000000 00000000 00000000 00000000 00000000 00000000
00000000 00000000 00000000 00000000 00000000 00000000 00000000 00000000 00000000 00000000 00000000 00000000 00000000 00000000 00000000 00000000 00000000 00000000 00000000 00000000 00000000 00000000 00000000 00000000
00000000 00000000 00000000 00000000 00000000 00000000 00000000 00000000 00000000 00000000 00000000 00000000 00000000 00000000 00000000 00000000 00000000 00000000 00000000 00000000 00000000 00000000 00000000 00000000
00000000 00000000 00000000 00000000 00000000 00000000 00000000 00000000 00000000 00000000 ff0000ff af1300a6 5f150055 d74800b6 873c006b ff8d00be af750079 5f4a003d d7bf007f 87870049 00000000 00000000 00000000 00000000
00000000 00000000 00000000 00000000 00000000 00000000 00000000 00000000 00000000 00000000 d7001ecc 870f1379 ff3824d8 af3a198b 5f2a0d47 d7771e95 875a1357 ffc62497 af9b195f 5f5f0d2f 00000000 00000000 00000000 00000000
00000000 00000000 00000000 00000000 00000000 00000000 00000000 00000000 00000000 00000000 af00319d 5f0a1b50 d72f3dab 872d2665 ff7148b1 af613171 5f3f1b38 d7a73d74 87782642 ffff4870 00000000 00000000 00000000 00000000
00000000 00000000 00000000 00000000 00000000 00000000 00000000 00000000 00000000 00000000 87003a72 ff1c6dcb af264b82 5f202942 d75f5c8a 874b3a50 ffaa6d8a af884b56 5f54292a d7d75c53 00000000 00000000 00000000 00000000
00000000 00000000 00000000 00000000 00000000 00000000 00000000 00000000 00000000 00000000 5f00364c d7187aa0 871e4d5e ff5591a4 af4e6468 5f353633 d78f7a69 87694d3b ffe29163 afaf643b 00000000 00000000 00000000 00000000
00000000 00000000 00000000 00000000 00000000 00000000 00000000 00000000 00000000 00000000 ff00b6be af137d79 5f15443d d748997f 873c6049 ff8db67d af757d4d 5f4a4425 d7bf9949 87876027 00000000 00000000 00000000 00000000
00000000 00000000 00000000 00000000 00000000 00000000 00000000 00000000 00000000 00000000 d700b895 870f7357 ff38da97 af3a965f 5f2a512f d777b85e 875a7334 ffc6da56 af9b9632 5f5f5116 00000000 00000000 00000000 00000000
00000000 00000000 00000000 00000000 00000000 00000000 00000000 00000000 00000000 00000000 af00af71 5f0a5f38 d72fd774 872d8742 ff71ff70 af61af44 5f3f5f20 ebc38327 c3ac5b18 ffef971f 80701808 80701808 00000000 00000000
00000000 00000000 00000000 00000000 00000000 00000000 00000000 00000000 00000000 00000000 00000000 00000000 00000000 00000000 00000000 00000000 00000000 80701808 80701808 80701808 80701808 80701808 00000000 00000000
00000000 00000000 00000000 00000000 00000000 00000000 00000000 00000000 00000000 00000000 00000000 00000000 00000000 00000000 00000000 00000000 00000000 80701808 80701808 80701808 80701808 80701808 00000000 00000000
00000000 00000000 00000000 00000000 00000000 00000000 00000000 00000000 00000000 00000000 00000000 00000000 00000000 00000000 00000000 00000000 00000000 80701808 80701808 80701808 80701808 80701808 00000000 00000000
00000000 00000000 00000000 00000000 00000000 00000000 00000000 00000000 00000000 00000000 00000000 00000000 00000000 00000000 00000000 00000000 00000000 80701808 80701808 80701808 80701808 80701808 00000000 00000000
00000000 00000000 00000000 00000000 00000000 00000000 00000000 00000000 00000000 00000000 00000000 00000000 00000000 00000000 00000000 00000000 00000000 80701808 80701808 80701808 80701808 80701808 00000000 00000000
00000000 00000000 00000000 00000000 00000000 00000000 00000000 00000000 00000000 00000000 00000000 00000000 00000000 00000000 00000000 00000000 00000000 00000000 00000000 00000000 00000000 00000000 00000000 00000000
00000000 00000000 00000000 00000000 00000000 00000000 00000000 00000000 00000000 00000000 00000000 00000000 00000000 00000000 00000000 00000000 00000000 00000000 00000000 00000000 00000000 00000000 00000000 00000000
scene merge 24 24
00000000 00000000 00000000 00000000 00000000 00000000 00000000 00000000 00000000 00000000 00000000 00000000 00000000 00000000 00000000 00000000 00000000 00000000 00000000 00000000 00000000 00000000 00000000 00000000
00000000 00000000 00000000 00000000 00000000 00000000 00000000 00000000 00000000 00000000 00000000 00000000 00000000 00000000 00000000 00000000 00000000 00000000 00000000 00000000 00000000 00000000 00000000 00000000
00000000 3f3f0000 3f3f0000 3f3f0000 3f3f0000 3f3f0000 3f3f0000 3f3f0000 3f3f0000 3f3f0000 3f3f0000 3f3f0000 3f3f0000 3f3f0000 3f3f0000 3f3f0000 3f3f0000 3f3f0000 3f3f0000 3f3f0000 3f3f0000 3f3f0000 3f3f0000 00000000
00000000 3f3f0000 3f3f0000 ff579130 ff579130 ff579130 ff579130 3f3f0000 3f3f0000 3f3f0000 3f3f0000 3f3f0000 3f3f0000 3f3f0000 3f3f0000 3f3f0000 3f3f0000 3f3f0000 3f3f0000 3f3f0000 3f3f0000 3f3f0000 3f3f0000 00000000
00000000 3f3f0000 3f3f0000 ff579130 ff579130 ff579130 ff579130 ff579130 ff579130 ff579130 ff579130 3f3f0000 3f3f0000 3f3f0000 3f3f0000 3f3f0000 3f3f0000 3f3f0000 3f3f0000 3f3f0000 3f3f0000 3f3f0000 3f3f0000 00000000
00000000 3f3f0000 3f3f0000 ff579130 ff579130 ff579130 ff579130 ff579130 ff579130 ff579130 ff579130 3f3f0000 3f3f0000 3f3f0000 3f3f0000 3f3f0000 3f3f0000 3f3f0000 3f3f0000 3f3f0000 3f3f0000 3f3f0000 3f3f0000 00000000
00000000 3f3f0000 3f3f0000 3f3f0000 3f3f0000 3f3f0000 3f3f0000 ff579130 ff579130 ff579130 ff579130 3f3f0000 3f3f0000 3f3f0000 3f3f0000 3f3f0000 3f3f0000 3f3f0000 3f3f0000 3f3f0000 3f3f0000 3f3f0000 3f3f0000 00000000
00000000 3f3f0000 3f3f0000 3f3f0000 3f3f0000 3f3f0000 3f3f0000 3f3f0000 3f3f0000 3f3f0000 3f3f0000 3f3f0000 3f3f0000 3f3f0000 3f3f0000 3f3f0000 3f3f0000 3f3f0000 3f3f0000 3f3f0000 3f3f0000 3f3f0000 3f3f0000 00000000
00000000 3f3f0000 3f3f0000 3f3f0000 3f3f0000 3f3f0000 3f3f0000 ff3f00c0 c34d007d 874f0040 e1750089 a56c0051 ffa9008f c397005b 8777002e e1cf0060 a5a50037 3f3f0000 3f3f0000 3f3f0000 3f3f0000 3f3f0000 3f3f0000 00000000
00000000 3f3f0000 3f3f0000 3f3f0000 3f3f0000 3f3f0000 3f3f0000 e13f179a a54a0e5b ff691ba3 c36b1369 ff5f0aae f59b1784 c78a0e60 ffd41b72 e2c21361 ffc90a7d c397005b 8777002e e1cf0060 a5a50037 3f3f0000 3f3f0000 00000000
00000000 3f3f0000 3f3f0000 3f3f0000 3f3f0000 3f3f0000 3f3f0000 c33f2576 8747143c e1622e81 a5611d4c ff943685 e28c2972 ff892691 f5c43168 c7a8214b ffff3654 a5830e42 ffd41b72 c3b41348 87870a23 3f3f0000 3f3f0000 00000000
00000000 3f3f0000 3f3f0000 3f3f0000 3f3f0000 3f3f0000 3f3f0000 a53f2c56 ff545299 c35c3862 87571f32 f5874b7b c77b3559 ffbf5268 e2b04259 ffb44173 f5ec4b4c 876e142a e1bd2e57 a5991d32 ffff3654 3f3f0000 3f3f0000 00000000
00000000 3f3f0000 3f3f0000 3f3f0000 3f3f0000 3f3f0000 3f3f0000 873f2939 e1515c78 a5563a47 ff7f6d7b e27a5969 ff745c86 f5af655e c7994844 ffe96d4b e2d5593f ffbf5268 c3a53841 877e1f20 e1e1453e 3f3f0000 3f3f0000 00000000
00000000 3f3f0000 3f3f0000 3f3f0000 3f3f0000 3f3f0000 3f3f0000 ff3f898f c34d5e5b 874f332e e1757360 c76c5b52 ffa9895e e29e7050 ff9f7869 f5d87f43 c7b75b2f e1ab5c4f a58e3a2c ffe96d4b c3c34b2c 3f3f0000 3f3f0000 00000000
00000000 3f3f0000 3f3f0000 3f3f0000 3f3f0000 3f3f0000 3f3f0000 e13f8b70 a54a5742 ff69a472 c36b7148 ff5f937d f59b9a55 c78a6f3d ffd4a441 e2c28837 ffc9934b c3975e3a 8777331c e1cf7337 a5a5481d 3f3f0000 3f3f0000 00000000
00000000 3f3f0000 3f3f0000 3f3f0000 3f3f0000 3f3f0000 3f3f0000 c33f8455 8747482a e162a257 a5616632 ff94c054 e28c9f48 ff89af60 fad66c23 e2c8531a fff37217 d2b53d1a ffde6426 c3b47126 87873d11 3f3f0000 3f3f0000 00000000
00000000 3f3f0000 3f3f0000 3f3f0000 3f3f0000 3f3f0000 3f3f0000 3f3f0000 3f3f0000 3f3f0000 3f3f0000 c33f8455 8747482a e162a257 d2a4451f ffbd7230 e1b75420 c3ab3512 f7dc4314 d2c14512 fff37217 9f931206 9f931206 00000000
00000000 3f3f0000 3f3f0000 3f3f0000 3f3f0000 3f3f0000 3f3f0000 3f3f0000 3f3f0000 3f3f0000 3f3f0000 3f3f0000 3f3f0000 3f3f0000 9f931206 9f931206 9f931206 9f931206 d0bd1b09 9f931206 9f931206 9f931206 9f931206 00000000
00000000 3f3f0000 3f3f0000 3f3f0000 3f3f0000 3f3f0000 3f3f0000 3f3f0000 3f3f0000 3f3f0000 3f3f0000 3f3f0000 3f3f0000 3f3f0000 9f931206 9f931206 9f931206 9f931206 d0bd1b09 9f931206 9f931206 9f931206 9f931206 00000000
00000000 3f3f0000 3f3f0000 3f3f0000 3f3f0000 3f3f0000 3f3f0000 3f3f0000 3f3f0000 3f3f0000 3f3f0000 3f3f0000 3f3f0000 3f3f0000 9f931206 9f931206 9f931206 9f931206 d0bd1b09 9f931206 9f931206 9f931206 9f931206 00000000
00000000 3f3f0000 3f3f0000 3f3f0000 3f3f0000 3f3f0000 3f3f0000 3f3f0000 3f3f0000 3f3f0000 3f3f0000 3f3f0000 3f3f0000 3f3f0000 9f931206 9f931206 9f931206 9f931206 d0bd1b09 9f931206 9f931206 9f931206 9f931206 00000000
00000000 00000000 00000000 00000000 00000000 00000000 00000000 00000000 00000000 00000000 00000000 00000000 00000000 00000000 00000000 00000000 00000000 00000000 00000000 00000000 00000000 00000000 00000000 00000000
00000000 00000000 00000000 00000000 00000000 00000000 00000000 00000000 00000000 00000000 00000000 00000000 00000000 00000000 00000000 00000000 00000000 00000000 00000000 00000000 00000000 00000000 00000000 00000000
00000000 00000000 00000000 00000000 00000000 00000000 00000000 00000000 00000000 00000000 00000000 00000000 00000000 00000000 00000000 00000000 00000000 00000000 00000000 00000000 00000000 00000000 00000000 00000000
scene erode 24 24
00000000 00000000 00000000 00000000 00000000 00000000 00000000 00000000 00000000 00000000 00000000 00000000 00000000 00000000 00000000 00000000 00000000 00000000 00000000 00000000 00000000 00000000 00000000 00000000
00000000 00000000 00000000 00000000 00000000 00000000 00000000 00000000 00000000 00000000 00000000 00000000 00000000 00000000 00000000 00000000 00000000 00000000 00000000 00000000 00000000 00000000 00000000 00000000
00000000 00000000 00000000 00000000 00000000 00000000 00000000 00000000 00000000 00000000 00000000 00000000 00000000 00000000 00000000 00000000 00000000 00000000 00000000 00000000 00000000 00000000 00000000 00000000
00000000 00000000 00000000 00000000 00000000 00000000 00000000 00000000 00000000 00000000 00000000 00000000 00000000 00000000 00000000 00000000 00000000 00000000 00000000 00000000 00000000 00000000 00000000 00000000
00000000 00000000 00000000 00000000 ff20c040 ff20c040 00000000 00000000 00000000 00000000 00000000 00000000 00000000 00000000 00000000 00000000 00000000 00000000 00000000 00000000 00000000 00000000 00000000 00000000
00000000 00000000 00000000 00000000 00000000 00000000 00000000 00000000 00000000 00000000 00000000 00000000 00000000 00000000 00000000 00000000 00000000 00000000 00000000 00000000 00000000 00000000 00000000 00000000
00000000 00000000 00000000 00000000 00000000 00000000 00000000 00000000 00000000 00000000 00000000 00000000 00000000 00000000 00000000 00000000 00000000 00000000 00000000 00000000 00000000 00000000 00000000 00000000
00000000 00000000 00000000 00000000 00000000 00000000 00000000 00000000 00000000 00000000 00000000 00000000 00000000 00000000 00000000 00000000 00000000 00000000 00000000 00000000 00000000 00000000 00000000 00000000
00000000 00000000 00000000 00000000 00000000 00000000 00000000 00000000 00000000 00000000 00000000 00000000 00000000 00000000 00000000 00000000 00000000 00000000 00000000 00000000 00000000 00000000 00000000 00000000
00000000 00000000 00000000 00000000 00000000 00000000 00000000 00000000 5f000050 5f0a0050 5f150047 5f2a0047 5f2a0038 5f3f0038 5f3f0038 5f4a002f 00000000 00000000 00000000 00000000 00000000 00000000 00000000 00000000
00000000 00000000 00000000 00000000 00000000 00000000 00000000 00000000 5f001350 5f0a1342 5f200d42 5f200d42 5f2a0d38 5f3f1338 5f3f132a 5f540d2a 00000000 00000000 00000000 00000000 00000000 00000000 00000000 00000000
00000000 00000000 00000000 00000000 00000000 00000000 00000000 00000000 5f001b4c 5f0a1b42 5f1e2642 5f202633 5f351b33 5f351b33 5f3f1b2a 5f54262a 00000000 00000000 00000000 00000000 00000000 00000000 00000000 00000000
00000000 00000000 00000000 00000000 00000000 00000000 00000000 00000000 5f00363d 5f13293d 5f15293d 5f202933 5f353633 5f353625 5f4a2925 5f4a2925 00000000 00000000 00000000 00000000 00000000 00000000 00000000 00000000
00000000 00000000 00000000 00000000 00000000 00000000 00000000 00000000 5f00363d 5f0f443d 5f15442f 5f2a362f 5f2a362f 5f353625 5f4a4425 5f4a4416 00000000 00000000 00000000 00000000 00000000 00000000 00000000 00000000
00000000 00000000 00000000 00000000 00000000 00000000 00000000 00000000 5f004438 5f0a4438 5f15442f 5f2a512f 5f2a5120 5f3f4420 5f3f4418 5f4a4416 00000000 00000000 00000000 00000000 00000000 00000000 00000000 00000000
00000000 00000000 00000000 00000000 00000000 00000000 00000000 00000000 00000000 00000000 00000000 00000000 00000000 00000000 00000000 5f5f1808 00000000 00000000 00000000 00000000 00000000 00000000 00000000 00000000
00000000 00000000 00000000 00000000 00000000 00000000 00000000 00000000 00000000 00000000 00000000 00000000 00000000 00000000 00000000 80701808 80701808 80701808 00000000 00000000 00000000 00000000 00000000 00000000
00000000 00000000 00000000 00000000 00000000 00000000 00000000 00000000 00000000 00000000 00000000 00000000 00000000 00000000 00000000 80701808 80701808 80701808 00000000 00000000 00000000 00000000 00000000 00000000
00000000 00000000 00000000 00000000 00000000 00000000 00000000 00000000 00000000 00000000 00000000 00000000 00000000 00000000 00000000 80701808 80701808 80701808 00000000 00000000 00000000 00000000 00000000 00000000
00000000 00000000 00000000 00000000 00000000 00000000 00000000 00000000 00000000 00000000 00000000 00000000 00000000 00000000 00000000 80701808 80701808 80701808 00000000 00000000 00000000 00000000 00000000 00000000
00000000 00000000 00000000 00000000 00000000 00000000 00000000 00000000 00000000 00000000 00000000 00000000 00000000 00000000 00000000 00000000 00000000 00000000 00000000 00000000 00000000 00000000 00000000 00000000
00000000 00000000 00000000 00000000 00000000 00000000 00000000 00000000 00000000 00000000 00000000 00000000 00000000 00000000 00000000 00000000 00000000 00000000 00000000 00000000 00000000 00000000 00000000 00000000
00000000 00000000 00000000 00000000 00000000 00000000 00000000 00000000 00000000 00000000 00000000 00000000 00000000 00000000 00000000 00000000 00000000 00000000 00000000 00000000 00000000 00000000 00000000 00000000
00000000 00000000 00000000 00000000 00000000 00000000 00000000 00000000 00000000 00000000 00000000 00000000 00000000 00000000 00000000 00000000 00000000 00000000 00000000 00000000 00000000 00000000 00000000 00000000
scene dilate 24 24
00000000 00000000 00000000 00000000 00000000 00000000 00000000 00000000 00000000 00000000 00000000 00000000 00000000 00000000 00000000 00000000 00000000 00000000 00000000 00000000 00000000 00000000 00000000 00000000
00000000 00000000 00000000 00000000 00000000 00000000 00000000 00000000 00000000 00000000 00000000 00000000 00000000 00000000 00000000 00000000 00000000 00000000 00000000 00000000 00000000 00000000 00000000 00000000
00000000 ff20c040 ff20c040 ff20c040 ff20c040 ff20c040 ff20c040 ff20c040 ff20c040 00000000 00000000 00000000 00000000 00000000 00000000 00000000 00000000 00000000 00000000 00000000 00000000 00000000 00000000 00000000
00000000 ff20c040 ff20c040 ff20c040 ff20c040 ff20c040 ff20c040 ff20c040 ff20c040 00000000 00000000 00000000 00000000 00000000 00000000 00000000 00000000 00000000 00000000 00000000 00000000 00000000 00000000 00000000
00000000 ff20c040 ff20c040 ff20c040 ff20c040 ff20c040 ff20c040 ff20c040 ff20c040 00000000 00000000 00000000 00000000 00000000 00000000 00000000 00000000 00000000 00000000 00000000 00000000 00000000 00000000 00000000
00000000 ff20c040 ff20c040 ff20c040 ff20c040 ff20c040 ff20c040 ff20c040 ff20c040 00000000 00000000 00000000 00000000 00000000 00000000 00000000 00000000 00000000 00000000 00000000 00000000 00000000 00000000 00000000
00000000 ff20c040 ff20c040 ff20c040 ff20c040 ff20c040 ff20c040 ff20c040 ff20c040 00000000 00000000 00000000 00000000 00000000 00000000 00000000 00000000 00000000 00000000 00000000 00000000 00000000 00000000 00000000
00000000 00000000 00000000 00000000 00000000 ff0000ff ff1300ff ff1500ff ff4800ff ff4800ff ff8d00be ff8d00be ff8d00be ffbf00be ffbf00be d7bf007f d7bf007f d7bf007f 87870049 00000000 00000000 00000000 00000000 00000000
00000000 00000000 00000000 00000000 00000000 ff001eff ff131eff ff3824ff ff4824ff ff4824ff ff8d24d8 ff8d24d8 ffc624be ffc624be ffc624be ffc62497 ffc62497 d7bf197f 87870d49 00000000 00000000 00000000 00000000 00000000
00000000 00000000 00000000 00000000 00000000 ff0031ff ff1331ff ff383dff ff483dff ff7148ff ff8d48d8 ff8d48d8 ffc648be ffc648be ffff48be ffff4897 ffff4897 ffff487f ffff4870 00000000 00000000 00000000 00000000 00000000
00000000 00000000 00000000 00000000 00000000 d7003acc ff1c6dcc ff386dd8 ff3a6dd8 ff716dd8 ff776dd8 ffaa6dd8 ffc66db1 ffc66db1 ffff6d97 ffff6d97 ffff5c97 ffff5c70 ffff5c70 00000000 00000000 00000000 00000000 00000000
00000000 00000000 00000000 00000000 00000000 af003a9d ff1c7acb ff2f7acb ff5591cb ff7191cb ff7191cb ffaa91b1 ffaa91b1 ffe291b1 ffff918a ffff918a ffff9174 ffff9170 ffff6470 00000000 00000000 00000000 00000000 00000000
00000000 00000000 00000000 00000000 00000000 ff00b6be ff1cb6cb ff26b6cb ff55b6cb ff5fb6cb ff8db6cb ffaab6a4 ffaab6a4 ffe2b68a ffe2b68a ffe2998a ffe29963 ffe29963 d7d76453 00000000 00000000 00000000 00000000 00000000
00000000 00000000 00000000 00000000 00000000 ff00b8be ff18b8be ff38dabe ff55dabe ff55dabe ff8ddaa4 ff8fdaa4 ffc6daa4 ffe2da7d ffe2da7d ffe2da69 ffe2da63 ffe29963 afaf643b 00000000 00000000 00000000 00000000 00000000
00000000 00000000 00000000 00000000 00000000 ff00b8be ff13b8be ff38dabe ff48dabe ff71ffbe ff8dff97 ff8dff97 ffc6ff7f ffc6ff7d ffefda7d ffefda56 ffefda56 ffef9949 ffef9727 80701808 80701808 00000000 00000000 00000000
00000000 00000000 00000000 00000000 00000000 d700b895 d70fb895 ff38da97 ff3ada97 ff71ff97 ff77ff97 ff77ff97 ffc6ff70 ffc6ff70 ffefda5e ffefda56 ffefda56 ffef9732 ffef971f 80701808 80701808 00000000 00000000 00000000
00000000 00000000 00000000 00000000 00000000 af00af71 af0aaf71 d72fd774 d72fd774 ff71ff74 ff71ff74 ff71ff74 ffc3ff70 ffc3ff70 ffefaf44 ffef9727 ffef9727 ffef971f ffef971f 80701808 80701808 00000000 00000000 00000000
00000000 00000000 00000000 00000000 00000000 00000000 00000000 00000000 00000000 00000000 00000000 00000000 80701808 80701808 80701808 80701808 80701808 80701808 80701808 80701808 80701808 00000000 00000000 00000000
00000000 00000000 00000000 00000000 00000000 00000000 00000000 00000000 00000000 00000000 00000000 00000000 80701808 80701808 80701808 80701808 80701808 80701808 80701808 80701808 80701808 00000000 00000000 00000000
00000000 00000000 00000000 00000000 00000000 00000000 00000000 00000000 00000000 00000000 00000000 00000000 80701808 80701808 80701808 80701808 80701808 80701808 80701808 80701808 80701808 00000000 00000000 00000000
00000000 00000000 00000000 00000000 00000000 00000000 00000000 00000000 00000000 00000000 00000000 00000000 80701808 80701808 80701808 80701808 80701808 80701808 80701808 80701808 80701808 00000000 00000000 00000000
00000000 00000000 00000000 00000000 00000000 00000000 00000000 00000000 00000000 00000000 00000000 00000000 80701808 80701808 80701808 80701808 80701808 80701808 80701808 80701808 80701808 00000000 00000000 00000000
00000000 00000000 00000000 00000000 00000000 00000000 00000000 00000000 00000000 00000000 00000000 00000000 00000000 00000000 00000000 00000000 00000000 00000000 00000000 00000000 00000000 00000000 00000000 00000000
00000000 00000000 00000000 00000000 00000000 00000000 00000000 00000000 00000000 00000000 00000000 00000000 00000000 00000000 00000000 00000000 00000000 00000000 00000000 00000000 00000000 00000000 00000000 00000000
scene flood 24 24
00000000 00000000 00000000 00000000 00000000 00000000 00000000 00000000 00000000 00000000 00000000 00000000 00000000 00000000 00000000 00000000 00000000 00000000 00000000 00000000 00000000 00000000 00000000 00000000
00000000 00000000 00000000 00000000 00000000 00000000 00000000 00000000 00000000 00000000 00000000 00000000 00000000 00000000 00000000 00000000 00000000 00000000 00000000 00000000 00000000 00000000 00000000 00000000
00000000 00000000 00000000 00000000 00000000 00000000 00000000 00000000 00000000 00000000 00000000 00000000 00000000 00000000 00000000 00000000 00000000 00000000 00000000 00000000 00000000 00000000 00000000 00000000
00000000 00000000 00000000 00000000 00000000 00000000 00000000 00000000 00000000 00000000 00000000 00000000 00000000 00000000 00000000 00000000 00000000 00000000 00000000 00000000 00000000 00000000 00000000 00000000
00000000 00000000 00000000 b2152a3f b2152a3f b2152a3f b2152a3f b2152a3f b2152a3f b2152a3f b2152a3f b2152a3f 00000000 00000000 00000000 00000000 00000000 00000000 00000000 00000000 00000000 00000000 00000000 00000000
00000000 00000000 00000000 b2152a3f b2152a3f b2152a3f b2152a3f b2152a3f b2152a3f b2152a3f b2152a3f b2152a3f 00000000 00000000 00000000 00000000 00000000 00000000 00000000 00000000 00000000 00000000 00000000 00000000
00000000 00000000 00000000 b2152a3f b2152a3f b2152a3f b2152a3f b2152a3f b2152a3f b2152a3f b2152a3f b2152a3f 00000000 00000000 00000000 00000000 00000000 00000000 00000000 00000000 00000000 00000000 00000000 00000000
00000000 00000000 00000000 b2152a3f b2152a3f b2152a3f b2152a3f b2152a3f b2152a3f b2152a3f b2152a3f b2152a3f 00000000 00000000 00000000 00000000 00000000 00000000 00000000 00000000 00000000 00000000 00000000 00000000
00000000 00000000 00000000 b2152a3f b2152a3f b2152a3f b2152a3f b2152a3f b2152a3f b2152a3f b2152a3f b2152a3f 00000000 00000000 00000000 00000000 00000000 00000000 00000000 00000000 00000000 00000000 00000000 00000000
00000000 00000000 00000000 00000000 00000000 00000000 00000000 00000000 00000000 00000000 00000000 00000000 00000000 00000000 00000000 00000000 00000000 00000000 00000000 00000000 00000000 00000000 00000000 00000000
00000000 00000000 00000000 00000000 00000000 00000000 00000000 00000000 00000000 00000000 00000000 00000000 00000000 00000000 00000000 00000000 00000000 00000000 00000000 00000000 00000000 00000000 00000000 00000000
00000000 00000000 00000000 00000000 00000000 00000000 00000000 00000000 00000000 00000000 00000000 00000000 00000000 00000000 00000000 00000000 00000000 00000000 00000000 00000000 00000000 00000000 00000000 00000000
00000000 00000000 00000000 00000000 00000000 00000000 00000000 00000000 00000000 00000000 00000000 00000000 00000000 00000000 00000000 00000000 00000000 00000000 00000000 00000000 00000000 00000000 00000000 00000000
00000000 00000000 00000000 00000000 00000000 00000000 00000000 00000000 00000000 00000000 00000000 00000000 00000000 00000000 00000000 00000000 00000000 00000000 00000000 00000000 00000000 00000000 00000000 00000000
00000000 00000000 00000000 00000000 00000000 00000000 00000000 00000000 00000000 00000000 00000000 00000000 00000000 00000000 00000000 00000000 00000000 00000000 00000000 00000000 00000000 00000000 00000000 00000000
00000000 00000000 00000000 00000000 00000000 00000000 00000000 00000000 00000000 00000000 00000000 00000000 00000000 00000000 00000000 00000000 00000000 00000000 00000000 00000000 00000000 00000000 00000000 00000000
00000000 00000000 00000000 00000000 00000000 00000000 00000000 00000000 00000000 00000000 00000000 00000000 00000000 00000000 00000000 00000000 00000000 00000000 00000000 00000000 00000000 00000000 00000000 00000000
00000000 00000000 00000000 00000000 00000000 00000000 00000000 00000000 00000000 00000000 00000000 00000000 00000000 00000000 00000000 00000000 00000000 00000000 00000000 00000000 00000000 00000000 00000000 00000000
00000000 00000000 00000000 00000000 00000000 00000000 00000000 00000000 00000000 00000000 00000000 00000000 00000000 00000000 00000000 00000000 00000000 00000000 00000000 00000000 00000000 00000000 00000000 00000000
00000000 00000000 00000000 00000000 00000000 00000000 00000000 00000000 00000000 00000000 00000000 00000000 00000000 00000000 00000000 00000000 00000000 00000000 00000000 00000000 00000000 00000000 00000000 00000000
00000000 00000000 00000000 00000000 00000000 00000000 00000000 00000000 00000000 00000000 00000000 00000000 00000000 00000000 00000000 00000000 00000000 00000000 00000000 00000000 00000000 00000000 00000000 00000000
00000000 00000000 00000000 00000000 00000000 00000000 00000000 00000000 00000000 00000000 00000000 00000000 00000000 00000000 00000000 00000000 00000000 00000000 00000000 00000000 00000000 00000000 00000000 00000000
00000000 00000000 00000000 00000000 00000000 00000000 00000000 00000000 00000000 00000000 00000000 00000000 00000000 00000000 00000000 00000000 00000000 00000000 00000000 00000000 00000000 00000000 00000000 00000000
00000000 00000000 00000000 00000000 00000000 00000000 00000000 00000000 00000000 00000000 00000000 00000000 00000000 00000000 00000000 00000000 00000000 00000000 00000000 00000000 00000000 00000000 00000000 00000000
scene fractal_noise 24 24
7a3f3e30 85413021 8437261c 83332621 8031292a 81342832 8e43273e 95502b49 92513651 8d4b4255 8144404d 773f373e 7e46313a 9a5d334c b6793466 c1833673 be7d3b6e b66d456a ac5f4a69 a459496b 8c404060 6c23364b 621a303f 6f252d39
743d462b 884a3e1f 843c2f1c 7e2d2b20 83242a28 8627252b 7f2d1f2b 702a1e30 732b253d 8337314a 8547374a 7e4a3444 7c452b3e 89492442 94512450 9a59295c 9d5b315a 974d3951 93454057 9b4c456c 96474273 7f343b5e 702c3745 7d3a3938
854d502f 96604d25 90554125 89433b2a 8c353835 892e3037 762a2931 6421272e 6c213135 832e4040 8f454546 91533c4d 90512a4d 8c4b1c47 763f1440 60361338 5d331735 612e2133 6d30303f 84403e57 8f4b4566 89474b5d 82454f47 884e5237
8f54542e 986c4e26 966b452b 915f4134 8f4e3c42 843a3342 6b272f36 601a3531 6b1a4337 79234e3c 84354f3e 954b4747 9c563550 8a50224a 6338133b 3e200e25 32170f1c 3d171621 5d232636 823a3a51 98545164 9b5d6363 8b555f4b 7f4c5638
8c584830 a2724c26 af7a4d2b aa734f39 a4694a4a 92534249 7737403c 7025493f 7b22534f 822a5456 8133524b 853b5042 84404641 723e313e 5f37223a 4f2a1e2d 441f1f23 451a2120 5d252c2c 80404040 9d635e54 a7796d5f 926c5b4e 7a54483c
a570503f c6886331 d38b682a c68b6337 b489554e 99744b54 7b544847 72404e4a 7b3d565c 823f5565 7b384e57 732f4a4a 6f2d4645 67323c42 653a3342 5e372e37 532b2e2a 50263222 64344327 82515d2f 9e72763b ae897749 a9855f49 9c754b44
c57a6d50 d48a7a47 c68b6635 b28e4f38 a089404b 886e3e53 6b503d46 61434346 6a424c55 74404d5f 6d313f54 6929384e 6e2f3f4f 723a454d 72404349 60313837 4f213326 4e203921 65324f27 834b6728 925e7328 9c707231 a37a643c a97a5642
bf657156 b86f6e4e 9b6c4c3a 896d3836 8a703441 87633d4a 724c4244 6944464a 73474b5f 8045486e 7a373861 71322f51 70383648 743f4144 763f4b40 682e4731 581f4323 501b3e1e 59234220 6831491e 6d3e4f1c 73505324 7f625330 8f6a4f37
9b4d654c 914d5d45 7748402f 6d4b3027 7a582e2c 8a5c393b 824e4243 74464548 74474654 834a4467 8e493d6b 86473759 713f3741 63333936 612c4030 6126462b 5f224929 6021472d 6226412e 5d2d3a24 4f30341b 513a341e 674e3c29 7e5b402f
89455349 8b4b5444 804e422e 7b503522 7c503123 81483934 7c3c4142 70384343 733f454a 874a475f a1554671 a4584363 8a484146 71313e37 6c263f30 75254731 7c274d39 892c4e4c 8e374951 80404040 613c352a 55383122 673f3a25 7c464325
854e444e 89564b45 86594135 8f583d2e 9752442d 9b455239 95385947 933c5953 9b4d5762 a65f4e75 b26d4480 b3733f70 a6684153 94524542 8f434d3b 9540593f 9e415e4c a03e5757 9b3e4952 8e433d43 78433635 6038322a 572c3424 5d253d1f
7953433f 845b543a 8d585339 a350583e b54b6439 bb466e36 b43e6a41 b5426851 b557615f ad6d5069 9e733f6e 95733b66 956f4054 8e634440 84544a37 814e513c 8b525849 894d5249 81474643 80493b3f 7f50323f 6d432c36 50272926 4115291b
794f4d34 95636b3d ad65764b c0547d53 c1447e49 b33b743b a437643c a53d5e41 a44d5643 985b4547 8157344c 734f324a 734b3a42 6d453c33 633d3a28 603b3a28 6b434130 72484337 744c3d3d 78513540 7e552a40 75482536 5d2b2626 4715261b
76464c32 925c6642 b4647d62 c8558f75 c6458771 a9406654 8e424b41 8d4d443c 91553f3b 8a51323a 72412439 63342539 6332323b 5e2f3832 572e3a2a 5a353c26 6a44452a 7d504c36 7f4d423d 73443136 6e42232f 6c3b1e2a 632c2324 4d1a211c
7e4b4e3c 8d555f4a ab56796d be4a8e85 bd3f8480 9a3f5858 78423a3a 7953353b 86603445 87582b48 7843203e 763a253b 7f3f3a40 783b463c 68324837 64334534 76444e3a 93545b4b 964f5650 80404040 6e372932 662d1b2e 5d201a29 4a171920
7c4c4649 87505750 9a4c6962 a442756f 9e387068 7f35524b 66373937 67473238 7255313d 7752303d 77452c36 85453132 9b514831 9650562d 7f3e4f2e 6b2f3f30 72343f39 8f444d54 9c4b5166 8f42455a 7e363144 712d2336 62241e2b 4d1f1c22
7c474c53 84485b5e 8a3e6164 8a355f63 7c2d5453 64293e3f 562c2d35 5e3d2636 69492633 734a2d2e 7a43312e 8b423830 a6504c30 ac5a5e29 9f595c26 88464e2d 803b4b39 8e434f52 994a4c60 95424456 8e363c43 8a353338 7e392d34 6536272c
8d4b6557 9244756d 9536797a 912c7172 7321514f 4d1a2d2f 401c1f26 522e1d2e 68401e32 78482630 80422b31 90413338 ab4d473e b75b5c3b b1646337 9c575c3b 8f4b5b43 95535b53 9b5b5556 98554e4c 9d474a45 a8454147 a64b394f 8a4c3444
8e496a52 92407b6a 9f39867c a0377e75 7f2a5a52 58213634 4f252a2d 5732232f 603c1e2d 6b461f29 7547222a 81422933 95453b3e a14d4d41 944b5040 8042473e 7a43483d 86554d45 8a5d4947 86544443 974e4645 b34f484e bf5a495b aa5e4758
7d3b5252 88356468 a237717c ac406e77 9a3d595b 833a4645 81453e3f 7b4a343a 6e462c2b 6d482c21 70472d23 703e2e2e 7a3d393c 84414941 7638483b 642f3e32 6839402f 7d4c4837 834d453e 80404040 903b4143 ac41404d b850405a ac57435c
8e364d5d a0376675 b63c7388 b741697e a7424e5d 93433644 8a462d3d 84462d3a 7b43302e 75433222 73413423 763c3c33 7f3a4c47 8239564d 75315442 682d4b33 6b374a2e 834c4e35 97534943 a14a434f aa3d3a5a b5372e66 bc422c6e b84d3364
a6434e61 b74e6970 bd52737c ac4a646e 9c4c4a58 8c4d3447 7b422b41 763b2d41 783f2f3a 72442b2c 71442e27 7d443d31 853e4d47 7d364c51 792f4c51 79304a48 7839443f 814b3e3f 96593a4d a7583664 aa492977 ac432080 b750247b bf5d2f69
a5515262 ad576267 a6526069 9049525a 874e444e 80533948 73453248 753e3650 80453851 814f3444 7d523135 82533534 854e3a42 80463851 8a424062 97434566 964b405e 90543b53 92553a57 97503867 90462972 8b451e72 9454206c a1602863
a9535b5e aa516e5b 94496650 7c455244 724a403d 6f4a363e 693f3144 723a3652 80413858 824c334c 7b4f2e38 80542f31 8d5b333d 945c3553 9b594164 9b4e4761 97494355 964e434a 9855444d 96543d5c 82482f5f 71402856 73442950 834b2d56
scene turbulence_stitch 24 24
36100717 752c0e40 8737194a 69231a3e 5a172232 500c150e 2c090508 510c0e29 731f0f46 72190c48 90263745 7b152b33 3c070b04 36100717 752c0e40 8737194a 69231a3e 5a172232 500c150e 25080506 23060d12 1a080c0f 0c030708 4115281b
270c070f 6622123e 8334184d 75281a32 731d2336 5d181b11 4215120b 5a101529 7a1e1853 80190d5d 96233a42 921a3934 540b1607 270c070f 6622123e 8334184d 75281a32 731d2336 5d181b11 3b12110a 2c081214 1e081114 1b060f13 49132c21
3c0f0d13 501a0d2d 6c241245 7b251841 7a241b29 501b1611 390f120a 56101923 7f1d1b54 83160d5b 9a202f46 8813322f 4c071207 3c0f0d13 501a0d2d 6c241245 7b251841 7a241b29 501b1611 320d1108 28081310 23091417 1e061014 50122922
40140b15 5c280c31 732e0f4c 81251d45 80231237 470f110f 380b0f0b 570d1b1a 7f1c184f 9521095d 962d273f 6d0f1d21 4b070d08 40140b15 5c280c31 732e0f4c 81251d45 80231237 470f110f 31090e0a 2a07140c 26091518 300c181d 4e19261e
38140913 67280c33 7425033d 7f1f1c48 6d121c2d 2d070608 2e050808 510d191e 68191d37 811d0543 7124162e 4d110f13 1b020201 38140913 67280c33 7425033d 7f1f1c48 6d121c2d 2d070608 27040807 2607120e 13050c0a 1c070d0f 2b0f1212
2b090a0f 6b231130 781c0e42 81211640 640f1b24 2806090a 25050304 470e101b 711b2043 6f260838 5d220d2c 290b030c 19020201 2b090a0f 6b231130 781c0e42 81211640 640f1b24 2806090a 1e040303 1d060b0b 20081314 0b040506 210e0d11
53081618 621e1932 79161a53 86191448 540f181a 360c110c 46121109 571b0e23 7b212046 7f340d4e 61270d37 36110912 44090b08 53081618 621e1932 79161a53 86191448 540f181a 360c110c 40101108 2e0f0f14 2e0d1a1c 200e1016 3218141f
7c0c282e 7d19243d 80181553 88171451 4c120b1d 320e0e07 5c1b1a12 611e1123 6d241748 6c25044a 4f1e072f 2e0c060e 4a071107 7c0c282e 7d19243d 80181553 88171451 4c120b1d 320e0e07 56191a11 3a121316 220c1118 1106070d 25130e17
920c2c42 88102046 861d0b4c 7b1d1953 5f19142e 340f0a06 4917160f 69261822 6f29143d 6927114a 5c1f0c36 2106020b 4e0c1406 920c2c42 88102046 861d0b4c 7b1d1953 5f19142e 340f0a06 4315150e 41181917 240e1116 0d05070a 140a090c
870b1b42 8e1d1055 7b20033e 7f261c54 5d1c1e31 22080507 4b11120e 6a1f1a2a 69291231 732b1248 7221113d 370d0a14 37090904 870b1b42 8e1d1055 7b20033e 7f261c54 5d1c1e31 22080507 4510130d 42141b1b 1b0b0d0e 12070a0c 25101012
66180c2e 872b1655 77200a3f 73201a4a 48131825 27050807 29030508 4f0c0b24 6a230d3a 741e0636 7e1b1f42 5d0a1c26 00000000 66180c2e 872b1655 77200a3f 73201a4a 48131825 27050807 23030507 24060b11 16080a0d 0e040707 2f101814
2d0d0513 6c280a3c 7f321a47 64201a3c 58162233 510c1610 29090406 4d0b0c25 711d0c42 73180f47 94253c45 83163135 45090e04 2d0d0513 6c280a3c 7f321a47 64201a3c 58162233 510c1610 22070405 1f050a0f 1406090b 13040a0b 48152d1c
1b08060b 4716102c 69261a40 631e1b2e 6c192538 60192019 38130c06 4f0b0c1d 72161245 82121956 a31f4d42 aa205239 73102908 1b08060b 4716102c 69261a40 631e1b2e 6c192538 60192019 34110c06 1c040a0a 21071113 31071a1f 5f0f3c27
4a111919 1505060c 390e1126 57141934 6a1b1f2e 541d1e1e 2c0d0e09 3e0a0f0e 6e0e1c38 8307224b b2145243 b51f6138 850f380a 4a111919 1505060c 390e1126 57141934 6a1b1f2e 541d1e1e 340f0f0a 23050c07 39071a1a 49032325 7b134528
601b2421 260d0c15 23090b19 470b192c 6414183a 4d101b1f 320c100f 31061002 620a1d26 8f0b2b3f b3255836 ac1a572b 9c12450e 601b2421 260d0c15 23090b19 470b192c 6414183a 4d101b1f 390e1111 31060d02 4c071b18 6f0c2c27 8c2b4a20
621b2522 410f1521 1402050b 2f03111e 45041827 31070d15 2c060d0e 1c030b04 3b071a0d 720a271f 8f1f4524 991f481b 800b3306 621b2522 410f1521 1402050b 2f03111e 45041827 31070d15 33070e11 38050c0b 46071709 6e0d2213 792a3718
530d241c 50101d24 2a050f18 21050a12 2e031018 28060e15 23040709 05010201 3205180b 52101f11 731d3320 79182c18 7e08330a 530d241c 50101d24 2a050f18 21050a12 2e031018 28060e15 2a04080b 37050c0d 5b071514 6a17180b 782d2a1b
670b271b 54182129 3e131b26 38120f1a 1703070c 2e0a111a 3a091014 17040804 29071306 54182117 741e3027 821a391c 95113919 670b271b 54182129 3e131b26 38120f1a 1703070c 2e0a111a 400a1117 43081111 6e0c1919 8624121b 8c2f2627
751b2229 59241d29 542a1d28 461d0f1e 1e06040f 22090912 420d0f1d 23040c06 12040704 2f0c0f0f 5a12201c 6e092912 810a2815 751b2229 59241d29 542a1d28 461d0f1e 1e06040f 22090912 470f1020 47041512 610b1a20 78150827 7f1b1b25
6523202a 4923111c 5c341020 4c220e21 310d0414 260a040d 2308090f 25060c0a 20080a04 13050706 3c0d1510 510c150c 630b1b0d 6523202a 4923111c 5c341020 4c220e21 310d0414 260a040d 27090a11 3f041518 5a0a1916 6c0a1c24 700f1927
34131015 3c1d0e18 49260216 49200c19 3d13050f 1f070108 2a070c0c 29060b0b 31110f09 220a0909 210c0907 250a0605 30070b04 34131015 3c1d0e18 49260216 49200c19 3d13050f 1f070108 2c070d0d 3b021217 560c1f15 59061c18 66142124
0c040203 27110b0e 3612090e 41180c0c 320b0707 2c050705 35050904 340c080e 3a1a0f16 3515080e 23120609 1c090407 00000000 0c040203 27110b0e 3612090e 41180c0c 320b0707 2c050705 36040a04 3e060e0f 4d0f1f19 4f071912 50191e20
230b0806 04010201 2f0f0c0c 491b0f11 4d0e1913 26060c08 3c100908 4d1a0a16 4b24131a 4d21091c 2f19090e 37111010 31070608 230b0806 04010201 2f0f0c0c 491b0f11 4d0e1913 26060c08 3d0e0806 500f120b 4f0e2312 4e061c17 42171c1d
40101007 17040605 18070507 44161010 510d221d 2c0a130e 3413100c 56241411 5b2c1f1c 5c281822 381a0a10 5c181f17 5c100c14 40101007 17040605 18070507 44161010 510d221d 2c0a130e 3412100b 52171204 4f0f240e 43051c15 2f0f1116
scene turbulence_scale 24 24
45150916 340f0811 2009060b 0b030204 0a030204 1c08040c 2d0d0313 3a110116 45140417 4d150914 51150d0f 4e130c07 43110900 340d0504 22090205 10040003 02000000 0f040103 18060105 1a050006 12030105 01000000 19050208 310b0211
05000000 05000100 0d000302 13000503 16000704 16000705 14010504 10010303 0d010102 0b010001 0c010100 0a010101 05010001 01000000 07010001 0c020102 0f030103 11030202 10020201 0c010101 04000000 0d010101 23020204 37020209
22060203 22060102 1c050401 12030400 03000100 0d020501 1e040b04 2d051005 38061104 3d070e01 3a060903 32040505 27020306 19000104 0a000001 05000001 14000001 21010100 2c030203 34060605 390a0a05 420d0d03 4e0e0f03 570d0d0a
1e070101 10030200 05010100 1d040901 36071504 4c092207 5f0a2e0b 6b0a340e 710a340e 6f082d0b 66062307 51041503 35030901 15010200 0b010000 28050301 400a0a03 520f1105 5c141706 5e171b06 59171c04 53131901 4c0d1408 44080f0d
01000000 18010401 34000c02 4f011704 65032406 73032e08 7902330b 7601310d 6c012b0e 5e02210d 4e04170b 32030a08 0f000202 14000003 34040608 4c0a0f0a 5a11170a 5f151b06 5a151a02 4e111602 3d0b1004 27040805 10000203 05000001
12010101 2e050401 4a0b0a01 600f1003 6d0f1505 6e0c1606 63071404 50030e01 36010801 1d010302 09010001 13010002 30020508 4a000d0e 5b051513 610a1813 5c0d170e 4b0b1008 34070802 1a020301 01000000 1d030104 3d0a0609 56120d0f
14010202 08010101 23030107 3905000d 45040212 46010213 3c030210 2903000b 10020104 09010102 1e020405 35020a06 4b031102 5b051706 6008180e 5a081412 48060c11 2d03040b 0d000003 11010103 2a050505 480f0e06 67191a05 7e212705
4b010607 33000207 17000005 03000001 17020207 2104030d 2204020e 1a03000c 0a010005 0a010104 1e01050d 33000b12 44001010 4c001107 4a010e03 3c01080a 23000209 02000001 2103030b 410a0814 57150c16 72241217 8c331918 9f3b201a
52010301 41050703 29060704 10030403 07020202 18050707 2106080b 2105050c 1802020a 09000004 0c010105 2203050c 3404080d 3d040807 3b030601 2f010207 18010006 06000002 2703030c 430a0612 57140311 6e24020e 8637080b 97440d09
21010301 19040500 09020300 09030301 1a090b02 270d1004 2d0c1005 2c080c05 23030604 13000103 03000000 1c030203 32040403 42030401 47010207 4302010b 3403030a 1d020206 03000001 15000102 26040201 3d0e0a04 541e170c 682e2514
21010104 23060205 2a0b0705 30110b05 34150f03 34150f00 2e110c02 220a0603 12030202 02000000 19010203 33010706 4b03090b 5d070810 650b0413 640e0213 590f060f 460c0709 2f070503 1a030200 0b000001 0b010102 2208090a 37121413
5b040714 57050414 540d0110 51120109 4b140101 41120006 330d010a 2106020a 0c020204 0b010204 2202080c 39030d11 4b050f15 57090e15 5b0c0911 570e030b 4b0e0104 3a0c0401 29080404 1b050305 14030106 0b010004 00000000 0a010204
5b0a0310 53030710 4e020b0d 4a040e07 45051000 3e041007 34020e0c 26000a0c 14000508 01000001 18000508 2a00080c 3501090b 38020808 34030605 2b030401 1e030201 10020002 05010001 00000000 07010002 10030106 19030009 1f01030b
20020002 19000303 18000503 1c000902 22010d01 27020f02 29030f05 26040c06 1d030706 0c010202 0a000101 18000101 1d000100 1a010101 12010101 06000100 07000100 12010201 17000202 13010002 02000000 16030204 2f070309 4309020b
13020201 1a030503 17030703 0e020502 02000100 09010401 12010601 15000500 11000200 03000000 12020202 20040404 25030406 23020205 1b000003 10010101 05010000 03000000 06010100 01000000 14010101 2f050400 4b0a0703 610f0705
25060308 2e0b070b 2f0e0a0d 2b0d0b0c 230b090a 1b090507 15060205 13050005 17060306 240a090a 38101212 43131616 43111414 3c0c0e0f 2f070708 1e020203 0d000000 01000000 08000101 06000100 09010100 1e030200 32070301 41090602
1d050007 2a0b030c 3111050e 3316060f 3117040f 2d16010f 2a14030e 2912070f 2d120c10 37131415 48181d1c 5019201c 4e151d17 42101510 310a0c08 1b050403 05010000 0e020100 1b030300 1d030501 13020301 08010201 01000000 07010200
0b010002 1b060104 240c0305 27110305 26120306 22110106 1d0d0106 190a0306 19080406 21070708 30070b0a 38070e09 38060e06 30050c03 23040801 12020300 00000000 11030100 1d040101 21040303 1b020403 17010502 18000802 1c000a01
0f010101 1d050403 220a0603 1f0c0703 170a0502 0b050201 02010000 0d030100 12020100 0f000100 01000000 0c010001 14020103 18020305 18010405 15000404 0f000303 09000201 05000101 06000000 0b010000 0b010100 06010100 00000000
3c0d1210 43151715 3e181714 2e14110f 170b0807 04020101 200b0808 390e0b0d 4b090b11 50000a14 46050a15 39070715 2b070312 1d05010e 11030009 07010003 02000001 08010104 0e020105 12030106 17050006 17050206 16030305 15010404
581c241e 59222722 4f22211f 3b1b1617 1f0e0a0b 02010001 240d060b 44130714 5e11061b 6c090622 6a010a29 62070c2e 570d0b30 49100a2e 3b100727 2c0e051e 1f0a0314 1306020b 0b030105 05010002 04010001 04010001 04000001 00000000
3f0f120e 43121211 40130f11 36120a0e 260d0408 12060103 06020001 1e080204 340a0407 4309040b 49050012 4a03051a 480a0a21 42100c24 3b130d23 32120b1d 290e0916 210a060f 1b07040a 18040307 1a020305 1f010305 23050105 240a0005
04000000 0e000001 17020002 1f030102 24050201 25050301 21050302 19030302 0f010101 04000000 04000000 0b010102 0e030204 0f050305 0d050305 0a040204 06020102 02010001 01000000 01000000 04000000 0f020101 1d080401 290f0800
1d030804 0c010301 0a000201 20010702 34010905 42020909 4b05070d 4d080210 480c0410 400e090c 350f0b07 2d100c02 27110c02 24120c05 26140c07 2a150b08 32150909 3a130507 410d0004 46060501 44010705 37060905 23060803 0c030401
scene displacement 24 24
00000000 00000000 00000000 00000000 00000000 00000000 00000000 00000000 00000000 00000000 00000000 00000000 00000000 00000000 00000000 00000000 00000000 00000000 00000000 00000000 00000000 00000000 00000000 00000000
00000000 00000000 00000000 00000000 00000000 00000000 00000000 00000000 00000000 00000000 00000000 00000000 00000000 00000000 00000000 00000000 00000000 00000000 00000000 00000000 00000000 00000000 00000000 00000000
00000000 00000000 00000000 00000000 ff20c040 ff20c040 ff20c040 00000000 00000000 00000000 00000000 00000000 00000000 00000000 00000000 00000000 00000000 00000000 00000000 00000000 00000000 00000000 00000000 00000000
00000000 00000000 00000000 ff20c040 ff20c040 ff20c040 ff20c040 00000000 00000000 00000000 00000000 00000000 00000000 00000000 00000000 00000000 00000000 00000000 00000000 00000000 00000000 00000000 00000000 00000000
00000000 00000000 00000000 ff20c040 ff20c040 ff20c040 ff20c040 00000000 00000000 00000000 00000000 00000000 00000000 00000000 00000000 00000000 00000000 00000000 00000000 00000000 00000000 00000000 00000000 00000000
00000000 00000000 ff20c040 ff20c040 ff20c040 ff20c040 00000000 00000000 00000000 00000000 00000000 00000000 00000000 00000000 00000000 00000000 00000000 00000000 00000000 00000000 00000000 00000000 00000000 00000000
00000000 00000000 00000000 00000000 00000000 00000000 00000000 00000000 00000000 00000000 00000000 00000000 00000000 00000000 00000000 00000000 00000000 00000000 00000000 00000000 00000000 00000000 00000000 00000000
00000000 00000000 00000000 00000000 00000000 00000000 00000000 00000000 00000000 00000000 873c006b ff8d00be af750079 00000000 00000000 00000000 00000000 00000000 00000000 00000000 00000000 00000000 00000000 00000000
00000000 00000000 00000000 00000000 00000000 00000000 00000000 00000000 af1300a6 d74800b6 5f2a0d47 d7771e95 875a1357 af750079 5f4a003d 00000000 00000000 00000000 00000000 00000000 00000000 00000000 00000000 00000000
00000000 00000000 00000000 00000000 00000000 00000000 00000000 00000000 af1300a6 ff3824d8 af3a198b af613171 5f3f1b38 875a1357 ffc62497 ffc62497 d7bf007f 87870049 00000000 00000000 00000000 00000000 00000000 00000000
00000000 00000000 00000000 00000000 00000000 00000000 00000000 00000000 d7001ecc 5f0a1b50 872d2665 d75f5c8a ffaa6d8a af884b56 5f54292a 87782642 87782642 ffff4870 00000000 00000000 00000000 00000000 00000000 00000000
00000000 00000000 00000000 00000000 00000000 00000000 00000000 00000000 af00319d 5f0a1b50 af264b82 d75f5c8a 5f353633 87694d3b ffe29163 afaf643b afaf643b d7d75c53 00000000 00000000 00000000 00000000 00000000 00000000
00000000 00000000 00000000 00000000 00000000 00000000 00000000 00000000 87003a72 ff1c6dcb 871e4d5e ff5591a4 5f353633 5f4a4425 d7bf9949 87876027 87876027 00000000 00000000 00000000 00000000 00000000 00000000 00000000
00000000 00000000 00000000 00000000 00000000 00000000 00000000 ff00b6be d7187aa0 af137d79 5f15443d d748997f 873c6049 af757d4d d7bf9949 5f5f5116 00000000 00000000 00000000 00000000 00000000 00000000 00000000 00000000
00000000 00000000 00000000 00000000 00000000 00000000 d700b895 870f7357 870f7357 ff38da97 af3a965f af3a965f 5f2a512f 875a7334 ffc6da56 af9b9632 00000000 00000000 00000000 00000000 00000000 00000000 00000000 00000000
00000000 00000000 00000000 00000000 00000000 00000000 af00af71 5f0a5f38 d72fd774 872d8742 872d8742 ff71ff70 ff71ff70 af61af44 ebc38327 c3ac5b18 80701808 80701808 00000000 00000000 00000000 00000000 00000000 00000000
00000000 00000000 00000000 00000000 00000000 00000000 00000000 00000000 00000000 00000000 00000000 00000000 00000000 00000000 80701808 80701808 80701808 80701808 00000000 00000000 00000000 00000000 00000000 00000000
00000000 00000000 00000000 00000000 00000000 00000000 00000000 00000000 00000000 00000000 00000000 00000000 00000000 00000000 80701808 80701808 80701808 80701808 00000000 00000000 00000000 00000000 00000000 00000000
00000000 00000000 00000000 00000000 00000000 00000000 00000000 00000000 00000000 00000000 00000000 00000000 00000000 80701808 80701808 80701808 80701808 80701808 00000000 00000000 00000000 00000000 00000000 00000000
00000000 00000000 00000000 00000000 00000000 00000000 00000000 00000000 00000000 00000000 00000000 00000000 00000000 80701808 80701808 80701808 80701808 80701808 80701808 00000000 00000000 00000000 00000000 00000000
00000000 00000000 00000000 00000000 00000000 00000000 00000000 00000000 00000000 00000000 00000000 00000000 00000000 00000000 00000000 80701808 80701808 80701808 80701808 00000000 00000000 00000000 00000000 00000000
00000000 00000000 00000000 00000000 00000000 00000000 00000000 00000000 00000000 00000000 00000000 00000000 00000000 00000000 00000000 80701808 80701808 80701808 80701808 00000000 00000000 00000000 00000000 00000000
00000000 00000000 00000000 00000000 00000000 00000000 00000000 00000000 00000000 00000000 00000000 00000000 00000000 00000000 00000000 00000000 00000000 00000000 00000000 00000000 00000000 00000000 00000000 00000000
00000000 00000000 00000000 00000000 00000000 00000000 00000000 00000000 00000000 00000000 00000000 00000000 00000000 00000000 00000000 00000000 00000000 00000000 00000000 00000000 00000000 00000000 00000000 00000000
scene arithmetic 24 24
3d30180c 3d30180c 3d30180c 3d30180c 3d30180c 3d30180c 3d30180c 3d30180c 3d30180c 3d30180c 3d30180c 3d30180c 3d30180c 3d30180c 3d30180c 3d30180c 3d30180c 3d30180c 3d30180c 3d30180c 3d30180c 3d30180c 3d30180c 3d30180c
3d30180c 3d30180c 3d30180c 3d30180c 3d30180c 3d30180c 3d30180c 3d30180c 3d30180c 3d30180c 3d30180c 3d30180c 3d30180c 3d30180c 3d30180c 3d30180c 3d30180c 3d30180c 3d30180c 3d30180c 3d30180c 3d30180c 3d30180c 3d30180c
3d30180c 3d30180c 3d30180c 3d30180c 3d30180c 3d30180c 3d30180c 3d30180c 3d30180c 3d30180c 3d30180c 3d30180c 3d30180c 3d30180c 3d30180c 3d30180c 3d30180c 3d30180c 3d30180c 3d30180c 3d30180c 3d30180c 3d30180c 3d30180c
3d30180c 3d30180c 3d30180c ff4da937 ff4da937 ff4da937 ff4da937 3d30180c 3d30180c 3d30180c 3d30180c 3d30180c 3d30180c 3d30180c 3d30180c 3d30180c 3d30180c 3d30180c 3d30180c 3d30180c 3d30180c 3d30180c 3d30180c 3d30180c
3d30180c 3d30180c 3d30180c ff4da937 ff4da937 ff4da937 ff4da937 3d30180c 3d30180c 3d30180c 3d30180c 3d30180c 3d30180c 3d30180c 3d30180c 3d30180c 3d30180c 3d30180c 3d30180c 3d30180c 3d30180c 3d30180c 3d30180c 3d30180c
3d30180c 3d30180c 3d30180c ff4da937 ff4da937 ff4da937 ff4da937 3d30180c 3d30180c 3d30180c 3d30180c 3d30180c 3d30180c 3d30180c 3d30180c 3d30180c 3d30180c 3d30180c 3d30180c 3d30180c 3d30180c 3d30180c 3d30180c 3d30180c
3d30180c 3d30180c 3d30180c 3d30180c 3d30180c 3d30180c 3d30180c 3d30180c 3d30180c 3d30180c 3d30180c 3d30180c 3d30180c 3d30180c 3d30180c 3d30180c 3d30180c 3d30180c 3d30180c 3d30180c 3d30180c 3d30180c 3d30180c 3d30180c
3d30180c 3d30180c 3d30180c 3d30180c 3d30180c 3d30180c 3d30180c 3d30180c 3d30180c 3d30180c 3d30180c 3d30180c 3d30180c 3d30180c 3d30180c 3d30180c 3d30180c 3d30180c 3d30180c 3d30180c 3d30180c 3d30180c 3d30180c 3d30180c
3d30180c 3d30180c 3d30180c 3d30180c 3d30180c 3d30180c 3d30180c ff3018b9 ec41187d 9c431846 ff721887 c4671855 ffb1188d ec9b185e 9c741835 ffdf1862 c4ab183e 3d30180c 3d30180c 3d30180c 3d30180c 3d30180c 3d30180c 3d30180c
3d30180c 3d30180c 3d30180c 3d30180c 3d30180c 3d30180c 3d30180c ff302f96 c43e265e ff63339f ec652b6a 9c56223c ff9d2f71 c4822647 ffe53372 ecbe2b4c 9c87222c 3d30180c 3d30180c 3d30180c 3d30180c 3d30180c 3d30180c 3d30180c
3d30180c 3d30180c 3d30180c 3d30180c 3d30180c 3d30180c 3d30180c ec303d77 9c392c42 ff5b4680 c4593551 ff974e84 ec893d59 9c6a2c32 ffc9465b c49e3539 ffff4e58 3d30180c 3d30180c 3d30180c 3d30180c 3d30180c 3d30180c 3d30180c
3d30180c 3d30180c 3d30180c 3d30180c 3d30180c 3d30180c 3d30180c c4304459 ff4a6a96 ec535164 9c4d3739 ff875e6a c4754442 ffcb6a6a ecac5146 9c7d3728 fff45e44 3d30180c 3d30180c 3d30180c 3d30180c 3d30180c 3d30180c 3d30180c
3d30180c 3d30180c 3d30180c 3d30180c 3d30180c 3d30180c 3d30180c 9c304140 ff467479 c44b524c ff7e867b ec776453 9c60412f ffb37453 c4905234 ffff864f ecd06434 3d30180c 3d30180c 3d30180c 3d30180c 3d30180c 3d30180c 3d30180c
3d30180c 3d30180c 3d30180c 3d30180c 3d30180c 3d30180c 3d30180c ff30a28d ec41775e 9c434b35 ff728c62 c467613e ffb1a261 ec9b7740 9c744b25 ffdf8c3e c4ab6126 3d30180c 3d30180c 3d30180c 3d30180c 3d30180c 3d30180c 3d30180c
3d30180c 3d30180c 3d30180c 3d30180c 3d30180c 3d30180c 3d30180c ff30a371 c43e6f47 ff63bd72 ec658a4c 9c56552c ff9da34c c4826f2f ffe5bd46 ecbe8a2e 9c87551b 3d30180c 3d30180c 3d30180c 3d30180c 3d30180c 3d30180c 3d30180c
3d30180c 3d30180c 3d30180c 3d30180c 3d30180c 3d30180c 3d30180c ec309c59 9c396032 ff5bbb5b c4597e39 ff97d958 ec899c3a 9c6a6022 ffe27b26 ffcd5d1c ffff8a21 bd962a11 bd962a11 3d30180c 3d30180c 3d30180c 3d30180c 3d30180c
3d30180c 3d30180c 3d30180c 3d30180c 3d30180c 3d30180c 3d30180c 3d30180c 3d30180c 3d30180c 3d30180c 3d30180c 3d30180c 3d30180c bd962a11 bd962a11 bd962a11 bd962a11 bd962a11 3d30180c 3d30180c 3d30180c 3d30180c 3d30180c
3d30180c 3d30180c 3d30180c 3d30180c 3d30180c 3d30180c 3d30180c 3d30180c 3d30180c 3d30180c 3d30180c 3d30180c 3d30180c 3d30180c bd962a11 bd962a11 bd962a11 bd962a11 bd962a11 3d30180c 3d30180c 3d30180c 3d30180c 3d30180c
3d30180c 3d30180c 3d30180c 3d30180c 3d30180c 3d30180c 3d30180c 3d30180c 3d30180c 3d30180c 3d30180c 3d30180c 3d30180c 3d30180c bd962a11 bd962a11 bd962a11 bd962a11 bd962a11 3d30180c 3d30180c 3d30180c 3d30180c 3d30180c
3d30180c 3d30180c 3d30180c 3d30180c 3d30180c 3d30180c 3d30180c 3d30180c 3d30180c 3d30180c 3d30180c 3d30180c 3d30180c 3d30180c bd962a11 bd962a11 bd962a11 bd962a11 bd962a11 3d30180c 3d30180c 3d30180c 3d30180c 3d30180c
3d30180c 3d30180c 3d30180c 3d30180c 3d30180c 3d30180c 3d30180c 3d30180c 3d30180c 3d30180c 3d30180c 3d30180c 3d30180c 3d30180c bd962a11 bd962a11 bd962a11 bd962a11 bd962a11 3d30180c 3d30180c 3d30180c 3d30180c 3d30180c
3d30180c 3d30180c 3d30180c 3d30180c 3d30180c 3d30180c 3d30180c 3d30180c 3d30180c 3d30180c 3d30180c 3d30180c 3d30180c 3d30180c 3d30180c 3d30180c 3d30180c 3d30180c 3d30180c 3d30180c 3d30180c 3d30180c 3d30180c 3d30180c
3d30180c 3d30180c 3d30180c 3d30180c 3d30180c 3d30180c 3d30180c 3d30180c 3d30180c 3d30180c 3d30180c 3d30180c 3d30180c 3d30180c 3d30180c 3d30180c 3d30180c 3d30180c 3d30180c 3d30180c 3d30180c 3d30180c 3d30180c 3d30180c
3d30180c 3d30180c 3d30180c 3d30180c 3d30180c 3d30180c 3d30180c 3d30180c 3d30180c 3d30180c 3d30180c 3d30180c 3d30180c 3d30180c 3d30180c 3d30180c 3d30180c 3d30180c 3d30180c 3d30180c 3d30180c 3d30180c 3d30180c 3d30180c
scene arithmetic_k4 24 24
1a1a1a1a 1a1a1a1a 1a1a1a1a 1a1a1a1a 1a1a1a1a 1a1a1a1a 1a1a1a1a 1a1a1a1a 1a1a1a1a 1a1a1a1a 1a1a1a1a 1a1a1a1a 1a1a1a1a 1a1a1a1a 1a1a1a1a 1a1a1a1a 1a1a1a1a 1a1a1a1a 1a1a1a1a 1a1a1a1a 00000000 00000000 00000000 00000000
1a1a1a1a 1a1a1a1a 1a1a1a1a 1a1a1a1a 1a1a1a1a 1a1a1a1a 1a1a1a1a 1a1a1a1a 1a1a1a1a 1a1a1a1a 1a1a1a1a 1a1a1a1a 1a1a1a1a 1a1a1a1a 1a1a1a1a 1a1a1a1a 1a1a1a1a 1a1a1a1a 1a1a1a1a 1a1a1a1a 00000000 00000000 00000000 00000000
1a1a1a1a 1a1a1a1a 1a1a1a1a 1a1a1a1a 1a1a1a1a 1a1a1a1a 1a1a1a1a 1a1a1a1a 1a1a1a1a 1a1a1a1a 1a1a1a1a 1a1a1a1a 1a1a1a1a 1a1a1a1a 1a1a1a1a 1a1a1a1a 1a1a1a1a 1a1a1a1a 1a1a1a1a 1a1a1a1a 00000000 00000000 00000000 00000000
1a1a1a1a 1a1a1a1a 1a1a1a1a 992a7a3a 992a7a3a 992a7a3a 992a7a3a 1a1a1a1a 1a1a1a1a 1a1a1a1a 1a1a1a1a 1a1a1a1a 1a1a1a1a 1a1a1a1a 1a1a1a1a 1a1a1a1a 1a1a1a1a 1a1a1a1a 1a1a1a1a 1a1a1a1a 00000000 00000000 00000000 00000000
1a1a1a1a 1a1a1a1a 1a1a1a1a 992a7a3a 992a7a3a 992a7a3a 992a7a3a 1a1a1a1a 1a1a1a1a 1a1a1a1a 1a1a1a1a 1a1a1a1a 1a1a1a1a 1a1a1a1a 1a1a1a1a 1a1a1a1a 1a1a1a1a 1a1a1a1a 1a1a1a1a 1a1a1a1a 00000000 00000000 00000000 00000000
1a1a1a1a 1a1a1a1a 1a1a1a1a 992a7a3a 992a7a3a ff37e356 ff37e356 80266633 80266633 1a1a1a1a 1a1a1a1a 1a1a1a1a 1a1a1a1a 1a1a1a1a 1a1a1a1a 1a1a1a1a 1a1a1a1a 1a1a1a1a 1a1a1a1a 1a1a1a1a 00000000 00000000 00000000 00000000
1a1a1a1a 1a1a1a1a 1a1a1a1a 1a1a1a1a 1a1a1a1a 80266633 80266633 80266633 80266633 1a1a1a1a 1a1a1a1a 1a1a1a1a 1a1a1a1a 1a1a1a1a 1a1a1a1a 1a1a1a1a 1a1a1a1a 1a1a1a1a 1a1a1a1a 1a1a1a1a 00000000 00000000 00000000 00000000
1a1a1a1a 1a1a1a1a 1a1a1a1a 1a1a1a1a 1a1a1a1a 80266633 80266633 80266633 80266633 1a1a1a1a 1a1a1a1a 1a1a1a1a 1a1a1a1a 1a1a1a1a 1a1a1a1a 1a1a1a1a 1a1a1a1a 1a1a1a1a 1a1a1a1a 1a1a1a1a 00000000 00000000 00000000 00000000
1a1a1a1a 1a1a1a1a 1a1a1a1a 1a1a1a1a 1a1a1a1a 1a1a1a1a 1a1a1a1a 991a1a99 71231a6c 49241a44 853e1a74 5d381a4f 99601a78 71541a56 493f1a38 85791a59 5d5d1a3e 1a1a1a1a 1a1a1a1a 1a1a1a1a 00000000 00000000 00000000 00000000
1a1a1a1a 1a1a1a1a 1a1a1a1a 1a1a1a1a 1a1a1a1a 1a1a1a1a 1a1a1a1a 851a2880 5d212356 99362c86 7137265f 492e203d 85552864 5d462345 997d2c65 71672649 49492031 1a1a1a1a 1a1a1a1a 1a1a1a1a 00000000 00000000 00000000 00000000
1a1a1a1a 1a1a1a1a 1a1a1a1a 1a1a1a1a 1a1a1a1a 1a1a1a1a 1a1a1a1a 711a3268 491e2742 ff3138f7 b6382c9c d25c3ea0 e56c32ab 89542765 ffb838b1 b68f2c71 d2c53e6f 70661a4c 50501a37 1a1a1a1a 00000000 00000000 00000000 00000000
1a1a1a1a 1a1a1a1a 1a1a1a1a 1a1a1a1a 1a1a1a1a 1a1a1a1a 1a1a1a1a 5d1a3752 9928507f e52c4dc1 89303671 ff6458cc b65a4282 d2855683 e59a4d8a 896d3654 fff65889 60582440 40401f2c 1a1a1a1a 00000000 00000000 00000000 00000000
1a1a1a1a 1a1a1a1a 1a1a1a1a 1a1a1a1a 1a1a1a1a 1a1a1a1a 1a1a1a1a 491a3540 8526566a b6285793 d2497096 e55669a0 8948455f ff9b7aa3 b67d5769 d2af7066 e5cb696b 504a2934 80803646 1a1a1a1a 00000000 00000000 00000000 00000000
1a1a1a1a 1a1a1a1a 1a1a1a1a 1a1a1a1a 1a1a1a1a 1a1a1a1a 1a1a1a1a 991a7478 71235856 8924566b ff4a9fbe b6486d79 d2708b79 e5838680 8961564e ffd69f7d b6a26d52 403b2a2a 70703e3b 1a1a1a1a 00000000 00000000 00000000 00000000
1a1a1a1a 1a1a1a1a 1a1a1a1a 1a1a1a1a 1a1a1a1a 1a1a1a1a 1a1a1a1a 851a7664 5d215345 d236a58c e541a495 893b665a ff7fc496 b66b8461 d29aa55c e5b2a461 897b663d 80745441 60604231 1a1a1a1a 00000000 00000000 00000000 00000000
1a1a1a1a 1a1a1a1a 1a1a1a1a 1a1a1a1a 1a1a1a1a 1a1a1a1a 1a1a1a1a 711a7152 491e4936 ff31ecb1 b6389c71 d25cc26f e56cc375 89547749 ffc9b663 dcae8246 d2bc8839 c5af663b 9d934e2d 1a1a1a1a 00000000 00000000 00000000 00000000
1a1a1a1a 1a1a1a1a 1a1a1a1a 1a1a1a1a 1a1a1a1a 1a1a1a1a 1a1a1a1a 1a1a1a1a 1a1a1a1a 701a6355 5020483c 80307156 60315640 402a3a2c c58c7344 9d7d5633 d9b28140 b19d6432 89804726 1a1a1a1a 00000000 00000000 00000000 00000000
1a1a1a1a 1a1a1a1a 1a1a1a1a 1a1a1a1a 1a1a1a1a 1a1a1a1a 1a1a1a1a 1a1a1a1a 1a1a1a1a 601a6047 401e4030 702c7048 502c5034 80478046 b1816f39 89704d2b cfb15c2d bba54c27 d9c6652a 4d46231d 00000000 00000000 00000000 00000000
1a1a1a1a 1a1a1a1a 1a1a1a1a 1a1a1a1a 1a1a1a1a 1a1a1a1a 1a1a1a1a 1a1a1a1a 1a1a1a1a 1a1a1a1a 1a1a1a1a 1a1a1a1a 1a1a1a1a 1a1a1a1a 5a52261e 5a52261e 9a883021 9a883021 9a883021 4d46231d 00000000 00000000 00000000 00000000
1a1a1a1a 1a1a1a1a 1a1a1a1a 1a1a1a1a 1a1a1a1a 1a1a1a1a 1a1a1a1a 1a1a1a1a 1a1a1a1a 1a1a1a1a 1a1a1a1a 1a1a1a1a 1a1a1a1a 1a1a1a1a 5a52261e 5a52261e 9a883021 9a883021 9a883021 4d46231d 00000000 00000000 00000000 00000000
00000000 00000000 00000000 00000000 00000000 00000000 00000000 00000000 00000000 00000000 00000000 00000000 00000000 00000000 00000000 00000000 00000000 00000000 00000000 00000000 00000000 00000000 00000000 00000000
00000000 00000000 00000000 00000000 00000000 00000000 00000000 00000000 00000000 00000000 00000000 00000000 00000000 00000000 00000000 00000000 00000000 00000000 00000000 00000000 00000000 00000000 00000000 00000000
00000000 00000000 00000000 00000000 00000000 00000000 00000000 00000000 00000000 00000000 00000000 00000000 00000000 00000000 00000000 00000000 00000000 00000000 00000000 00000000 00000000 00000000 00000000 00000000
00000000 00000000 00000000 00000000 00000000 00000000 00000000 00000000 00000000 00000000 00000000 00000000 00000000 00000000 00000000 00000000 00000000 00000000 00000000 00000000 00000000 00000000 00000000 00000000
scene image_nearest 24 24
00000000 00000000 00000000 00000000 00000000 00000000 00000000 00000000 00000000 00000000 00000000 00000000 00000000 00000000 00000000 00000000 00000000 00000000 00000000 00000000 00000000 00000000 00000000 00000000
00000000 00000000 00000000 00000000 00000000 00000000 00000000 00000000 00000000 00000000 00000000 00000000 00000000 00000000 00000000 00000000 00000000 00000000 00000000 00000000 00000000 00000000 00000000 00000000
00000000 00000000 00000000 870f1379 870f1379 ff3824d8 ff3824d8 af3a198b af3a198b 5f2a0d47 5f2a0d47 d7771e95 d7771e95 875a1357 875a1357 00000000 00000000 00000000 00000000 00000000 00000000 00000000 00000000 00000000
00000000 00000000 00000000 870f1379 870f1379 ff3824d8 ff3824d8 af3a198b af3a198b 5f2a0d47 5f2a0d47 d7771e95 d7771e95 875a1357 875a1357 00000000 00000000 00000000 00000000 00000000 00000000 00000000 00000000 00000000
00000000 00000000 00000000 5f0a1b50 5f0a1b50 d72f3dab d72f3dab 872d2665 872d2665 ff7148b1 ff7148b1 af613171 af613171 5f3f1b38 5f3f1b38 00000000 00000000 00000000 00000000 00000000 00000000 00000000 00000000 00000000
00000000 00000000 00000000 5f0a1b50 5f0a1b50 d72f3dab d72f3dab 872d2665 872d2665 ff7148b1 ff7148b1 af613171 af613171 5f3f1b38 5f3f1b38 00000000 00000000 00000000 00000000 00000000 00000000 00000000 00000000 00000000
00000000 00000000 00000000 ff1c6dcb ff1c6dcb af264b82 af264b82 5f202942 5f202942 d75f5c8a d75f5c8a 874b3a50 874b3a50 ffaa6d8a ffaa6d8a 00000000 00000000 00000000 00000000 00000000 00000000 00000000 00000000 00000000
00000000 00000000 00000000 ff1c6dcb ff1c6dcb af264b82 af264b82 5f202942 5f202942 d75f5c8a d75f5c8a 874b3a50 874b3a50 ffaa6d8a ffaa6d8a 00000000 00000000 00000000 00000000 00000000 00000000 00000000 00000000 00000000
00000000 00000000 00000000 d7187aa0 d7187aa0 871e4d5e 871e4d5e ff5591a4 ff5591a4 af4e6468 af4e6468 5f353633 5f353633 d78f7a69 d78f7a69 00000000 00000000 00000000 00000000 00000000 00000000 00000000 00000000 00000000
00000000 00000000 00000000 d7187aa0 d7187aa0 871e4d5e 871e4d5e ff5591a4 ff5591a4 af4e6468 af4e6468 5f353633 5f353633 d78f7a69 d78f7a69 00000000 00000000 00000000 00000000 00000000 00000000 00000000 00000000 00000000
00000000 00000000 00000000 af137d79 af137d79 5f15443d 5f15443d d748997f d748997f 873c6049 873c6049 ff8db67d ff8db67d af757d4d af757d4d 00000000 00000000 00000000 00000000 00000000 00000000 00000000 00000000 00000000
00000000 00000000 00000000 af137d79 af137d79 5f15443d 5f15443d d748997f d748997f 873c6049 873c6049 ff8db67d ff8db67d af757d4d af757d4d 00000000 00000000 00000000 00000000 00000000 00000000 00000000 00000000 00000000
00000000 00000000 00000000 00000000 00000000 00000000 00000000 00000000 00000000 00000000 00000000 00000000 00000000 00000000 00000000 00000000 00000000 00000000 00000000 00000000 00000000 00000000 00000000 00000000
00000000 00000000 00000000 00000000 00000000 00000000 00000000 00000000 00000000 00000000 00000000 00000000 00000000 00000000 00000000 00000000 00000000 00000000 00000000 00000000 00000000 00000000 00000000 00000000
00000000 00000000 00000000 00000000 00000000 00000000 00000000 00000000 00000000 00000000 00000000 00000000 00000000 00000000 00000000 00000000 00000000 00000000 00000000 00000000 00000000 00000000 00000000 00000000
00000000 00000000 00000000 00000000 00000000 00000000 00000000 00000000 00000000 00000000 00000000 00000000 00000000 00000000 00000000 00000000 00000000 00000000 00000000 00000000 00000000 00000000 00000000 00000000
00000000 00000000 00000000 00000000 00000000 00000000 00000000 00000000 00000000 00000000 00000000 00000000 00000000 00000000 00000000 00000000 00000000 00000000 00000000 00000000 00000000 00000000 00000000 00000000
00000000 00000000 00000000 00000000 00000000 00000000 00000000 00000000 00000000 00000000 00000000 00000000 00000000 00000000 00000000 00000000 00000000 00000000 00000000 00000000 00000000 00000000 00000000 00000000
00000000 00000000 00000000 00000000 00000000 00000000 00000000 00000000 00000000 00000000 00000000 00000000 00000000 00000000 00000000 00000000 00000000 00000000 00000000 00000000 00000000 00000000 00000000 00000000
00000000 00000000 00000000 00000000 00000000 00000000 00000000 00000000 00000000 00000000 00000000 00000000 00000000 00000000 00000000 00000000 00000000 00000000 00000000 00000000 00000000 00000000 00000000 00000000
00000000 00000000 00000000 00000000 00000000 00000000 00000000 00000000 00000000 00000000 00000000 00000000 00000000 00000000 00000000 00000000 00000000 00000000 00000000 00000000 00000000 00000000 00000000 00000000
00000000 00000000 00000000 00000000 00000000 00000000 00000000 00000000 00000000 00000000 00000000 00000000 00000000 00000000 00000000 00000000 00000000 00000000 00000000 00000000 00000000 00000000 00000000 00000000
00000000 00000000 00000000 00000000 00000000 00000000 00000000 00000000 00000000 00000000 00000000 00000000 00000000 00000000 00000000 00000000 00000000 00000000 00000000 00000000 00000000 00000000 00000000 00000000
00000000 00000000 00000000 00000000 00000000 00000000 00000000 00000000 00000000 00000000 00000000 00000000 00000000 00000000 00000000 00000000 00000000 00000000 00000000 00000000 00000000 00000000 00000000 00000000
scene image_bilinear 24 24
00000000 00000000 00000000 00000000 00000000 00000000 00000000 00000000 00000000 00000000 00000000 00000000 00000000 00000000 00000000 00000000 00000000 00000000 00000000 00000000 00000000 00000000 00000000 00000000
00000000 00000000 00000000 00000000 00000000 00000000 00000000 00000000 00000000 00000000 00000000 00000000 00000000 00000000 00000000 00000000 00000000 00000000 00000000 00000000 00000000 00000000 00000000 00000000
00000000 00000000 00000000 00000000 00000000 00000000 00000000 00000000 00000000 00000000 00000000 00000000 00000000 00000000 00000000 00000000 00000000 00000000 00000000 00000000 00000000 00000000 00000000 00000000
00000000 00000000 ff0000ff d70a00d3 a2130098 6c150062 9b2f0086 ca4600a9 943e0078 c3640095 f28900b2 bc790084 8760005b 735e0048 c3ac0074 afa30064 87870049 00000000 00000000 00000000 00000000 00000000 00000000 00000000
00000000 00000000 ee000de9 c6090abe 9f140992 a2210e8e b4330d98 b9400a98 83370668 b25c0984 e17f0ca2 ab6e0976 a0740c67 a9870e65 c0a80b6f 9e930858 7676053e 00000000 00000000 00000000 00000000 00000000 00000000 00000000
00000000 00000000 d5001fca ad0719a1 99161687 e93122c6 d5391fb0 a137187f 712f1155 9d51176f c8711d89 935e1560 c18f1c76 f0be238c bba11b67 897f1448 65650f32 00000000 00000000 00000000 00000000 00000000 00000000 00000000
00000000 00000000 bd002aad 95062186 81121d6e d12c30ab bd322b96 9d382577 bf523188 c2612f85 b0632774 7a4e1b4d a97d2661 d8aa3177 a28c2555 aea62b53 c8c8345a 00000000 00000000 00000000 00000000 00000000 00000000 00000000
00000000 00000000 a4003391 97073281 95143479 c1283e98 a42b347e 90352d68 e061479a cc644087 a05b3364 8e5c3152 ab7d395d bf973c64 8a762b44 b8b13a52 f4f44d68 00000000 00000000 00000000 00000000 00000000 00000000 00000000
00000000 00000000 8c003977 bc0d4e9a e31c5fb4 bd254e90 8c243966 782c3152 c8565282 b4574971 9c5b405b dc905c79 d095566d a6834452 71612e34 a09a4142 dcdc5a56 00000000 00000000 00000000 00000000 00000000 00000000 00000000
00000000 00000000 7300385f af0d568a de1b6daa a821537c a52e5472 b23f5e74 c0526078 9b4b4c5d 874f424b d78d6a70 c38b6061 9e7e4f48 ac955a47 b9af5e47 c3c36047 00000000 00000000 00000000 00000000 00000000 00000000 00000000
00000000 00000000 71004559 a20c607a c5187391 901c5465 be386f7d ed528a96 b84d6b6e 8e465450 824c4e43 c27f715f aa79634f 967a583f e6ca8659 d2c47b4c aaaa6439 00000000 00000000 00000000 00000000 00000000 00000000 00000000
00000000 00000000 d400949f c70a8891 ac157379 77174f50 a6316f67 d44a8e80 9f436a5b b35b7a5d d0769066 be7b8058 92676140 7e665431 ceb5894a baad7c3e 9292612c 00000000 00000000 00000000 00000000 00000000 00000000 00000000
00000000 00000000 f100b7b0 c909988f 9f14796a 981f785f b0328868 bc418e6b 86386549 b55e8959 e481ac6b ae70844c 9c70793d 9f7f7d38 c1a8933f a1967931 79795b21 00000000 00000000 00000000 00000000 00000000 00000000 00000000
00000000 00000000 d900b897 b1089677 9b168462 e630c48a d539b57a a3388b58 6e2d5d38 9d518548 cb73ac58 96607f3c c18ea445 edbbca4f bda3a038 897e7425 61615217 00000000 00000000 00000000 00000000 00000000 00000000 00000000
00000000 00000000 c000b380 98068d63 84137a4f d42cc579 c033b369 9e38944f b54eaf53 be5fb452 b365a649 7d50742f ac7fa038 dbadcc43 a58e9a2d aaa1a126 bbbbb524 00000000 00000000 00000000 00000000 00000000 00000000 00000000
00000000 00000000 af00af71 87058755 73107342 c329c36a af2eaf5b 9b389b4a eb66eb68 d769d75a a25ba23e 6c456c26 9b739b2f ca9fca39 94809425 c3bcc328 ffffff2f 00000000 00000000 00000000 00000000 00000000 00000000 00000000
00000000 00000000 00000000 00000000 00000000 00000000 00000000 00000000 00000000 00000000 00000000 00000000 00000000 00000000 00000000 00000000 00000000 00000000 00000000 00000000 00000000 00000000 00000000 00000000
00000000 00000000 00000000 00000000 00000000 00000000 00000000 00000000 00000000 00000000 00000000 00000000 00000000 00000000 00000000 00000000 00000000 00000000 00000000 00000000 00000000 00000000 00000000 00000000
00000000 00000000 00000000 00000000 00000000 00000000 00000000 00000000 00000000 00000000 00000000 00000000 00000000 00000000 00000000 00000000 00000000 00000000 00000000 00000000 00000000 00000000 00000000 00000000
00000000 00000000 00000000 00000000 00000000 00000000 00000000 00000000 00000000 00000000 00000000 00000000 00000000 00000000 00000000 00000000 00000000 00000000 00000000 00000000 00000000 00000000 00000000 00000000
00000000 00000000 00000000 00000000 00000000 00000000 00000000 00000000 00000000 00000000 00000000 00000000 00000000 00000000 00000000 00000000 00000000 00000000 00000000 00000000 00000000 00000000 00000000 00000000
00000000 00000000 00000000 00000000 00000000 00000000 00000000 00000000 00000000 00000000 00000000 00000000 00000000 00000000 00000000 00000000 00000000 00000000 00000000 00000000 00000000 00000000 00000000 00000000
00000000 00000000 00000000 00000000 00000000 00000000 00000000 00000000 00000000 00000000 00000000 00000000 00000000 00000000 00000000 00000000 00000000 00000000 00000000 00000000 00000000 00000000 00000000 00000000
00000000 00000000 00000000 00000000 00000000 00000000 00000000 00000000 00000000 00000000 00000000 00000000 00000000 00000000 00000000 00000000 00000000 00000000 00000000 00000000 00000000 00000000 00000000 00000000
scene image_offset 24 24
00000000 00000000 00000000 00000000 00000000 00000000 00000000 00000000 00000000 00000000 00000000 00000000 00000000 00000000 00000000 00000000 00000000 00000000 00000000 00000000 00000000 00000000 00000000 00000000
00000000 00000000 00000000 00000000 00000000 00000000 00000000 00000000 00000000 00000000 00000000 00000000 00000000 00000000 00000000 00000000 00000000 00000000 00000000 00000000 00000000 00000000 00000000 00000000
00000000 00000000 00000000 00000000 00000000 00000000 00000000 00000000 00000000 00000000 00000000 00000000 00000000 00000000 00000000 00000000 00000000 00000000 00000000 00000000 00000000 00000000 00000000 00000000
00000000 00000000 00000000 00000000 00000000 00000000 00000000 00000000 00000000 00000000 00000000 00000000 00000000 00000000 00000000 00000000 00000000 00000000 00000000 00000000 00000000 00000000 00000000 00000000
00000000 00000000 00000000 00000000 00000000 ff0000ff af1300a6 5f150055 d74800b6 873c006b ff8d00be af750079 5f4a003d d7bf007f 87870049 00000000 00000000 00000000 00000000 00000000 00000000 00000000 00000000 00000000
00000000 00000000 00000000 00000000 00000000 d7001ecc 870f1379 ff3824d8 af3a198b 5f2a0d47 d7771e95 875a1357 ffc62497 af9b195f 5f5f0d2f 00000000 00000000 00000000 00000000 00000000 00000000 00000000 00000000 00000000
00000000 00000000 00000000 00000000 00000000 af00319d 5f0a1b50 d72f3dab 872d2665 ff7148b1 af613171 5f3f1b38 d7a73d74 87782642 ffff4870 00000000 00000000 00000000 00000000 00000000 00000000 00000000 00000000 00000000
00000000 00000000 00000000 00000000 00000000 87003a72 ff1c6dcb af264b82 5f202942 d75f5c8a 874b3a50 ffaa6d8a af884b56 5f54292a d7d75c53 00000000 00000000 00000000 00000000 00000000 00000000 00000000 00000000 00000000
00000000 00000000 00000000 00000000 00000000 5f00364c d7187aa0 871e4d5e ff5591a4 af4e6468 5f353633 d78f7a69 87694d3b ffe29163 afaf643b 00000000 00000000 00000000 00000000 00000000 00000000 00000000 00000000 00000000
00000000 00000000 00000000 00000000 00000000 ff00b6be af137d79 5f15443d d748997f 873c6049 ff8db67d af757d4d 5f4a4425 d7bf9949 87876027 00000000 00000000 00000000 00000000 00000000 00000000 00000000 00000000 00000000
00000000 00000000 00000000 00000000 00000000 d700b895 870f7357 ff38da97 af3a965f 5f2a512f d777b85e 875a7334 ffc6da56 af9b9632 5f5f5116 00000000 00000000 00000000 00000000 00000000 00000000 00000000 00000000 00000000
00000000 00000000 00000000 00000000 00000000 af00af71 5f0a5f38 d72fd774 872d8742 ff71ff70 af61af44 5f3f5f20 d7a7d73e 87788720 ffffff2f 00000000 00000000 00000000 00000000 00000000 00000000 00000000 00000000 00000000
00000000 00000000 00000000 00000000 00000000 00000000 00000000 00000000 00000000 00000000 00000000 00000000 00000000 00000000 00000000 00000000 00000000 00000000 00000000 00000000 00000000 00000000 00000000 00000000
00000000 00000000 00000000 00000000 00000000 00000000 00000000 00000000 00000000 00000000 00000000 00000000 00000000 00000000 00000000 00000000 00000000 00000000 00000000 00000000 00000000 00000000 00000000 00000000
00000000 00000000 00000000 00000000 00000000 00000000 00000000 00000000 00000000 00000000 00000000 00000000 00000000 00000000 00000000 00000000 00000000 00000000 00000000 00000000 00000000 00000000 00000000 00000000
00000000 00000000 00000000 00000000 00000000 00000000 00000000 00000000 00000000 00000000 00000000 00000000 00000000 00000000 00000000 00000000 00000000 00000000 00000000 00000000 00000000 00000000 00000000 00000000
00000000 00000000 00000000 00000000 00000000 00000000 00000000 00000000 00000000 00000000 00000000 00000000 00000000 00000000 00000000 00000000 00000000 00000000 00000000 00000000 00000000 00000000 00000000 00000000
00000000 00000000 00000000 00000000 00000000 00000000 00000000 00000000 00000000 00000000 00000000 00000000 00000000 00000000 00000000 00000000 00000000 00000000 00000000 00000000 00000000 00000000 00000000 00000000
00000000 00000000 00000000 00000000 00000000 00000000 00000000 00000000 00000000 00000000 00000000 00000000 00000000 00000000 00000000 00000000 00000000 00000000 00000000 00000000 00000000 00000000 00000000 00000000
00000000 00000000 00000000 00000000 00000000 00000000 00000000 00000000 00000000 00000000 00000000 00000000 00000000 00000000 00000000 00000000 00000000 00000000 00000000 00000000 00000000 00000000 00000000 00000000
00000000 00000000 00000000 00000000 00000000 00000000 00000000 00000000 00000000 00000000 00000000 00000000 00000000 00000000 00000000 00000000 00000000 00000000 00000000 00000000 00000000 00000000 00000000 00000000
00000000 00000000 00000000 00000000 00000000 00000000 00000000 00000000 00000000 00000000 00000000 00000000 00000000 00000000 00000000 00000000 00000000 00000000 00000000 00000000 00000000 00000000 00000000 00000000
00000000 00000000 00000000 00000000 00000000 00000000 00000000 00000000 00000000 00000000 00000000 00000000 00000000 00000000 00000000 00000000 00000000 00000000 00000000 00000000 00000000 00000000 00000000 00000000
00000000 00000000 00000000 00000000 00000000 00000000 00000000 00000000 00000000 00000000 00000000 00000000 00000000 00000000 00000000 00000000 00000000 00000000 00000000 00000000 00000000 00000000 00000000 00000000
scene blend_normal 24 24
00000000 00000000 00000000 00000000 00000000 00000000 00000000 00000000 00000000 00000000 00000000 00000000 00000000 00000000 00000000 00000000 00000000 00000000 00000000 00000000 00000000 00000000 00000000 00000000
00000000 00000000 00000000 00000000 00000000 00000000 00000000 00000000 00000000 00000000 00000000 00000000 00000000 00000000 00000000 00000000 00000000 00000000 00000000 00000000 00000000 00000000 00000000 00000000
00000000 00000000 00000000 00000000 00000000 00000000 00000000 00000000 00000000 00000000 00000000 00000000 00000000 00000000 00000000 00000000 00000000 00000000 00000000 00000000 00000000 00000000 00000000 00000000
00000000 00000000 00000000 ff20c040 ff20c040 ff20c040 ff20c040 00000000 00000000 00000000 00000000 00000000 00000000 00000000 00000000 00000000 00000000 00000000 00000000 00000000 00000000 00000000 00000000 00000000
00000000 00000000 00000000 ff20c040 ff20c040 ff20c040 ff20c040 00000000 00000000 00000000 00000000 00000000 00000000 00000000 00000000 00000000 00000000 00000000 00000000 00000000 00000000 00000000 00000000 00000000
00000000 00000000 00000000 ff20c040 ff20c040 ff20c040 ff20c040 00000000 00000000 00000000 00000000 00000000 00000000 00000000 00000000 00000000 00000000 00000000 00000000 00000000 00000000 00000000 00000000 00000000
00000000 00000000 00000000 00000000 00000000 00000000 00000000 00000000 00000000 00000000 00000000 00000000 00000000 00000000 00000000 00000000 00000000 00000000 00000000 00000000 00000000 00000000 00000000 00000000
00000000 00000000 00000000 00000000 00000000 00000000 00000000 00000000 00000000 00000000 00000000 00000000 00000000 00000000 00000000 00000000 00000000 00000000 00000000 00000000 00000000 00000000 00000000 00000000
00000000 00000000 00000000 00000000 00000000 00000000 00000000 ff0000ff af1300a6 5f150055 d74800b6 873c006b ff8d00be af750079 5f4a003d d7bf007f 87870049 00000000 00000000 00000000 00000000 00000000 00000000 00000000
00000000 00000000 00000000 00000000 00000000 00000000 00000000 d7001ecc 870f1379 ff3824d8 af3a198b 5f2a0d47 d7771e95 875a1357 ffc62497 af9b195f 5f5f0d2f 00000000 00000000 00000000 00000000 00000000 00000000 00000000
00000000 00000000 00000000 00000000 00000000 00000000 00000000 af00319d 5f0a1b50 d72f3dab 872d2665 ff7148b1 af613171 5f3f1b38 d7a73d74 87782642 ffff4870 00000000 00000000 00000000 00000000 00000000 00000000 00000000
00000000 00000000 00000000 00000000 00000000 00000000 00000000 87003a72 ff1c6dcb af264b82 ff0000ff f2311dd1 b4442487 ff6311cc d97c2393 ff8d00be f2b81d93 5f4a003d d7bf007f 87870049 00000000 00000000 00000000 00000000
00000000 00000000 00000000 00000000 00000000 00000000 00000000 5f00364c d7187aa0 871e4d5e ff0d35e6 d93442aa ff3824d8 f2673fac b46c3d6c ff9a35a5 d9ac4273 ffc62497 af9b195f 5f5f0d2f 00000000 00000000 00000000 00000000
00000000 00000000 00000000 00000000 00000000 00000000 00000000 ff00b6be af137d79 5f15443d f21761c5 b430577e ff455abf d9646189 ff7148b1 f29d6188 b4945750 d7a73d74 87782642 ffff4870 00000000 00000000 00000000 00000000
00000000 00000000 00000000 00000000 00000000 00000000 00000000 d700b895 870f7357 ff38da97 d91b819f ff1c6dcb f24b859f b4587163 ff7e7e97 d9948168 ffaa6d8a af884b56 5f54292a d7d75c53 00000000 00000000 00000000 00000000
00000000 00000000 00000000 00000000 00000000 00000000 00000000 af00af71 5f0a5f38 d72fd774 b41c8b75 ff2aa2b2 d94c9f7e ff5591a4 f98b8d74 d9a16f42 ffb4926e c39e583f ffe29163 afaf643b 00000000 00000000 00000000 00000000
00000000 00000000 00000000 00000000 00000000 00000000 00000000 00000000 00000000 00000000 ff00b6be af137d79 5f15443d d748997f c3716b4d ff8db67d d7988550 af90532a ebd19d4a 87876027 00000000 00000000 00000000 00000000
00000000 00000000 00000000 00000000 00000000 00000000 00000000 00000000 00000000 00000000 d700b895 870f7357 ff38da97 af3a965f af706034 eb89bc5f c38f7e38 ffc6da56 d7be9e35 5f5f5116 00000000 00000000 00000000 00000000
00000000 00000000 00000000 00000000 00000000 00000000 00000000 00000000 00000000 00000000 af00af71 5f0a5f38 d72fd774 872d8742 ff71ff70 d784b747 af856e25 ebb9db3f c3ad9224 ffffff2f 00000000 00000000 00000000 00000000
00000000 00000000 00000000 00000000 00000000 00000000 00000000 00000000 00000000 00000000 00000000 00000000 00000000 00000000 80701808 80701808 80701808 80701808 80701808 00000000 00000000 00000000 00000000 00000000
00000000 00000000 00000000 00000000 00000000 00000000 00000000 00000000 00000000 00000000 00000000 00000000 00000000 00000000 80701808 80701808 80701808 80701808 80701808 00000000 00000000 00000000 00000000 00000000
00000000 00000000 00000000 00000000 00000000 00000000 00000000 00000000 00000000 00000000 00000000 00000000 00000000 00000000 00000000 00000000 00000000 00000000 00000000 00000000 00000000 00000000 00000000 00000000
00000000 00000000 00000000 00000000 00000000 00000000 00000000 00000000 00000000 00000000 00000000 00000000 00000000 00000000 00000000 00000000 00000000 00000000 00000000 00000000 00000000 00000000 00000000 00000000
00000000 00000000 00000000 00000000 00000000 00000000 00000000 00000000 00000000 00000000 00000000 00000000 00000000 00000000 00000000 00000000 00000000 00000000 00000000 00000000 00000000 00000000 00000000 00000000
scene blend_multiply 24 24
00000000 00000000 00000000 00000000 00000000 00000000 00000000 00000000 00000000 00000000 00000000 00000000 00000000 00000000 00000000 00000000 00000000 00000000 00000000 00000000 00000000 00000000 00000000 00000000
00000000 00000000 00000000 00000000 00000000 00000000 00000000 00000000 00000000 00000000 00000000 00000000 00000000 00000000 00000000 00000000 00000000 00000000 00000000 00000000 00000000 00000000 00000000 00000000
00000000 00000000 00000000 00000000 00000000 00000000 00000000 00000000 00000000 00000000 00000000 00000000 00000000 00000000 00000000 00000000 00000000 00000000 00000000 00000000 00000000 00000000 00000000 00000000
00000000 00000000 00000000 ff20c040 ff20c040 ff20c040 ff20c040 00000000 00000000 00000000 00000000 00000000 00000000 00000000 00000000 00000000 00000000 00000000 00000000 00000000 00000000 00000000 00000000 00000000
00000000 00000000 00000000 ff20c040 ff20c040 ff20c040 ff20c040 00000000 00000000 00000000 00000000 00000000 00000000 00000000 00000000 00000000 00000000 00000000 00000000 00000000 00000000 00000000 00000000 00000000
00000000 00000000 00000000 ff20c040 ff20c040 ff20c040 ff20c040 00000000 00000000 00000000 00000000 00000000 00000000 00000000 00000000 00000000 00000000 00000000 00000000 00000000 00000000 00000000 00000000 00000000
00000000 00000000 00000000 00000000 00000000 00000000 00000000 00000000 00000000 00000000 00000000 00000000 00000000 00000000 00000000 00000000 00000000 00000000 00000000 00000000 00000000 00000000 00000000 00000000
00000000 00000000 00000000 00000000 00000000 00000000 00000000 00000000 00000000 00000000 00000000 00000000 00000000 00000000 00000000 00000000 00000000 00000000 00000000 00000000 00000000 00000000 00000000 00000000
00000000 00000000 00000000 00000000 00000000 00000000 00000000 ff0000ff af1300a6 5f150055 d74800b6 873c006b ff8d00be af750079 5f4a003d d7bf007f 87870049 00000000 00000000 00000000 00000000 00000000 00000000 00000000
00000000 00000000 00000000 00000000 00000000 00000000 00000000 d7001ecc 870f1379 ff3824d8 af3a198b 5f2a0d47 d7771e95 875a1357 ffc62497 af9b195f 5f5f0d2f 00000000 00000000 00000000 00000000 00000000 00000000 00000000
00000000 00000000 00000000 00000000 00000000 00000000 00000000 af00319d 5f0a1b50 d72f3dab 872d2665 ff7148b1 af613171 5f3f1b38 d7a73d74 87782642 ffff4870 00000000 00000000 00000000 00000000 00000000 00000000 00000000
00000000 00000000 00000000 00000000 00000000 00000000 00000000 87003a72 ff1c6dcb af264b82 ff0000e2 f2281d9f b43f2475 ff4b1178 d973236e ff870097 f2b81d54 5f4a003d d7bf007f 87870049 00000000 00000000 00000000 00000000
00000000 00000000 00000000 00000000 00000000 00000000 00000000 5f00364c d7187aa0 871e4d5e ff0d289d d92e3c88 ff2f1eb3 f2563670 b4673a57 ff8d2849 d9ac3c4b ffc62497 af9b195f 5f5f0d2f 00000000 00000000 00000000 00000000
00000000 00000000 00000000 00000000 00000000 00000000 00000000 ff00b6be af137d79 5f15443d f217558f b42d536a ff304867 d95a5962 ff684089 f2945549 b494533b d7a73d74 87782642 ffff4870 00000000 00000000 00000000 00000000
00000000 00000000 00000000 00000000 00000000 00000000 00000000 d700b895 870f7357 ff38da97 d91b7b7b ff1667a5 f23d7c62 b4536e4d ff69713c d98e7b40 ffaa6762 af884b56 5f54292a d7d75c53 00000000 00000000 00000000 00000000
00000000 00000000 00000000 00000000 00000000 00000000 00000000 af00af71 5f0a5f38 d72fd774 b41c8b61 ff1ca258 d9429f57 ff4a917b f97f6424 d99c5920 ffac6012 c3973923 ffd45634 afaf643b 00000000 00000000 00000000 00000000
00000000 00000000 00000000 00000000 00000000 00000000 00000000 00000000 00000000 00000000 ff00b6be af137d79 5f15443d d748997f c36d442a ff846c42 d791522b af8c3719 ebc55e28 87876027 00000000 00000000 00000000 00000000
00000000 00000000 00000000 00000000 00000000 00000000 00000000 00000000 00000000 00000000 d700b895 870f7357 ff38da97 af3a965f af6e3f1e eb817133 c3894f1f ffba812e d7b4601d 5f5f5116 00000000 00000000 00000000 00000000
00000000 00000000 00000000 00000000 00000000 00000000 00000000 00000000 00000000 00000000 af00af71 5f0a5f38 d72fd774 872d8742 ff6a973b d77e6f27 af814716 ebae8322 c3a55b15 ffffff2f 00000000 00000000 00000000 00000000
00000000 00000000 00000000 00000000 00000000 00000000 00000000 00000000 00000000 00000000 00000000 00000000 00000000 00000000 80701808 80701808 80701808 80701808 80701808 00000000 00000000 00000000 00000000 00000000
00000000 00000000 00000000 00000000 00000000 00000000 00000000 00000000 00000000 00000000 00000000 00000000 00000000 00000000 80701808 80701808 80701808 80701808 80701808 00000000 00000000 00000000 00000000 00000000
00000000 00000000 00000000 00000000 00000000 00000000 00000000 00000000 00000000 00000000 00000000 00000000 00000000 00000000 00000000 00000000 00000000 00000000 00000000 00000000 00000000 00000000 00000000 00000000
00000000 00000000 00000000 00000000 00000000 00000000 00000000 00000000 00000000 00000000 00000000 00000000 00000000 00000000 00000000 00000000 00000000 00000000 00000000 00000000 00000000 00000000 00000000 00000000
00000000 00000000 00000000 00000000 00000000 00000000 00000000 00000000 00000000 00000000 00000000 00000000 00000000 00000000 00000000 00000000 00000000 00000000 00000000 00000000 00000000 00000000 00000000 00000000
scene blend_screen 24 24
00000000 00000000 00000000 00000000 00000000 00000000 00000000 00000000 00000000 00000000 00000000 00000000 00000000 00000000 00000000 00000000 00000000 00000000 00000000 00000000 00000000 00000000 00000000 00000000
00000000 00000000 00000000 00000000 00000000 00000000 00000000 00000000 00000000 00000000 00000000 00000000 00000000 00000000 00000000 00000000 00000000 00000000 00000000 00000000 00000000 00000000 00000000 00000000
00000000 00000000 00000000 00000000 00000000 00000000 00000000 00000000 00000000 00000000 00000000 00000000 00000000 00000000 00000000 00000000 00000000 00000000 00000000 00000000 00000000 00000000 00000000 00000000
00000000 00000000 00000000 ff20c040 ff20c040 ff20c040 ff20c040 00000000 00000000 00000000 00000000 00000000 00000000 00000000 00000000 00000000 00000000 00000000 00000000 00000000 00000000 00000000 00000000 00000000
00000000 00000000 00000000 ff20c040 ff20c040 ff20c040 ff20c040 00000000 00000000 00000000 00000000 00000000 00000000 00000000 00000000 00000000 00000000 00000000 00000000 00000000 00000000 00000000 00000000 00000000
00000000 00000000 00000000 ff20c040 ff20c040 ff20c040 ff20c040 00000000 00000000 00000000 00000000 00000000 00000000 00000000 00000000 00000000 00000000 00000000 00000000 00000000 00000000 00000000 00000000 00000000
00000000 00000000 00000000 00000000 00000000 00000000 00000000 00000000 00000000 00000000 00000000 00000000 00000000 00000000 00000000 00000000 00000000 00000000 00000000 00000000 00000000 00000000 00000000 00000000
00000000 00000000 00000000 00000000 00000000 00000000 00000000 00000000 00000000 00000000 00000000 00000000 00000000 00000000 00000000 00000000 00000000 00000000 00000000 00000000 00000000 00000000 00000000 00000000
00000000 00000000 00000000 00000000 00000000 00000000 00000000 ff0000ff af1300a6 5f150055 d74800b6 873c006b ff8d00be af750079 5f4a003d d7bf007f 87870049 00000000 00000000 00000000 00000000 00000000 00000000 00000000
00000000 00000000 00000000 00000000 00000000 00000000 00000000 d7001ecc 870f1379 ff3824d8 af3a198b 5f2a0d47 d7771e95 875a1357 ffc62497 af9b195f 5f5f0d2f 00000000 00000000 00000000 00000000 00000000 00000000 00000000
00000000 00000000 00000000 00000000 00000000 00000000 00000000 af00319d 5f0a1b50 d72f3dab 872d2665 ff7148b1 af613171 5f3f1b38 d7a73d74 87782642 ffff4870 00000000 00000000 00000000 00000000 00000000 00000000 00000000
00000000 00000000 00000000 00000000 00000000 00000000 00000000 87003a72 ff1c6dcb af264b82 ff2029ff f26b5cd6 b45a3a8a ffc26dde d9a44b9d ffb329c9 f2e95ca5 5f4a003d d7bf007f 87870049 00000000 00000000 00000000 00000000
00000000 00000000 00000000 00000000 00000000 00000000 00000000 5f00364c d7187aa0 871e4d5e ff559eed d95870b0 ff6152e0 f2a887bb b4825672 fff09ebe d9cb707e ffc62497 af9b195f 5f5f0d2f 00000000 00000000 00000000 00000000
00000000 00000000 00000000 00000000 00000000 00000000 00000000 ff00b6be af137d79 5f15443d f248adce b4447182 ffa2c7d4 d98d9094 ff9a79bc f2d7ad9a b4a57156 d7a73d74 87782642 ffff4870 00000000 00000000 00000000 00000000
00000000 00000000 00000000 00000000 00000000 00000000 00000000 d700b895 870f7357 ff38da97 d93aaea7 ff419bd5 f28bcdb0 b46f8a69 ffdbe7b1 d9b8ae72 ffca9b94 af884b56 5f54292a d7d75c53 00000000 00000000 00000000 00000000
00000000 00000000 00000000 00000000 00000000 00000000 00000000 af00af71 5f0a5f38 d72fd774 b42da07a ff7effca d974c789 ff7fbaaf f9d5b47f d9bd7e46 fff8c97b c3ab5e41 ffef9b68 afaf643b 00000000 00000000 00000000 00000000
00000000 00000000 00000000 00000000 00000000 00000000 00000000 00000000 00000000 00000000 ff00b6be af137d79 5f15443d d748997f c3926f4f ffbfbd81 d7b28953 af99562c ebdba34f 87876027 00000000 00000000 00000000 00000000
00000000 00000000 00000000 00000000 00000000 00000000 00000000 00000000 00000000 00000000 d700b895 870f7357 ff38da97 af3a965f af886136 ebb3bf63 c3a2803a ffdfdd5b d7c7a038 5f5f5116 00000000 00000000 00000000 00000000
00000000 00000000 00000000 00000000 00000000 00000000 00000000 00000000 00000000 00000000 af00af71 5f0a5f38 d72fd774 872d8742 ffafff74 d7a6b74a af936e27 ebcedb44 c3b39227 ffffff2f 00000000 00000000 00000000 00000000
00000000 00000000 00000000 00000000 00000000 00000000 00000000 00000000 00000000 00000000 00000000 00000000 00000000 00000000 80701808 80701808 80701808 80701808 80701808 00000000 00000000 00000000 00000000 00000000
00000000 00000000 00000000 00000000 00000000 00000000 00000000 00000000 00000000 00000000 00000000 00000000 00000000 00000000 80701808 80701808 80701808 80701808 80701808 00000000 00000000 00000000 00000000 00000000
00000000 00000000 00000000 00000000 00000000 00000000 00000000 00000000 00000000 00000000 00000000 00000000 00000000 00000000 00000000 00000000 00000000 00000000 00000000 00000000 00000000 00000000 00000000 00000000
00000000 00000000 00000000 00000000 00000000 00000000 00000000 00000000 00000000 00000000 00000000 00000000 00000000 00000000 00000000 00000000 00000000 00000000 00000000 00000000 00000000 00000000 00000000 00000000
00000000 00000000 00000000 00000000 00000000 00000000 00000000 00000000 00000000 00000000 00000000 00000000 00000000 00000000 00000000 00000000 00000000 00000000 00000000 00000000 00000000 00000000 00000000 00000000
scene blend_overlay 24 24
00000000 00000000 00000000 00000000 00000000 00000000 00000000 00000000 00000000 00000000 00000000 00000000 00000000 00000000 00000000 00000000 00000000 00000000 00000000 00000000 00000000 00000000 00000000 00000000
00000000 00000000 00000000 00000000 00000000 00000000 00000000 00000000 00000000 00000000 00000000 00000000 00000000 00000000 00000000 00000000 00000000 00000000 00000000 00000000 00000000 00000000 00000000 00000000
00000000 00000000 00000000 00000000 00000000 00000000 00000000 00000000 00000000 00000000 00000000 00000000 00000000 00000000 00000000 00000000 00000000 00000000 00000000 00000000 00000000 00000000 00000000 00000000
00000000 00000000 00000000 ff20c040 ff20c040 ff20c040 ff20c040 00000000 00000000 00000000 00000000 00000000 00000000 00000000 00000000 00000000 00000000 00000000 00000000 00000000 00000000 00000000 00000000 00000000
00000000 00000000 00000000 ff20c040 ff20c040 ff20c040 ff20c040 00000000 00000000 00000000 00000000 00000000 00000000 00000000 00000000 00000000 00000000 00000000 00000000 00000000 00000000 00000000 00000000 00000000
00000000 00000000 00000000 ff20c040 ff20c040 ff20c040 ff20c040 00000000 00000000 00000000 00000000 00000000 00000000 00000000 00000000 00000000 00000000 00000000 00000000 00000000 00000000 00000000 00000000 00000000
00000000 00000000 00000000 00000000 00000000 00000000 00000000 00000000 00000000 00000000 00000000 00000000 00000000 00000000 00000000 00000000 00000000 00000000 00000000 00000000 00000000 00000000 00000000 00000000
00000000 00000000 00000000 00000000 00000000 00000000 00000000 00000000 00000000 00000000 00000000 00000000 00000000 00000000 00000000 00000000 00000000 00000000 00000000 00000000 00000000 00000000 00000000 00000000
00000000 00000000 00000000 00000000 00000000 00000000 00000000 ff0000ff af1300a6 5f150055 d74800b6 873c006b ff8d00be af750079 5f4a003d d7bf007f 87870049 00000000 00000000 00000000 00000000 00000000 00000000 00000000
00000000 00000000 00000000 00000000 00000000 00000000 00000000 d7001ecc 870f1379 ff3824d8 af3a198b 5f2a0d47 d7771e95 875a1357 ffc62497 af9b195f 5f5f0d2f 00000000 00000000 00000000 00000000 00000000 00000000 00000000
00000000 00000000 00000000 00000000 00000000 00000000 00000000 af00319d 5f0a1b50 d72f3dab 872d2665 ff7148b1 af613171 5f3f1b38 d7a73d74 87782642 ffff4870 00000000 00000000 00000000 00000000 00000000 00000000 00000000
00000000 00000000 00000000 00000000 00000000 00000000 00000000 87003a72 ff1c6dcb af264b82 ff0000ff f22f1dd3 b4482488 ff9211ce d9992392 ffae00b6 f2e91d7c 5f4a003d d7bf007f 87870049 00000000 00000000 00000000 00000000
00000000 00000000 00000000 00000000 00000000 00000000 00000000 5f00364c d7187aa0 871e4d5e ff0d4ee9 d9334dac ff412fd9 f28750a9 b47b4367 ffe54e83 d9cb4d5f ffc62497 af9b195f 5f5f0d2f 00000000 00000000 00000000 00000000
00000000 00000000 00000000 00000000 00000000 00000000 00000000 ff00b6be af137d79 5f15443d f2178ec8 b42f667e ff579bbb d9797d81 ff8f65a2 f2d08e69 b4a56644 d7a73d74 87782642 ffff4870 00000000 00000000 00000000 00000000
00000000 00000000 00000000 00000000 00000000 00000000 00000000 d700b895 870f7357 ff38da97 d91ba6a0 ff1b93ca f258c192 b464855b ffc0d66b d9b4a650 ffca936e af884b56 5f54292a d7d75c53 00000000 00000000 00000000 00000000
00000000 00000000 00000000 00000000 00000000 00000000 00000000 af00af71 5f0a5f38 d72fd774 b41ca075 ff27ff9e d953c770 ff6aba90 f9c69534 d9b96c25 fff3a31e c3a94025 ffed6438 afaf643b 00000000 00000000 00000000 00000000
00000000 00000000 00000000 00000000 00000000 00000000 00000000 00000000 00000000 00000000 ff00b6be af137d79 5f15443d d748997f c38d4d2d ffb87d46 d7ae5d2e af983e1a ebda6d2a 87876027 00000000 00000000 00000000 00000000
00000000 00000000 00000000 00000000 00000000 00000000 00000000 00000000 00000000 00000000 d700b895 870f7357 ff38da97 af3a965f af84471f ebad8236 c3a05a21 ffdb9630 d7c66e1f 5f5f5116 00000000 00000000 00000000 00000000
00000000 00000000 00000000 00000000 00000000 00000000 00000000 00000000 00000000 00000000 af00af71 5f0a5f38 d72fd774 872d8742 ffa6af3f d7a28029 af915017 ebcb9724 c3b26816 ffffff2f 00000000 00000000 00000000 00000000
00000000 00000000 00000000 00000000 00000000 00000000 00000000 00000000 00000000 00000000 00000000 00000000 00000000 00000000 80701808 80701808 80701808 80701808 80701808 00000000 00000000 00000000 00000000 00000000
00000000 00000000 00000000 00000000 00000000 00000000 00000000 00000000 00000000 00000000 00000000 00000000 00000000 00000000 80701808 80701808 80701808 80701808 80701808 00000000 00000000 00000000 00000000 00000000
00000000 00000000 00000000 00000000 00000000 00000000 00000000 00000000 00000000 00000000 00000000 00000000 00000000 00000000 00000000 00000000 00000000 00000000 00000000 00000000 00000000 00000000 00000000 00000000
00000000 00000000 00000000 00000000 00000000 00000000 00000000 00000000 00000000 00000000 00000000 00000000 00000000 00000000 00000000 00000000 00000000 00000000 00000000 00000000 00000000 00000000 00000000 00000000
00000000 00000000 00000000 00000000 00000000 00000000 00000000 00000000 00000000 00000000 00000000 00000000 00000000 00000000 00000000 00000000 00000000 00000000 00000000 00000000 00000000 00000000 00000000 00000000
scene blend_darken 24 24
00000000 00000000 00000000 00000000 00000000 00000000 00000000 00000000 00000000 00000000 00000000 00000000 00000000 00000000 00000000 00000000 00000000 00000000 00000000 00000000 00000000 00000000 00000000 00000000
00000000 00000000 00000000 00000000 00000000 00000000 00000000 00000000 00000000 00000000 00000000 00000000 00000000 00000000 00000000 00000000 00000000 00000000 00000000 00000000 00000000 00000000 00000000 00000000
00000000 00000000 00000000 00000000 00000000 00000000 00000000 00000000 00000000 00000000 00000000 00000000 00000000 00000000 00000000 00000000 00000000 00000000 00000000 00000000 00000000 00000000 00000000 00000000
00000000 00000000 00000000 ff20c040 ff20c040 ff20c040 ff20c040 00000000 00000000 00000000 00000000 00000000 00000000 00000000 00000000 00000000 00000000 00000000 00000000 00000000 00000000 00000000 00000000 00000000
00000000 00000000 00000000 ff20c040 ff20c040 ff20c040 ff20c040 00000000 00000000 00000000 00000000 00000000 00000000 00000000 00000000 00000000 00000000 00000000 00000000 00000000 00000000 00000000 00000000 00000000
00000000 00000000 00000000 ff20c040 ff20c040 ff20c040 ff20c040 00000000 00000000 00000000 00000000 00000000 00000000 00000000 00000000 00000000 00000000 00000000 00000000 00000000 00000000 00000000 00000000 00000000
00000000 00000000 00000000 00000000 00000000 00000000 00000000 00000000 00000000 00000000 00000000 00000000 00000000 00000000 00000000 00000000 00000000 00000000 00000000 00000000 00000000 00000000 00000000 00000000
00000000 00000000 00000000 00000000 00000000 00000000 00000000 00000000 00000000 00000000 00000000 00000000 00000000 00000000 00000000 00000000 00000000 00000000 00000000 00000000 00000000 00000000 00000000 00000000
00000000 00000000 00000000 00000000 00000000 00000000 00000000 ff0000ff af1300a6 5f150055 d74800b6 873c006b ff8d00be af750079 5f4a003d d7bf007f 87870049 00000000 00000000 00000000 00000000 00000000 00000000 00000000
00000000 00000000 00000000 00000000 00000000 00000000 00000000 d7001ecc 870f1379 ff3824d8 af3a198b 5f2a0d47 d7771e95 875a1357 ffc62497 af9b195f 5f5f0d2f 00000000 00000000 00000000 00000000 00000000 00000000 00000000
00000000 00000000 00000000 00000000 00000000 00000000 00000000 af00319d 5f0a1b50 d72f3dab 872d2665 ff7148b1 af613171 5f3f1b38 d7a73d74 87782642 ffff4870 00000000 00000000 00000000 00000000 00000000 00000000 00000000
00000000 00000000 00000000 00000000 00000000 00000000 00000000 87003a72 ff1c6dcb af264b82 ff0000e2 f2311da4 b4442478 ff63118a d97c2378 ff8d00a1 f2b81d66 5f4a003d d7bf007f 87870049 00000000 00000000 00000000 00000000
00000000 00000000 00000000 00000000 00000000 00000000 00000000 5f00364c d7187aa0 871e4d5e ff0d35a4 d934428e ff3824bb f2673f7f b46c3d5c ff9a3563 d9ac4256 ffc62497 af9b195f 5f5f0d2f 00000000 00000000 00000000 00000000
00000000 00000000 00000000 00000000 00000000 00000000 00000000 ff00b6be af137d79 5f15443d f2176198 b430576f ff455a7d d964616d ff714894 f29d615b b4945741 d7a73d74 87782642 ffff4870 00000000 00000000 00000000 00000000
00000000 00000000 00000000 00000000 00000000 00000000 00000000 d700b895 870f7357 ff38da97 d91b8183 ff1c6dae f24b8572 b4587153 ff7e7e56 d994814b ffaa6d6d af884b56 5f54292a d7d75c53 00000000 00000000 00000000 00000000
00000000 00000000 00000000 00000000 00000000 00000000 00000000 af00af71 5f0a5f38 d72fd774 b41c8b66 ff2aa270 d94c9f61 ff559187 f98b8b2f d9a16824 ffb4921f c39e3e25 ffe16039 afaf643b 00000000 00000000 00000000 00000000
00000000 00000000 00000000 00000000 00000000 00000000 00000000 00000000 00000000 00000000 ff00b6be af137d79 5f15443d d748997f c371482c ff8d7346 d798562e af903a1a ebcf642c 87876027 00000000 00000000 00000000 00000000
00000000 00000000 00000000 00000000 00000000 00000000 00000000 00000000 00000000 00000000 d700b895 870f7357 ff38da97 af3a965f af70401f eb897437 c38f5122 ffc68533 d7bd6321 5f5f5116 00000000 00000000 00000000 00000000
00000000 00000000 00000000 00000000 00000000 00000000 00000000 00000000 00000000 00000000 af00af71 5f0a5f38 d72fd774 872d8742 ff719740 d7846f2a af854718 ebb98327 c3ac5b18 ffffff2f 00000000 00000000 00000000 00000000
00000000 00000000 00000000 00000000 00000000 00000000 00000000 00000000 00000000 00000000 00000000 00000000 00000000 00000000 80701808 80701808 80701808 80701808 80701808 00000000 00000000 00000000 00000000 00000000
00000000 00000000 00000000 00000000 00000000 00000000 00000000 00000000 00000000 00000000 00000000 00000000 00000000 00000000 80701808 80701808 80701808 80701808 80701808 00000000 00000000 00000000 00000000 00000000
00000000 00000000 00000000 00000000 00000000 00000000 00000000 00000000 00000000 00000000 00000000 00000000 00000000 00000000 00000000 00000000 00000000 00000000 00000000 00000000 00000000 00000000 00000000 00000000
00000000 00000000 00000000 00000000 00000000 00000000 00000000 00000000 00000000 00000000 00000000 00000000 00000000 00000000 00000000 00000000 00000000 00000000 00000000 00000000 00000000 00000000 00000000 00000000
00000000 00000000 00000000 00000000 00000000 00000000 00000000 00000000 00000000 00000000 00000000 00000000 00000000 00000000 00000000 00000000 00000000 00000000 00000000 00000000 00000000 00000000 00000000 00000000
scene blend_lighten 24 24
00000000 00000000 00000000 00000000 00000000 00000000 00000000 00000000 00000000 00000000 00000000 00000000 00000000 00000000 00000000 00000000 00000000 00000000 00000000 00000000 00000000 00000000 00000000 00000000
00000000 00000000 00000000 00000000 00000000 00000000 00000000 00000000 00000000 00000000 00000000 00000000 00000000 00000000 00000000 00000000 00000000 00000000 00000000 00000000 00000000 00000000 00000000 00000000
00000000 00000000 00000000 00000000 00000000 00000000 00000000 00000000 00000000 00000000 00000000 00000000 00000000 00000000 00000000 00000000 00000000 00000000 00000000 00000000 00000000 00000000 00000000 00000000
00000000 00000000 00000000 ff20c040 ff20c040 ff20c040 ff20c040 00000000 00000000 00000000 00000000 00000000 00000000 00000000 00000000 00000000 00000000 00000000 00000000 00000000 00000000 00000000 00000000 00000000
00000000 00000000 00000000 ff20c040 ff20c040 ff20c040 ff20c040 00000000 00000000 00000000 00000000 00000000 00000000 00000000 00000000 00000000 00000000 00000000 00000000 00000000 00000000 00000000 00000000 00000000
00000000 00000000 00000000 ff20c040 ff20c040 ff20c040 ff20c040 00000000 00000000 00000000 00000000 00000000 00000000 00000000 00000000 00000000 00000000 00000000 00000000 00000000 00000000 00000000 00000000 00000000
00000000 00000000 00000000 00000000 00000000 00000000 00000000 00000000 00000000 00000000 00000000 00000000 00000000 00000000 00000000 00000000 00000000 00000000 00000000 00000000 00000000 00000000 00000000 00000000
00000000 00000000 00000000 00000000 00000000 00000000 00000000 00000000 00000000 00000000 00000000 00000000 00000000 00000000 00000000 00000000 00000000 00000000 00000000 00000000 00000000 00000000 00000000 00000000
00000000 00000000 00000000 00000000 00000000 00000000 00000000 ff0000ff af1300a6 5f150055 d74800b6 873c006b ff8d00be af750079 5f4a003d d7bf007f 87870049 00000000 00000000 00000000 00000000 00000000 00000000 00000000
00000000 00000000 00000000 00000000 00000000 00000000 00000000 d7001ecc 870f1379 ff3824d8 af3a198b 5f2a0d47 d7771e95 875a1357 ffc62497 af9b195f 5f5f0d2f 00000000 00000000 00000000 00000000 00000000 00000000 00000000
00000000 00000000 00000000 00000000 00000000 00000000 00000000 af00319d 5f0a1b50 d72f3dab 872d2665 ff7148b1 af613171 5f3f1b38 d7a73d74 87782642 ffff4870 00000000 00000000 00000000 00000000 00000000 00000000 00000000
00000000 00000000 00000000 00000000 00000000 00000000 00000000 87003a72 ff1c6dcb af264b82 ff2029ff f2625cd1 b4553a87 ffaa6dcc d99b4b93 ffac29be f2e95c93 5f4a003d d7bf007f 87870049 00000000 00000000 00000000 00000000
00000000 00000000 00000000 00000000 00000000 00000000 00000000 5f00364c d7187aa0 871e4d5e ff5591e6 d9536aaa ff584dd8 f2987eac b47d536c ffe291a5 d9cb6a73 ffc62497 af9b195f 5f5f0d2f 00000000 00000000 00000000 00000000
00000000 00000000 00000000 00000000 00000000 00000000 00000000 ff00b6be af137d79 5f15443d f248a1c5 b4416d7e ff8db6bf d9838989 ff9171b1 f2cea188 b4a56d50 d7a73d74 87782642 ffff4870 00000000 00000000 00000000 00000000
00000000 00000000 00000000 00000000 00000000 00000000 00000000 d700b895 870f7357 ff38da97 d93aa89f ff3c95cb f27dc49f b4698663 ffc6da97 d9b3a868 ffca958a af884b56 5f54292a d7d75c53 00000000 00000000 00000000 00000000
00000000 00000000 00000000 00000000 00000000 00000000 00000000 af00af71 5f0a5f38 d72fd774 b42da075 ff71ffb2 d96ac77e ff74baa4 f9c98d74 d9b86f42 ffef976e c3a4583f ffe29163 afaf643b 00000000 00000000 00000000 00000000
00000000 00000000 00000000 00000000 00000000 00000000 00000000 00000000 00000000 00000000 ff00b6be af137d79 5f15443d d748997f c38e6b4d ffb6b67d d7aa8550 af95532a ebd19d4a 87876027 00000000 00000000 00000000 00000000
00000000 00000000 00000000 00000000 00000000 00000000 00000000 00000000 00000000 00000000 d700b895 870f7357 ff38da97 af3a965f af856034 ebabbc5f c39d7e38 ffd3da56 d7be9e35 5f5f5116 00000000 00000000 00000000 00000000
00000000 00000000 00000000 00000000 00000000 00000000 00000000 00000000 00000000 00000000 af00af71 5f0a5f38 d72fd774 872d8742 ffa8ff70 d7a0b747 af8f6e25 ebc3db3f c3ad9224 ffffff2f 00000000 00000000 00000000 00000000
00000000 00000000 00000000 00000000 00000000 00000000 00000000 00000000 00000000 00000000 00000000 00000000 00000000 00000000 80701808 80701808 80701808 80701808 80701808 00000000 00000000 00000000 00000000 00000000
00000000 00000000 00000000 00000000 00000000 00000000 00000000 00000000 00000000 00000000 00000000 00000000 00000000 00000000 80701808 80701808 80701808 80701808 80701808 00000000 00000000 00000000 00000000 00000000
00000000 00000000 00000000 00000000 00000000 00000000 00000000 00000000 00000000 00000000 00000000 00000000 00000000 00000000 00000000 00000000 00000000 00000000 00000000 00000000 00000000 00000000 00000000 00000000
00000000 00000000 00000000 00000000 00000000 00000000 00000000 00000000 00000000 00000000 00000000 00000000 00000000 00000000 00000000 00000000 00000000 00000000 00000000 00000000 00000000 00000000 00000000 00000000
00000000 00000000 00000000 00000000 00000000 00000000 00000000 00000000 00000000 00000000 00000000 00000000 00000000 00000000 00000000 00000000 00000000 00000000 00000000 00000000 00000000 00000000 00000000 00000000
scene blend_color_dodge 24 24
00000000 00000000 00000000 00000000 00000000 00000000 00000000 00000000 00000000 00000000 00000000 00000000 00000000 00000000 00000000 00000000 00000000 00000000 00000000 00000000 00000000 00000000 00000000 00000000
00000000 00000000 00000000 00000000 00000000 00000000 00000000 00000000 00000000 00000000 00000000 00000000 00000000 00000000 00000000 00000000 00000000 00000000 00000000 00000000 00000000 00000000 00000000 00000000
00000000 00000000 00000000 00000000 00000000 00000000 00000000 00000000 00000000 00000000 00000000 00000000 00000000 00000000 00000000 00000000 00000000 00000000 00000000 00000000 00000000 00000000 00000000 00000000
00000000 00000000 00000000 ff20c040 ff20c040 ff20c040 ff20c040 00000000 00000000 00000000 00000000 00000000 00000000 00000000 00000000 00000000 00000000 00000000 00000000 00000000 00000000 00000000 00000000 00000000
00000000 00000000 00000000 ff20c040 ff20c040 ff20c040 ff20c040 00000000 00000000 00000000 00000000 00000000 00000000 00000000 00000000 00000000 00000000 00000000 00000000 00000000 00000000 00000000 00000000 00000000
00000000 00000000 00000000 ff20c040 ff20c040 ff20c040 ff20c040 00000000 00000000 00000000 00000000 00000000 00000000 00000000 00000000 00000000 00000000 00000000 00000000 00000000 00000000 00000000 00000000 00000000
00000000 00000000 00000000 00000000 00000000 00000000 00000000 00000000 00000000 00000000 00000000 00000000 00000000 00000000 00000000 00000000 00000000 00000000 00000000 00000000 00000000 00000000 00000000 00000000
00000000 00000000 00000000 00000000 00000000 00000000 00000000 00000000 00000000 00000000 00000000 00000000 00000000 00000000 00000000 00000000 00000000 00000000 00000000 00000000 00000000 00000000 00000000 00000000
00000000 00000000 00000000 00000000 00000000 00000000 00000000 ff0000ff af1300a6 5f150055 d74800b6 873c006b ff8d00be af750079 5f4a003d d7bf007f 87870049 00000000 00000000 00000000 00000000 00000000 00000000 00000000
00000000 00000000 00000000 00000000 00000000 00000000 00000000 d7001ecc 870f1379 ff3824d8 af3a198b 5f2a0d47 d7771e95 875a1357 ffc62497 af9b195f 5f5f0d2f 00000000 00000000 00000000 00000000 00000000 00000000 00000000
00000000 00000000 00000000 00000000 00000000 00000000 00000000 af00319d 5f0a1b50 d72f3dab 872d2665 ff7148b1 af613171 5f3f1b38 d7a73d74 87782642 ffff4870 00000000 00000000 00000000 00000000 00000000 00000000 00000000
00000000 00000000 00000000 00000000 00000000 00000000 00000000 87003a72 ff1c6dcb af264b82 ff2029ff f26a5cd9 b45d3a8c fff26ded d9af4ba7 ffb729d6 f2e95cc1 5f4a003d d7bf007f 87870049 00000000 00000000 00000000 00000000
00000000 00000000 00000000 00000000 00000000 00000000 00000000 5f00364c d7187aa0 871e4d5e ff55a5f1 d95873b4 ff6755e7 f2c98cca b4885879 fffaa5e7 d9cb738f ffc62497 af9b195f 5f5f0d2f 00000000 00000000 00000000 00000000
00000000 00000000 00000000 00000000 00000000 00000000 00000000 ff00b6be af137d79 5f15443d f248cad4 b4437b86 ffaef3eb d9a2a3a1 ffa68cce f2dfcab6 b4a57b56 d7a73d74 87782642 ffff4870 00000000 00000000 00000000 00000000
00000000 00000000 00000000 00000000 00000000 00000000 00000000 d700b895 870f7357 ff38da97 d93ab5ad ff41a3de f294d9c5 b47a8e72 fff6f9d8 d9bdb572 ffcaa387 af884b56 5f54292a d7d75c53 00000000 00000000 00000000 00000000
00000000 00000000 00000000 00000000 00000000 00000000 00000000 af00af71 5f0a5f38 d72fd774 b42da07f ff7dffe9 d979c79a ff94bac1 f9e5d256 d9c18e2e fffcef38 c3ad4f29 fff1803e afaf643b 00000000 00000000 00000000 00000000
00000000 00000000 00000000 00000000 00000000 00000000 00000000 00000000 00000000 00000000 ff00b6be af137d79 5f15443d d748997f c3966731 ffc6ae4e d7b57f33 af9b501c ebdd9630 87876027 00000000 00000000 00000000 00000000
00000000 00000000 00000000 00000000 00000000 00000000 00000000 00000000 00000000 00000000 d700b895 870f7357 ff38da97 af3a965f af8b6722 ebb9cb3c c3a58825 ffe3ed37 d7c8aa23 5f5f5116 00000000 00000000 00000000 00000000
00000000 00000000 00000000 00000000 00000000 00000000 00000000 00000000 00000000 00000000 af00af71 5f0a5f38 d72fd774 872d8742 ffb8ff46 d7abb72d af956e19 ebd1db2a c3b49219 ffffff2f 00000000 00000000 00000000 00000000
00000000 00000000 00000000 00000000 00000000 00000000 00000000 00000000 00000000 00000000 00000000 00000000 00000000 00000000 80701808 80701808 80701808 80701808 80701808 00000000 00000000 00000000 00000000 00000000
00000000 00000000 00000000 00000000 00000000 00000000 00000000 00000000 00000000 00000000 00000000 00000000 00000000 00000000 80701808 80701808 80701808 80701808 80701808 00000000 00000000 00000000 00000000 00000000
00000000 00000000 00000000 00000000 00000000 00000000 00000000 00000000 00000000 00000000 00000000 00000000 00000000 00000000 00000000 00000000 00000000 00000000 00000000 00000000 00000000 00000000 00000000 00000000
00000000 00000000 00000000 00000000 00000000 00000000 00000000 00000000 00000000 00000000 00000000 00000000 00000000 00000000 00000000 00000000 00000000 00000000 00000000 00000000 00000000 00000000 00000000 00000000
00000000 00000000 00000000 00000000 00000000 00000000 00000000 00000000 00000000 00000000 00000000 00000000 00000000 00000000 00000000 00000000 00000000 00000000 00000000 00000000 00000000 00000000 00000000 00000000
scene blend_color_burn 24 24
00000000 00000000 00000000 00000000 00000000 00000000 00000000 00000000 00000000 00000000 00000000 00000000 00000000 00000000 00000000 00000000 00000000 00000000 00000000 00000000 00000000 00000000 00000000 00000000
00000000 00000000 00000000 00000000 00000000 00000000 00000000 00000000 00000000 00000000 00000000 00000000 00000000 00000000 00000000 00000000 00000000 00000000 00000000 00000000 00000000 00000000 00000000 00000000
00000000 00000000 00000000 00000000 00000000 00000000 00000000 00000000 00000000 00000000 00000000 00000000 00000000 00000000 00000000 00000000 00000000 00000000 00000000 00000000 00000000 00000000 00000000 00000000
00000000 00000000 00000000 ff20c040 ff20c040 ff20c040 ff20c040 00000000 00000000 00000000 00000000 00000000 00000000 00000000 00000000 00000000 00000000 00000000 00000000 00000000 00000000 00000000 00000000 00000000
00000000 00000000 00000000 ff20c040 ff20c040 ff20c040 ff20c040 00000000 00000000 00000000 00000000 00000000 00000000 00000000 00000000 00000000 00000000 00000000 00000000 00000000 00000000 00000000 00000000 00000000
00000000 00000000 00000000 ff20c040 ff20c040 ff20c040 ff20c040 00000000 00000000 00000000 00000000 00000000 00000000 00000000 00000000 00000000 00000000 00000000 00000000 00000000 00000000 00000000 00000000 00000000
00000000 00000000 00000000 00000000 00000000 00000000 00000000 00000000 00000000 00000000 00000000 00000000 00000000 00000000 00000000 00000000 00000000 00000000 00000000 00000000 00000000 00000000 00000000 00000000
00000000 00000000 00000000 00000000 00000000 00000000 00000000 00000000 00000000 00000000 00000000 00000000 00000000 00000000 00000000 00000000 00000000 00000000 00000000 00000000 00000000 00000000 00000000 00000000
00000000 00000000 00000000 00000000 00000000 00000000 00000000 ff0000ff af1300a6 5f150055 d74800b6 873c006b ff8d00be af750079 5f4a003d d7bf007f 87870049 00000000 00000000 00000000 00000000 00000000 00000000 00000000
00000000 00000000 00000000 00000000 00000000 00000000 00000000 d7001ecc 870f1379 ff3824d8 af3a198b 5f2a0d47 d7771e95 875a1357 ffc62497 af9b195f 5f5f0d2f 00000000 00000000 00000000 00000000 00000000 00000000 00000000
00000000 00000000 00000000 00000000 00000000 00000000 00000000 af00319d 5f0a1b50 d72f3dab 872d2665 ff7148b1 af613171 5f3f1b38 d7a73d74 87782642 ffff4870 00000000 00000000 00000000 00000000 00000000 00000000 00000000
00000000 00000000 00000000 00000000 00000000 00000000 00000000 87003a72 ff1c6dcb af264b82 ff0000e2 f2211da1 b4392476 ff1c1178 d981236b ffa4008f f2e91d3e 5f4a003d d7bf007f 87870049 00000000 00000000 00000000 00000000
00000000 00000000 00000000 00000000 00000000 00000000 00000000 5f00364c d7187aa0 871e4d5e ff0d17a0 d929358a ff2317b3 f2362a6b b46f3653 ffce1729 d9cb3537 ffc62497 af9b195f 5f5f0d2f 00000000 00000000 00000000 00000000
00000000 00000000 00000000 00000000 00000000 00000000 00000000 ff00b6be af137d79 5f15443d f2173891 b42a496a ff161d61 d946475b ff772d7a f2c13829 b4a54933 d7a73d74 87782642 ffff4870 00000000 00000000 00000000 00000000
00000000 00000000 00000000 00000000 00000000 00000000 00000000 d700b895 870f7357 ff38da97 d91b977b ff1283a2 f22ba756 b4487c45 ff89b00d d9aa9731 ffca8357 af884b56 5f54292a d7d75c53 00000000 00000000 00000000 00000000
00000000 00000000 00000000 00000000 00000000 00000000 00000000 af00af71 5f0a5f38 d72fd774 b41ca05f ff12ff47 d937c749 ff35ba67 f9a75514 d9b24a1b ffe85405 c3a23221 ffdf4831 afaf643b 00000000 00000000 00000000 00000000
00000000 00000000 00000000 00000000 00000000 00000000 00000000 00000000 00000000 00000000 ff00b6be af137d79 5f15443d d748997f c3833b28 ffa95b3e d7a54629 af933117 ebcd5026 87876027 00000000 00000000 00000000 00000000
00000000 00000000 00000000 00000000 00000000 00000000 00000000 00000000 00000000 00000000 d700b895 870f7357 ff38da97 af3a965f af7d3a1c eba06530 c399481e ffce732b d7bc571b 5f5f5116 00000000 00000000 00000000 00000000
00000000 00000000 00000000 00000000 00000000 00000000 00000000 00000000 00000000 00000000 af00af71 5f0a5f38 d72fd774 872d8742 ff949738 d7976f24 af8c4715 ebbf8320 c3ab5b14 ffffff2f 00000000 00000000 00000000 00000000
00000000 00000000 00000000 00000000 00000000 00000000 00000000 00000000 00000000 00000000 00000000 00000000 00000000 00000000 80701808 80701808 80701808 80701808 80701808 00000000 00000000 00000000 00000000 00000000
00000000 00000000 00000000 00000000 00000000 00000000 00000000 00000000 00000000 00000000 00000000 00000000 00000000 00000000 80701808 80701808 80701808 80701808 80701808 00000000 00000000 00000000 00000000 00000000
00000000 00000000 00000000 00000000 00000000 00000000 00000000 00000000 00000000 00000000 00000000 00000000 00000000 00000000 00000000 00000000 00000000 00000000 00000000 00000000 00000000 00000000 00000000 00000000
00000000 00000000 00000000 00000000 00000000 00000000 00000000 00000000 00000000 00000000 00000000 00000000 00000000 00000000 00000000 00000000 00000000 00000000 00000000 00000000 00000000 00000000 00000000 00000000
00000000 00000000 00000000 00000000 00000000 00000000 00000000 00000000 00000000 00000000 00000000 00000000 00000000 00000000 00000000 00000000 00000000 00000000 00000000 00000000 00000000 00000000 00000000 00000000
scene blend_hard_light 24 24
00000000 00000000 00000000 00000000 00000000 00000000 00000000 00000000 00000000 00000000 00000000 00000000 00000000 00000000 00000000 00000000 00000000 00000000 00000000 00000000 00000000 00000000 00000000 00000000
00000000 00000000 00000000 00000000 00000000 00000000 00000000 00000000 00000000 00000000 00000000 00000000 00000000 00000000 00000000 00000000 00000000 00000000 00000000 00000000 00000000 00000000 00000000 00000000
00000000 00000000 00000000 00000000 00000000 00000000 00000000 00000000 00000000 00000000 00000000 00000000 00000000 00000000 00000000 00000000 00000000 00000000 00000000 00000000 00000000 00000000 00000000 00000000
00000000 00000000 00000000 ff20c040 ff20c040 ff20c040 ff20c040 00000000 00000000 00000000 00000000 00000000 00000000 00000000 00000000 00000000 00000000 00000000 00000000 00000000 00000000 00000000 00000000 00000000
00000000 00000000 00000000 ff20c040 ff20c040 ff20c040 ff20c040 00000000 00000000 00000000 00000000 00000000 00000000 00000000 00000000 00000000 00000000 00000000 00000000 00000000 00000000 00000000 00000000 00000000
00000000 00000000 00000000 ff20c040 ff20c040 ff20c040 ff20c040 00000000 00000000 00000000 00000000 00000000 00000000 00000000 00000000 00000000 00000000 00000000 00000000 00000000 00000000 00000000 00000000 00000000
00000000 00000000 00000000 00000000 00000000 00000000 00000000 00000000 00000000 00000000 00000000 00000000 00000000 00000000 00000000 00000000 00000000 00000000 00000000 00000000 00000000 00000000 00000000 00000000
00000000 00000000 00000000 00000000 00000000 00000000 00000000 00000000 00000000 00000000 00000000 00000000 00000000 00000000 00000000 00000000 00000000 00000000 00000000 00000000 00000000 00000000 00000000 00000000
00000000 00000000 00000000 00000000 00000000 00000000 00000000 ff0000ff af1300a6 5f150055 d74800b6 873c006b ff8d00be af750079 5f4a003d d7bf007f 87870049 00000000 00000000 00000000 00000000 00000000 00000000 00000000
00000000 00000000 00000000 00000000 00000000 00000000 00000000 d7001ecc 870f1379 ff3824d8 af3a198b 5f2a0d47 d7771e95 875a1357 ffc62497 af9b195f 5f5f0d2f 00000000 00000000 00000000 00000000 00000000 00000000 00000000
00000000 00000000 00000000 00000000 00000000 00000000 00000000 af00319d 5f0a1b50 d72f3dab 872d2665 ff7148b1 af613171 5f3f1b38 d7a73d74 87782642 ffff4870 00000000 00000000 00000000 00000000 00000000 00000000 00000000
00000000 00000000 00000000 00000000 00000000 00000000 00000000 87003a72 ff1c6dcb af264b82 ff0000ff f22f1dd3 b4452488 ff7b11ce d9932393 ffae00bb f2e91d89 5f4a003d d7bf007f 87870049 00000000 00000000 00000000 00000000
00000000 00000000 00000000 00000000 00000000 00000000 00000000 5f00364c d7187aa0 871e4d5e ff0d39e9 d93344ac ff3a26d9 f27742ab b4783e6a ffe53996 d9cb4468 ffc62497 af9b195f 5f5f0d2f 00000000 00000000 00000000 00000000
00000000 00000000 00000000 00000000 00000000 00000000 00000000 ff00b6be af137d79 5f15443d f21772c8 b42f5d7e ff4a74be d96e6c86 ff8854ab f2d07277 b4a55d48 d7a73d74 87782642 ffff4870 00000000 00000000 00000000 00000000
00000000 00000000 00000000 00000000 00000000 00000000 00000000 d700b895 870f7357 ff38da97 d91b9da0 ff1b8acb f24fb29b b45e805f ffb3bf7e d9b49d57 ffca8a73 af884b56 5f54292a d7d75c53 00000000 00000000 00000000 00000000
00000000 00000000 00000000 00000000 00000000 00000000 00000000 af00af71 5f0a5f38 d72fd774 b41ca075 ff27ffab d94ec778 ff5fba99 f9bb9549 d9b96d29 fff3a31e c3a94625 ffed6e38 afaf643b 00000000 00000000 00000000 00000000
00000000 00000000 00000000 00000000 00000000 00000000 00000000 00000000 00000000 00000000 ff00b6be af137d79 5f15443d d748997f c3875f32 ffb89f46 d7ae752e af984b1a ebda892a 87876027 00000000 00000000 00000000 00000000
00000000 00000000 00000000 00000000 00000000 00000000 00000000 00000000 00000000 00000000 d700b895 870f7357 ff38da97 af3a965f af805c1f ebadb236 c3a07821 ffdbce30 d7c6961f 5f5f5116 00000000 00000000 00000000 00000000
00000000 00000000 00000000 00000000 00000000 00000000 00000000 00000000 00000000 00000000 af00af71 5f0a5f38 d72fd774 872d8742 ff9cff3f d7a2b729 af916e17 ebcbdb24 c3b29216 ffffff2f 00000000 00000000 00000000 00000000
00000000 00000000 00000000 00000000 00000000 00000000 00000000 00000000 00000000 00000000 00000000 00000000 00000000 00000000 80701808 80701808 80701808 80701808 80701808 00000000 00000000 00000000 00000000 00000000
00000000 00000000 00000000 00000000 00000000 00000000 00000000 00000000 00000000 00000000 00000000 00000000 00000000 00000000 80701808 80701808 80701808 80701808 80701808 00000000 00000000 00000000 00000000 00000000
00000000 00000000 00000000 00000000 00000000 00000000 00000000 00000000 00000000 00000000 00000000 00000000 00000000 00000000 00000000 00000000 00000000 00000000 00000000 00000000 00000000 00000000 00000000 00000000
00000000 00000000 00000000 00000000 00000000 00000000 00000000 00000000 00000000 00000000 00000000 00000000 00000000 00000000 00000000 00000000 00000000 00000000 00000000 00000000 00000000 00000000 00000000 00000000
00000000 00000000 00000000 00000000 00000000 00000000 00000000 00000000 00000000 00000000 00000000 00000000 00000000 00000000 00000000 00000000 00000000 00000000 00000000 00000000 00000000 00000000 00000000 00000000
scene blend_soft_light 24 24
00000000 00000000 00000000 00000000 00000000 00000000 00000000 00000000 00000000 00000000 00000000 00000000 00000000 00000000 00000000 00000000 00000000 00000000 00000000 00000000 00000000 00000000 00000000 00000000
00000000 00000000 00000000 00000000 00000000 00000000 00000000 00000000 00000000 00000000 00000000 00000000 00000000 00000000 00000000 00000000 00000000 00000000 00000000 00000000 00000000 00000000 00000000 00000000
00000000 00000000 00000000 00000000 00000000 00000000 00000000 00000000 00000000 00000000 00000000 00000000 00000000 00000000 00000000 00000000 00000000 00000000 00000000 00000000 00000000 00000000 00000000 00000000
00000000 00000000 00000000 ff20c040 ff20c040 ff20c040 ff20c040 00000000 00000000 00000000 00000000 00000000 00000000 00000000 00000000 00000000 00000000 00000000 00000000 00000000 00000000 00000000 00000000 00000000
00000000 00000000 00000000 ff20c040 ff20c040 ff20c040 ff20c040 00000000 00000000 00000000 00000000 00000000 00000000 00000000 00000000 00000000 00000000 00000000 00000000 00000000 00000000 00000000 00000000 00000000
00000000 00000000 00000000 ff20c040 ff20c040 ff20c040 ff20c040 00000000 00000000 00000000 00000000 00000000 00000000 00000000 00000000 00000000 00000000 00000000 00000000 00000000 00000000 00000000 00000000 00000000
00000000 00000000 00000000 00000000 00000000 00000000 00000000 00000000 00000000 00000000 00000000 00000000 00000000 00000000 00000000 00000000 00000000 00000000 00000000 00000000 00000000 00000000 00000000 00000000
00000000 00000000 00000000 00000000 00000000 00000000 00000000 00000000 00000000 00000000 00000000 00000000 00000000 00000000 00000000 00000000 00000000 00000000 00000000 00000000 00000000 00000000 00000000 00000000
00000000 00000000 00000000 00000000 00000000 00000000 00000000 ff0000ff af1300a6 5f150055 d74800b6 873c006b ff8d00be af750079 5f4a003d d7bf007f 87870049 00000000 00000000 00000000 00000000 00000000 00000000 00000000
00000000 00000000 00000000 00000000 00000000 00000000 00000000 d7001ecc 870f1379 ff3824d8 af3a198b 5f2a0d47 d7771e95 875a1357 ffc62497 af9b195f 5f5f0d2f 00000000 00000000 00000000 00000000 00000000 00000000 00000000
00000000 00000000 00000000 00000000 00000000 00000000 00000000 af00319d 5f0a1b50 d72f3dab 872d2665 ff7148b1 af613171 5f3f1b38 d7a73d74 87782642 ffff4870 00000000 00000000 00000000 00000000 00000000 00000000 00000000
00000000 00000000 00000000 00000000 00000000 00000000 00000000 87003a72 ff1c6dcb af264b82 ff0b12ef f24538b9 b44e2e7f ff9a38a7 d9993483 ffad12ac f2e93873 5f4a003d d7bf007f 87870049 00000000 00000000 00000000 00000000
00000000 00000000 00000000 00000000 00000000 00000000 00000000 5f00364c d7187aa0 871e4d5e ff256bc3 d9415a9b ff4b3cc7 f28d6491 b47c4a62 ffe36b76 d9cb5a5d ffc62497 af9b195f 5f5f0d2f 00000000 00000000 00000000 00000000
00000000 00000000 00000000 00000000 00000000 00000000 00000000 ff00b6be af137d79 5f15443d f22793ac b4376875 ff6fa398 d97c8177 ff8f699d f2cf9365 b4a56844 d7a73d74 87782642 ffff4870 00000000 00000000 00000000 00000000
00000000 00000000 00000000 00000000 00000000 00000000 00000000 d700b895 870f7357 ff38da97 d925a78f ff2994ba f268c182 b4658558 ffc2d665 d9b3a74f ffca946f af884b56 5f54292a d7d75c53 00000000 00000000 00000000 00000000
00000000 00000000 00000000 00000000 00000000 00000000 00000000 af00af71 5f0a5f38 d72fd774 b422a06c ff48ff87 d95ec76a ff6dba8e f9c78f36 d9b96a25 fff19c1e c3a74125 ffe76538 afaf643b 00000000 00000000 00000000 00000000
00000000 00000000 00000000 00000000 00000000 00000000 00000000 00000000 00000000 00000000 ff00b6be af137d79 5f15443d d748997f c38d4f2d ffb78046 d7ac602e af963f1a ebd46f2a 87876027 00000000 00000000 00000000 00000000
00000000 00000000 00000000 00000000 00000000 00000000 00000000 00000000 00000000 00000000 d700b895 870f7357 ff38da97 af3a965f af84491f ebac8736 c39e5d21 ffd79b30 d7c1721f 5f5f5116 00000000 00000000 00000000 00000000
00000000 00000000 00000000 00000000 00000000 00000000 00000000 00000000 00000000 00000000 af00af71 5f0a5f38 d72fd774 872d8742 ffa7b63f d7a18529 af905317 ebc79e24 c3af6c16 ffffff2f 00000000 00000000 00000000 00000000
00000000 00000000 00000000 00000000 00000000 00000000 00000000 00000000 00000000 00000000 00000000 00000000 00000000 00000000 80701808 80701808 80701808 80701808 80701808 00000000 00000000 00000000 00000000 00000000
00000000 00000000 00000000 00000000 00000000 00000000 00000000 00000000 00000000 00000000 00000000 00000000 00000000 00000000 80701808 80701808 80701808 80701808 80701808 00000000 00000000 00000000 00000000 00000000
00000000 00000000 00000000 00000000 00000000 00000000 00000000 00000000 00000000 00000000 00000000 00000000 00000000 00000000 00000000 00000000 00000000 00000000 00000000 00000000 00000000 00000000 00000000 00000000
00000000 00000000 00000000 00000000 00000000 00000000 00000000 00000000 00000000 00000000 00000000 00000000 00000000 00000000 00000000 00000000 00000000 00000000 00000000 00000000 00000000 00000000 00000000 00000000
00000000 00000000 00000000 00000000 00000000 00000000 00000000 00000000 00000000 00000000 00000000 00000000 00000000 00000000 00000000 00000000 00000000 00000000 00000000 00000000 00000000 00000000 00000000 00000000
scene blend_difference 24 24
00000000 00000000 00000000 00000000 00000000 00000000 00000000 00000000 00000000 00000000 00000000 00000000 00000000 00000000 00000000 00000000 00000000 00000000 00000000 00000000 00000000 00000000 00000000 00000000
00000000 00000000 00000000 00000000 00000000 00000000 00000000 00000000 00000000 00000000 00000000 00000000 00000000 00000000 00000000 00000000 00000000 00000000 00000000 00000000 00000000 00000000 00000000 00000000
00000000 00000000 00000000 00000000 00000000 00000000 00000000 00000000 00000000 00000000 00000000 00000000 00000000 00000000 00000000 00000000 00000000 00000000 00000000 00000000 00000000 00000000 00000000 00000000
00000000 00000000 00000000 ff20c040 ff20c040 ff20c040 ff20c040 00000000 00000000 00000000 00000000 00000000 00000000 00000000 00000000 00000000 00000000 00000000 00000000 00000000 00000000 00000000 00000000 00000000
00000000 00000000 00000000 ff20c040 ff20c040 ff20c040 ff20c040 00000000 00000000 00000000 00000000 00000000 00000000 00000000 00000000 00000000 00000000 00000000 00000000 00000000 00000000 00000000 00000000 00000000
00000000 00000000 00000000 ff20c040 ff20c040 ff20c040 ff20c040 00000000 00000000 00000000 00000000 00000000 00000000 00000000 00000000 00000000 00000000 00000000 00000000 00000000 00000000 00000000 00000000 00000000
00000000 00000000 00000000 00000000 00000000 00000000 00000000 00000000 00000000 00000000 00000000 00000000 00000000 00000000 00000000 00000000 00000000 00000000 00000000 00000000 00000000 00000000 00000000 00000000
00000000 00000000 00000000 00000000 00000000 00000000 00000000 00000000 00000000 00000000 00000000 00000000 00000000 00000000 00000000 00000000 00000000 00000000 00000000 00000000 00000000 00000000 00000000 00000000
00000000 00000000 00000000 00000000 00000000 00000000 00000000 ff0000ff af1300a6 5f150055 d74800b6 873c006b ff8d00be af750079 5f4a003d d7bf007f 87870049 00000000 00000000 00000000 00000000 00000000 00000000 00000000
00000000 00000000 00000000 00000000 00000000 00000000 00000000 d7001ecc 870f1379 ff3824d8 af3a198b 5f2a0d47 d7771e95 875a1357 ffc62497 af9b195f 5f5f0d2f 00000000 00000000 00000000 00000000 00000000 00000000 00000000
00000000 00000000 00000000 00000000 00000000 00000000 00000000 af00319d 5f0a1b50 d72f3dab 872d2665 ff7148b1 af613171 5f3f1b38 d7a73d74 87782642 ffff4870 00000000 00000000 00000000 00000000 00000000 00000000 00000000
00000000 00000000 00000000 00000000 00000000 00000000 00000000 87003a72 ff1c6dcb af264b82 ff2029bd f2525c72 b44a3a69 ff626d58 d9724b65 ff772994 f2865c5a 5f4a003d d7bf007f 87870049 00000000 00000000 00000000 00000000
00000000 00000000 00000000 00000000 00000000 00000000 00000000 5f00364c d7187aa0 871e4d5e ff55735c d9495d73 ff4340a5 f2676964 b4674c56 ff6b7352 d98d5d54 ffc62497 af9b195f 5f5f0d2f 00000000 00000000 00000000 00000000
00000000 00000000 00000000 00000000 00000000 00000000 00000000 ff00b6be af137d79 5f15443d f248786e b43c5f63 ff5e7956 d9646f60 ff67568c f27c7856 b4845f41 d7a73d74 87782642 ffff4870 00000000 00000000 00000000 00000000
00000000 00000000 00000000 00000000 00000000 00000000 00000000 d700b895 870f7357 ff38da97 d93a806d ff326c9c f25d855e b4587050 ff677e4e d980804e ff8b6c74 af884b56 5f54292a d7d75c53 00000000 00000000 00000000 00000000
00000000 00000000 00000000 00000000 00000000 00000000 00000000 af00af71 5f0a5f38 d72fd774 b42d835c ff598554 d955925a ff548484 f9813359 d98f4d39 ff601d54 c36f4b3b ff72795b afaf643b 00000000 00000000 00000000 00000000
00000000 00000000 00000000 00000000 00000000 00000000 00000000 00000000 00000000 00000000 ff00b6be af137d79 5f15443d d748997f c3705e49 ff6f9e75 d76f754b af704a27 eb738943 87876027 00000000 00000000 00000000 00000000
00000000 00000000 00000000 00000000 00000000 00000000 00000000 00000000 00000000 00000000 d700b895 870f7357 ff38da97 af3a965f af705731 eb6fa858 c3707134 ff70c24e d7718e30 5f5f5116 00000000 00000000 00000000 00000000
00000000 00000000 00000000 00000000 00000000 00000000 00000000 00000000 00000000 00000000 af00af71 5f0a5f38 d72fd774 872d8742 ff6fe768 d76fa742 af6f6522 eb6fc738 c3728520 ffffff2f 00000000 00000000 00000000 00000000
00000000 00000000 00000000 00000000 00000000 00000000 00000000 00000000 00000000 00000000 00000000 00000000 00000000 00000000 80701808 80701808 80701808 80701808 80701808 00000000 00000000 00000000 00000000 00000000
00000000 00000000 00000000 00000000 00000000 00000000 00000000 00000000 00000000 00000000 00000000 00000000 00000000 00000000 80701808 80701808 80701808 80701808 80701808 00000000 00000000 00000000 00000000 00000000
00000000 00000000 00000000 00000000 00000000 00000000 00000000 00000000 00000000 00000000 00000000 00000000 00000000 00000000 00000000 00000000 00000000 00000000 00000000 00000000 00000000 00000000 00000000 00000000
00000000 00000000 00000000 00000000 00000000 00000000 00000000 00000000 00000000 00000000 00000000 00000000 00000000 00000000 00000000 00000000 00000000 00000000 00000000 00000000 00000000 00000000 00000000 00000000
00000000 00000000 00000000 00000000 00000000 00000000 00000000 00000000 00000000 00000000 00000000 00000000 00000000 00000000 00000000 00000000 00000000 00000000 00000000 00000000 00000000 00000000 00000000 00000000
scene blend_exclusion 24 24
00000000 00000000 00000000 00000000 00000000 00000000 00000000 00000000 00000000 00000000 00000000 00000000 00000000 00000000 00000000 00000000 00000000 00000000 00000000 00000000 00000000 00000000 00000000 00000000
00000000 00000000 00000000 00000000 00000000 00000000 00000000 00000000 00000000 00000000 00000000 00000000 00000000 00000000 00000000 00000000 00000000 00000000 00000000 00000000 00000000 00000000 00000000 00000000
00000000 00000000 00000000 00000000 00000000 00000000 00000000 00000000 00000000 00000000 00000000 00000000 00000000 00000000 00000000 00000000 00000000 00000000 00000000 00000000 00000000 00000000 00000000 00000000
00000000 00000000 00000000 ff20c040 ff20c040 ff20c040 ff20c040 00000000 00000000 00000000 00000000 00000000 00000000 00000000 00000000 00000000 00000000 00000000 00000000 00000000 00000000 00000000 00000000 00000000
00000000 00000000 00000000 ff20c040 ff20c040 ff20c040 ff20c040 00000000 00000000 00000000 00000000 00000000 00000000 00000000 00000000 00000000 00000000 00000000 00000000 00000000 00000000 00000000 00000000 00000000
00000000 00000000 00000000 ff20c040 ff20c040 ff20c040 ff20c040 00000000 00000000 00000000 00000000 00000000 00000000 00000000 00000000 00000000 00000000 00000000 00000000 00000000 00000000 00000000 00000000 00000000
00000000 00000000 00000000 00000000 00000000 00000000 00000000 00000000 00000000 00000000 00000000 00000000 00000000 00000000 00000000 00000000 00000000 00000000 00000000 00000000 00000000 00000000 00000000 00000000
00000000 00000000 00000000 00000000 00000000 00000000 00000000 00000000 00000000 00000000 00000000 00000000 00000000 00000000 00000000 00000000 00000000 00000000 00000000 00000000 00000000 00000000 00000000 00000000
00000000 00000000 00000000 00000000 00000000 00000000 00000000 ff0000ff af1300a6 5f150055 d74800b6 873c006b ff8d00be af750079 5f4a003d d7bf007f 87870049 00000000 00000000 00000000 00000000 00000000 00000000 00000000
00000000 00000000 00000000 00000000 00000000 00000000 00000000 d7001ecc 870f1379 ff3824d8 af3a198b 5f2a0d47 d7771e95 875a1357 ffc62497 af9b195f 5f5f0d2f 00000000 00000000 00000000 00000000 00000000 00000000 00000000
00000000 00000000 00000000 00000000 00000000 00000000 00000000 af00319d 5f0a1b50 d72f3dab 872d2665 ff7148b1 af613171 5f3f1b38 d7a73d74 87782642 ffff4870 00000000 00000000 00000000 00000000 00000000 00000000 00000000
00000000 00000000 00000000 00000000 00000000 00000000 00000000 87003a72 ff1c6dcb af264b82 ff2029bd f2645c7c b4543a6f ff926d7c d9844b79 ff8529aa f2865c7e 5f4a003d d7bf007f 87870049 00000000 00000000 00000000 00000000
00000000 00000000 00000000 00000000 00000000 00000000 00000000 5f00364c d7187aa0 871e4d5e ff558d6a d953697f ff554ab5 f2877b82 b4715262 ff878d84 d98d696a ffc62497 af9b195f 5f5f0d2f 00000000 00000000 00000000 00000000
00000000 00000000 00000000 00000000 00000000 00000000 00000000 ff00b6be af137d79 5f15443d f2489080 b442676b ff889b80 d9787d76 ff7966a2 f28e907a b484674d d7a73d74 87782642 ffff4870 00000000 00000000 00000000 00000000
00000000 00000000 00000000 00000000 00000000 00000000 00000000 d700b895 870f7357 ff38da97 d93a8c7d ff3c78b0 f2799780 b464785c ff919882 d98a8c62 ff8b7888 af884b56 5f54292a d7d75c53 00000000 00000000 00000000 00000000
00000000 00000000 00000000 00000000 00000000 00000000 00000000 af00af71 5f0a5f38 d72fd774 b42d8366 ff738584 d9699270 ff6a849a f999816f d9996b41 ff72816e c37d573f ff8c8d65 afaf643b 00000000 00000000 00000000 00000000
00000000 00000000 00000000 00000000 00000000 00000000 00000000 00000000 00000000 00000000 ff00b6be af137d79 5f15443d d748997f c378664d ff81ac7d d77f7d51 af78502b eb87954d 87876027 00000000 00000000 00000000 00000000
00000000 00000000 00000000 00000000 00000000 00000000 00000000 00000000 00000000 00000000 d700b895 870f7357 ff38da97 af3a965f af765935 eb7fae60 c37a7538 ff88c858 d7839236 5f5f5116 00000000 00000000 00000000 00000000
00000000 00000000 00000000 00000000 00000000 00000000 00000000 00000000 00000000 00000000 af00af71 5f0a5f38 d72fd774 872d8742 ff7de770 d77ba748 af776526 eb85c742 c37e8526 ffffff2f 00000000 00000000 00000000 00000000
00000000 00000000 00000000 00000000 00000000 00000000 00000000 00000000 00000000 00000000 00000000 00000000 00000000 00000000 80701808 80701808 80701808 80701808 80701808 00000000 00000000 00000000 00000000 00000000
00000000 00000000 00000000 00000000 00000000 00000000 00000000 00000000 00000000 00000000 00000000 00000000 00000000 00000000 80701808 80701808 80701808 80701808 80701808 00000000 00000000 00000000 00000000 00000000
00000000 00000000 00000000 00000000 00000000 00000000 00000000 00000000 00000000 00000000 00000000 00000000 00000000 00000000 00000000 00000000 00000000 00000000 00000000 00000000 00000000 00000000 00000000 00000000
00000000 00000000 00000000 00000000 00000000 00000000 00000000 00000000 00000000 00000000 00000000 00000000 00000000 00000000 00000000 00000000 00000000 00000000 00000000 00000000 00000000 00000000 00000000 00000000
00000000 00000000 00000000 00000000 00000000 00000000 00000000 00000000 00000000 00000000 00000000 00000000 00000000 00000000 00000000 00000000 00000000 00000000 00000000 00000000 00000000 00000000 00000000 00000000
scene blend_hue 24 24
00000000 00000000 00000000 00000000 00000000 00000000 00000000 00000000 00000000 00000000 00000000 00000000 00000000 00000000 00000000 00000000 00000000 00000000 00000000 00000000 00000000 00000000 00000000 00000000
00000000 00000000 00000000 00000000 00000000 00000000 00000000 00000000 00000000 00000000 00000000 00000000 00000000 00000000 00000000 00000000 00000000 00000000 00000000 00000000 00000000 00000000 00000000 00000000
00000000 00000000 00000000 00000000 00000000 00000000 00000000 00000000 00000000 00000000 00000000 00000000 00000000 00000000 00000000 00000000 00000000 00000000 00000000 00000000 00000000 00000000 00000000 00000000
00000000 00000000 00000000 ff20c040 ff20c040 ff20c040 ff20c040 00000000 00000000 00000000 00000000 00000000 00000000 00000000 00000000 00000000 00000000 00000000 00000000 00000000 00000000 00000000 00000000 00000000
00000000 00000000 00000000 ff20c040 ff20c040 ff20c040 ff20c040 00000000 00000000 00000000 00000000 00000000 00000000 00000000 00000000 00000000 00000000 00000000 00000000 00000000 00000000 00000000 00000000 00000000
00000000 00000000 00000000 ff20c040 ff20c040 ff20c040 ff20c040 00000000 00000000 00000000 00000000 00000000 00000000 00000000 00000000 00000000 00000000 00000000 00000000 00000000 00000000 00000000 00000000 00000000
00000000 00000000 00000000 00000000 00000000 00000000 00000000 00000000 00000000 00000000 00000000 00000000 00000000 00000000 00000000 00000000 00000000 00000000 00000000 00000000 00000000 00000000 00000000 00000000
00000000 00000000 00000000 00000000 00000000 00000000 00000000 00000000 00000000 00000000 00000000 00000000 00000000 00000000 00000000 00000000 00000000 00000000 00000000 00000000 00000000 00000000 00000000 00000000
00000000 00000000 00000000 00000000 00000000 00000000 00000000 ff0000ff af1300a6 5f150055 d74800b6 873c006b ff8d00be af750079 5f4a003d d7bf007f 87870049 00000000 00000000 00000000 00000000 00000000 00000000 00000000
00000000 00000000 00000000 00000000 00000000 00000000 00000000 d7001ecc 870f1379 ff3824d8 af3a198b 5f2a0d47 d7771e95 875a1357 ffc62497 af9b195f 5f5f0d2f 00000000 00000000 00000000 00000000 00000000 00000000 00000000
00000000 00000000 00000000 00000000 00000000 00000000 00000000 af00319d 5f0a1b50 d72f3dab 872d2665 ff7148b1 af613171 5f3f1b38 d7a73d74 87782642 ffff4870 00000000 00000000 00000000 00000000 00000000 00000000 00000000
00000000 00000000 00000000 00000000 00000000 00000000 00000000 87003a72 ff1c6dcb af264b82 ff2525e7 f2635ca4 b4523b79 ff9173ab d98e4c93 ffa028ca f2e150bb 5f4a003d d7bf007f 87870049 00000000 00000000 00000000 00000000
00000000 00000000 00000000 00000000 00000000 00000000 00000000 5f00364c d7187aa0 871e4d5e ff6d80bc d9596595 ff584cbf f28f7ca2 b4795172 ffda7de1 d9cb5f92 ffc62497 af9b195f 5f5f0d2f 00000000 00000000 00000000 00000000
00000000 00000000 00000000 00000000 00000000 00000000 00000000 ff00b6be af137d79 5f15443d f25d8fbe b446687c ff97a3c5 d9828198 ff8f67ce f2cf8ebc b4a56761 d7a73d74 87782642 ffff4870 00000000 00000000 00000000 00000000
00000000 00000000 00000000 00000000 00000000 00000000 00000000 d700b895 870f7357 ff38da97 d9459bab ff4489d9 f280b3c4 b4688172 ffc2c1e4 d9b79a8d ffca8aa8 af884b56 5f54292a d7d75c53 00000000 00000000 00000000 00000000
00000000 00000000 00000000 00000000 00000000 00000000 00000000 af00af71 5f0a5f38 d72fd774 b433987f ff7fe1e9 d96bbc9a ff6fb1c6 f962aa9e d99a791b fffc8e2c c39a4521 ffcf6b31 afaf643b 00000000 00000000 00000000 00000000
00000000 00000000 00000000 00000000 00000000 00000000 00000000 00000000 00000000 00000000 ff00b6be af137d79 5f15443d d748997f c3536437 ff5aa33e d77f6e29 af824417 ebab7826 87876027 00000000 00000000 00000000 00000000
00000000 00000000 00000000 00000000 00000000 00000000 00000000 00000000 00000000 00000000 d700b895 870f7357 ff38da97 af3a965f af5b5520 eb5e9c30 c376661e ff93a62b d797771b 5f5f5116 00000000 00000000 00000000 00000000
00000000 00000000 00000000 00000000 00000000 00000000 00000000 00000000 00000000 00000000 af00af71 5f0a5f38 d72fd774 872d8742 ff39d138 d7619024 af725715 eb88a220 c38a6d14 ffffff2f 00000000 00000000 00000000 00000000
00000000 00000000 00000000 00000000 00000000 00000000 00000000 00000000 00000000 00000000 00000000 00000000 00000000 00000000 80701808 80701808 80701808 80701808 80701808 00000000 00000000 00000000 00000000 00000000
00000000 00000000 00000000 00000000 00000000 00000000 00000000 00000000 00000000 00000000 00000000 00000000 00000000 00000000 80701808 80701808 80701808 80701808 80701808 00000000 00000000 00000000 00000000 00000000
00000000 00000000 00000000 00000000 00000000 00000000 00000000 00000000 00000000 00000000 00000000 00000000 00000000 00000000 00000000 00000000 00000000 00000000 00000000 00000000 00000000 00000000 00000000 00000000
00000000 00000000 00000000 00000000 00000000 00000000 00000000 00000000 00000000 00000000 00000000 00000000 00000000 00000000 00000000 00000000 00000000 00000000 00000000 00000000 00000000 00000000 00000000 00000000
00000000 00000000 00000000 00000000 00000000 00000000 00000000 00000000 00000000 00000000 00000000 00000000 00000000 00000000 00000000 00000000 00000000 00000000 00000000 00000000 00000000 00000000 00000000 00000000
scene blend_saturation 24 24
00000000 00000000 00000000 00000000 00000000 00000000 00000000 00000000 00000000 00000000 00000000 00000000 00000000 00000000 00000000 00000000 00000000 00000000 00000000 00000000 00000000 00000000 00000000 00000000
00000000 00000000 00000000 00000000 00000000 00000000 00000000 00000000 00000000 00000000 00000000 00000000 00000000 00000000 00000000 00000000 00000000 00000000 00000000 00000000 00000000 00000000 00000000 00000000
00000000 00000000 00000000 00000000 00000000 00000000 00000000 00000000 00000000 00000000 00000000 00000000 00000000 00000000 00000000 00000000 00000000 00000000 00000000 00000000 00000000 00000000 00000000 00000000
00000000 00000000 00000000 ff20c040 ff20c040 ff20c040 ff20c040 00000000 00000000 00000000 00000000 00000000 00000000 00000000 00000000 00000000 00000000 00000000 00000000 00000000 00000000 00000000 00000000 00000000
00000000 00000000 00000000 ff20c040 ff20c040 ff20c040 ff20c040 00000000 00000000 00000000 00000000 00000000 00000000 00000000 00000000 00000000 00000000 00000000 00000000 00000000 00000000 00000000 00000000 00000000
00000000 00000000 00000000 ff20c040 ff20c040 ff20c040 ff20c040 00000000 00000000 00000000 00000000 00000000 00000000 00000000 00000000 00000000 00000000 00000000 00000000 00000000 00000000 00000000 00000000 00000000
00000000 00000000 00000000 00000000 00000000 00000000 00000000 00000000 00000000 00000000 00000000 00000000 00000000 00000000 00000000 00000000 00000000 00000000 00000000 00000000 00000000 00000000 00000000 00000000
00000000 00000000 00000000 00000000 00000000 00000000 00000000 00000000 00000000 00000000 00000000 00000000 00000000 00000000 00000000 00000000 00000000 00000000 00000000 00000000 00000000 00000000 00000000 00000000
00000000 00000000 00000000 00000000 00000000 00000000 00000000 ff0000ff af1300a6 5f150055 d74800b6 873c006b ff8d00be af750079 5f4a003d d7bf007f 87870049 00000000 00000000 00000000 00000000 00000000 00000000 00000000
00000000 00000000 00000000 00000000 00000000 00000000 00000000 d7001ecc 870f1379 ff3824d8 af3a198b 5f2a0d47 d7771e95 875a1357 ffc62497 af9b195f 5f5f0d2f 00000000 00000000 00000000 00000000 00000000 00000000 00000000
00000000 00000000 00000000 00000000 00000000 00000000 00000000 af00319d 5f0a1b50 d72f3dab 872d2665 ff7148b1 af613171 5f3f1b38 d7a73d74 87782642 ffff4870 00000000 00000000 00000000 00000000 00000000 00000000 00000000
00000000 00000000 00000000 00000000 00000000 00000000 00000000 87003a72 ff1c6dcb af264b82 ff1529ff f25e54d9 b4622f8c fff24698 d9af4173 ffb7249d f2e95c66 5f4a003d d7bf007f 87870049 00000000 00000000 00000000 00000000
00000000 00000000 00000000 00000000 00000000 00000000 00000000 5f00364c d7187aa0 871e4d5e ff0dabdd d92f78a5 ff505a88 f2b77657 b4835155 ffe88f5d d9c56c5d ffc62497 af9b195f 5f5f0d2f 00000000 00000000 00000000 00000000
00000000 00000000 00000000 00000000 00000000 00000000 00000000 ff00b6be af137d79 5f15443d f217ba99 b4327568 ff6fcf4a d9838c5e ff917192 f2c6a16e b49f6e4c d7a73d74 87782642 ffff4870 00000000 00000000 00000000 00000000
00000000 00000000 00000000 00000000 00000000 00000000 00000000 d700b895 870f7357 ff38da97 d927b37c ff2ca0a2 f277c968 b46a8557 ffc6d08d d9ada56e ffbe9494 af884b56 5f54292a d7d75c53 00000000 00000000 00000000 00000000
00000000 00000000 00000000 00000000 00000000 00000000 00000000 af00af71 5f0a5f38 d72fd774 b42da066 ff71ff70 d970c36a ff7db1a0 f9ac9065 d9a26e42 ffbea077 c3914632 ffc86a49 afaf643b 00000000 00000000 00000000 00000000
00000000 00000000 00000000 00000000 00000000 00000000 00000000 00000000 00000000 00000000 ff00b6be af137d79 5f15443d d748997f c377513b ff888564 d78d6141 af893f22 ebbe6b37 87876027 00000000 00000000 00000000 00000000
00000000 00000000 00000000 00000000 00000000 00000000 00000000 00000000 00000000 00000000 d700b895 870f7357 ff38da97 af3a965f af794527 eb917e47 c38f572b ffbc8e42 d7b26728 5f5f5116 00000000 00000000 00000000 00000000
00000000 00000000 00000000 00000000 00000000 00000000 00000000 00000000 00000000 00000000 af00af71 5f0a5f38 d72fd774 872d8742 ff959f4c d7967331 af8b491b ebbd862b c3aa5c19 ffffff2f 00000000 00000000 00000000 00000000
00000000 00000000 00000000 00000000 00000000 00000000 00000000 00000000 00000000 00000000 00000000 00000000 00000000 00000000 80701808 80701808 80701808 80701808 80701808 00000000 00000000 00000000 00000000 00000000
00000000 00000000 00000000 00000000 00000000 00000000 00000000 00000000 00000000 00000000 00000000 00000000 00000000 00000000 80701808 80701808 80701808 80701808 80701808 00000000 00000000 00000000 00000000 00000000
00000000 00000000 00000000 00000000 00000000 00000000 00000000 00000000 00000000 00000000 00000000 00000000 00000000 00000000 00000000 00000000 00000000 00000000 00000000 00000000 00000000 00000000 00000000 00000000
00000000 00000000 00000000 00000000 00000000 00000000 00000000 00000000 00000000 00000000 00000000 00000000 00000000 00000000 00000000 00000000 00000000 00000000 00000000 00000000 00000000 00000000 00000000 00000000
00000000 00000000 00000000 00000000 00000000 00000000 00000000 00000000 00000000 00000000 00000000 00000000 00000000 00000000 00000000 00000000 00000000 00000000 00000000 00000000 00000000 00000000 00000000 00000000
scene blend_color 24 24
00000000 00000000 00000000 00000000 00000000 00000000 00000000 00000000 00000000 00000000 00000000 00000000 00000000 00000000 00000000 00000000 00000000 00000000 00000000 00000000 00000000 00000000 00000000 00000000
00000000 00000000 00000000 00000000 00000000 00000000 00000000 00000000 00000000 00000000 00000000 00000000 00000000 00000000 00000000 00000000 00000000 00000000 00000000 00000000 00000000 00000000 00000000 00000000
00000000 00000000 00000000 00000000 00000000 00000000 00000000 00000000 00000000 00000000 00000000 00000000 00000000 00000000 00000000 00000000 00000000 00000000 00000000 00000000 00000000 00000000 00000000 00000000
00000000 00000000 00000000 ff20c040 ff20c040 ff20c040 ff20c040 00000000 00000000 00000000 00000000 00000000 00000000 00000000 00000000 00000000 00000000 00000000 00000000 00000000 00000000 00000000 00000000 00000000
00000000 00000000 00000000 ff20c040 ff20c040 ff20c040 ff20c040 00000000 00000000 00000000 00000000 00000000 00000000 00000000 00000000 00000000 00000000 00000000 00000000 00000000 00000000 00000000 00000000 00000000
00000000 00000000 00000000 ff20c040 ff20c040 ff20c040 ff20c040 00000000 00000000 00000000 00000000 00000000 00000000 00000000 00000000 00000000 00000000 00000000 00000000 00000000 00000000 00000000 00000000 00000000
00000000 00000000 00000000 00000000 00000000 00000000 00000000 00000000 00000000 00000000 00000000 00000000 00000000 00000000 00000000 00000000 00000000 00000000 00000000 00000000 00000000 00000000 00000000 00000000
00000000 00000000 00000000 00000000 00000000 00000000 00000000 00000000 00000000 00000000 00000000 00000000 00000000 00000000 00000000 00000000 00000000 00000000 00000000 00000000 00000000 00000000 00000000 00000000
00000000 00000000 00000000 00000000 00000000 00000000 00000000 ff0000ff af1300a6 5f150055 d74800b6 873c006b ff8d00be af750079 5f4a003d d7bf007f 87870049 00000000 00000000 00000000 00000000 00000000 00000000 00000000
00000000 00000000 00000000 00000000 00000000 00000000 00000000 d7001ecc 870f1379 ff3824d8 af3a198b 5f2a0d47 d7771e95 875a1357 ffc62497 af9b195f 5f5f0d2f 00000000 00000000 00000000 00000000 00000000 00000000 00000000
00000000 00000000 00000000 00000000 00000000 00000000 00000000 af00319d 5f0a1b50 d72f3dab 872d2665 ff7148b1 af613171 5f3f1b38 d7a73d74 87782642 ffff4870 00000000 00000000 00000000 00000000 00000000 00000000 00000000
00000000 00000000 00000000 00000000 00000000 00000000 00000000 87003a72 ff1c6dcb af264b82 ff2222ff f26153d9 b453378c ff9f60ed d99645a7 ffa822d6 f2e64dc1 5f4a003d d7bf007f 87870049 00000000 00000000 00000000 00000000
00000000 00000000 00000000 00000000 00000000 00000000 00000000 5f00364c d7187aa0 871e4d5e ff607df1 d95562b4 ff5745e7 f29472ca b47b4f79 ffdd7be7 d9ca6090 ffc62497 af9b195f 5f5f0d2f 00000000 00000000 00000000 00000000
00000000 00000000 00000000 00000000 00000000 00000000 00000000 ff00b6be af137d79 5f15443d f25390d4 b4436786 ff8fa0eb d98280a1 ff8f67ce f2cc90b7 b4a46761 d7a73d74 87782642 ffff4870 00000000 00000000 00000000 00000000
00000000 00000000 00000000 00000000 00000000 00000000 00000000 d700b895 870f7357 ff38da97 d9439cad ff418ade f27fb3c5 b4688172 ffc3c3dc d9b19e85 ffc88ba8 af884b56 5f54292a d7d75c53 00000000 00000000 00000000 00000000
00000000 00000000 00000000 00000000 00000000 00000000 00000000 af00af71 5f0a5f38 d72fd774 b433987f ff7fe1e9 d96bbc9a ff73afc2 f995977e d9a06e41 ffc19e7a c38e482f ffc06f41 afaf643b 00000000 00000000 00000000 00000000
00000000 00000000 00000000 00000000 00000000 00000000 00000000 00000000 00000000 00000000 ff00b6be af137d79 5f15443d d748997f c3615c3d ff6c955c d77f6b36 af81441b ebab7826 87876027 00000000 00000000 00000000 00000000
00000000 00000000 00000000 00000000 00000000 00000000 00000000 00000000 00000000 00000000 d700b895 870f7357 ff38da97 af3a965f af615125 eb64973b c376661f ff93a62b d797771b 5f5f5116 00000000 00000000 00000000 00000000
00000000 00000000 00000000 00000000 00000000 00000000 00000000 00000000 00000000 00000000 af00af71 5f0a5f38 d72fd774 872d8742 ff3fcd3e d7619024 af725715 eb88a220 c38a6d14 ffffff2f 00000000 00000000 00000000 00000000
00000000 00000000 00000000 00000000 00000000 00000000 00000000 00000000 00000000 00000000 00000000 00000000 00000000 00000000 80701808 80701808 80701808 80701808 80701808 00000000 00000000 00000000 00000000 00000000
00000000 00000000 00000000 00000000 00000000 00000000 00000000 00000000 00000000 00000000 00000000 00000000 00000000 00000000 80701808 80701808 80701808 80701808 80701808 00000000 00000000 00000000 00000000 00000000
00000000 00000000 00000000 00000000 00000000 00000000 00000000 00000000 00000000 00000000 00000000 00000000 00000000 00000000 00000000 00000000 00000000 00000000 00000000 00000000 00000000 00000000 00000000 00000000
00000000 00000000 00000000 00000000 00000000 00000000 00000000 00000000 00000000 00000000 00000000 00000000 00000000 00000000 00000000 00000000 00000000 00000000 00000000 00000000 00000000 00000000 00000000 00000000
00000000 00000000 00000000 00000000 00000000 00000000 00000000 00000000 00000000 00000000 00000000 00000000 00000000 00000000 00000000 00000000 00000000 00000000 00000000 00000000 00000000 00000000 00000000 00000000
scene blend_luminosity 24 24
00000000 00000000 00000000 00000000 00000000 00000000 00000000 00000000 00000000 00000000 00000000 00000000 00000000 00000000 00000000 00000000 00000000 00000000 00000000 00000000 00000000 00000000 00000000 00000000
00000000 00000000 00000000 00000000 00000000 00000000 00000000 00000000 00000000 00000000 00000000 00000000 00000000 00000000 00000000 00000000 00000000 00000000 00000000 00000000 00000000 00000000 00000000 00000000
00000000 00000000 00000000 00000000 00000000 00000000 00000000 00000000 00000000 00000000 00000000 00000000 00000000 00000000 00000000 00000000 00000000 00000000 00000000 00000000 00000000 00000000 00000000 00000000
00000000 00000000 00000000 ff20c040 ff20c040 ff20c040 ff20c040 00000000 00000000 00000000 00000000 00000000 00000000 00000000 00000000 00000000 00000000 00000000 00000000 00000000 00000000 00000000 00000000 00000000
00000000 00000000 00000000 ff20c040 ff20c040 ff20c040 ff20c040 00000000 00000000 00000000 00000000 00000000 00000000 00000000 00000000 00000000 00000000 00000000 00000000 00000000 00000000 00000000 00000000 00000000
00000000 00000000 00000000 ff20c040 ff20c040 ff20c040 ff20c040 00000000 00000000 00000000 00000000 00000000 00000000 00000000 00000000 00000000 00000000 00000000 00000000 00000000 00000000 00000000 00000000 00000000
00000000 00000000 00000000 00000000 00000000 00000000 00000000 00000000 00000000 00000000 00000000 00000000 00000000 00000000 00000000 00000000 00000000 00000000 00000000 00000000 00000000 00000000 00000000 00000000
00000000 00000000 00000000 00000000 00000000 00000000 00000000 00000000 00000000 00000000 00000000 00000000 00000000 00000000 00000000 00000000 00000000 00000000 00000000 00000000 00000000 00000000 00000000 00000000
00000000 00000000 00000000 00000000 00000000 00000000 00000000 ff0000ff af1300a6 5f150055 d74800b6 873c006b ff8d00be af750079 5f4a003d d7bf007f 87870049 00000000 00000000 00000000 00000000 00000000 00000000 00000000
00000000 00000000 00000000 00000000 00000000 00000000 00000000 d7001ecc 870f1379 ff3824d8 af3a198b 5f2a0d47 d7771e95 875a1357 ffc62497 af9b195f 5f5f0d2f 00000000 00000000 00000000 00000000 00000000 00000000 00000000
00000000 00000000 00000000 00000000 00000000 00000000 00000000 af00319d 5f0a1b50 d72f3dab 872d2665 ff7148b1 af613171 5f3f1b38 d7a73d74 87782642 ffff4870 00000000 00000000 00000000 00000000 00000000 00000000 00000000
00000000 00000000 00000000 00000000 00000000 00000000 00000000 87003a72 ff1c6dcb af264b82 ff010ac3 f2332d75 b4452a68 ff662946 d97d2d5a ff8e0b83 f2ba2d37 5f4a003d d7bf007f 87870049 00000000 00000000 00000000 00000000
00000000 00000000 00000000 00000000 00000000 00000000 00000000 5f00364c d7187aa0 871e4d5e ff104c5f d9354c70 ff3a2e9c f2694f50 b46d434c ff9d4c1e d9ae4c39 ffc62497 af9b195f 5f5f0d2f 00000000 00000000 00000000 00000000
00000000 00000000 00000000 00000000 00000000 00000000 00000000 ff00b6be af137d79 5f15443d f2197168 b4315d5f ff487138 d9656b4f ff725275 f29f712b b4945d33 d7a73d74 87782642 ffff4870 00000000 00000000 00000000 00000000
00000000 00000000 00000000 00000000 00000000 00000000 00000000 d700b895 870f7357 ff38da97 d91c8b65 ff1d7790 f24e9543 b4597743 ff819511 d9958a31 ffa97757 af884b56 5f54292a d7d75c53 00000000 00000000 00000000 00000000
00000000 00000000 00000000 00000000 00000000 00000000 00000000 af00af71 5f0a5f38 d72fd774 b41d9056 ff2cba2b d94daa44 ff569c69 f9bf8126 d9b96825 ffe38b13 c3ad513a fff18967 afaf643b 00000000 00000000 00000000 00000000
00000000 00000000 00000000 00000000 00000000 00000000 00000000 00000000 00000000 00000000 ff00b6be af137d79 5f15443d d748997f c3965a41 ffc69b73 d7b57551 af9b4d30 ebdd9261 87876027 00000000 00000000 00000000 00000000
00000000 00000000 00000000 00000000 00000000 00000000 00000000 00000000 00000000 00000000 d700b895 870f7357 ff38da97 af3a965f af8b5334 ebb9a16a c3a57045 ffe3c47b d7c89257 5f5f5116 00000000 00000000 00000000 00000000
00000000 00000000 00000000 00000000 00000000 00000000 00000000 00000000 00000000 00000000 af00af71 5f0a5f38 d72fd774 872d8742 ffb8d688 d7ab9e5f af956337 ebd1c572 c3b4874a ffffff2f 00000000 00000000 00000000 00000000
00000000 00000000 00000000 00000000 00000000 00000000 00000000 00000000 00000000 00000000 00000000 00000000 00000000 00000000 80701808 80701808 80701808 80701808 80701808 00000000 00000000 00000000 00000000 00000000
00000000 00000000 00000000 00000000 00000000 00000000 00000000 00000000 00000000 00000000 00000000 00000000 00000000 00000000 80701808 80701808 80701808 80701808 80701808 00000000 00000000 00000000 00000000 00000000
00000000 00000000 00000000 00000000 00000000 00000000 00000000 00000000 00000000 00000000 00000000 00000000 00000000 00000000 00000000 00000000 00000000 00000000 00000000 00000000 00000000 00000000 00000000 00000000
00000000 00000000 00000000 00000000 00000000 00000000 00000000 00000000 00000000 00000000 00000000 00000000 00000000 00000000 00000000 00000000 00000000 00000000 00000000 00000000 00000000 00000000 00000000 00000000
00000000 00000000 00000000 00000000 00000000 00000000 00000000 00000000 00000000 00000000 00000000 00000000 00000000 00000000 00000000 00000000 00000000 00000000 00000000 00000000 00000000 00000000 00000000 00000000
scene blend_source_in 24 24
00000000 00000000 00000000 00000000 00000000 00000000 00000000 00000000 00000000 00000000 00000000 00000000 00000000 00000000 00000000 00000000 00000000 00000000 00000000 00000000 00000000 00000000 00000000 00000000
00000000 00000000 00000000 00000000 00000000 00000000 00000000 00000000 00000000 00000000 00000000 00000000 00000000 00000000 00000000 00000000 00000000 00000000 00000000 00000000 00000000 00000000 00000000 00000000
00000000 00000000 00000000 00000000 00000000 00000000 00000000 00000000 00000000 00000000 00000000 00000000 00000000 00000000 00000000 00000000 00000000 00000000 00000000 00000000 00000000 00000000 00000000 00000000
00000000 00000000 00000000 00000000 00000000 00000000 00000000 00000000 00000000 00000000 00000000 00000000 00000000 00000000 00000000 00000000 00000000 00000000 00000000 00000000 00000000 00000000 00000000 00000000
00000000 00000000 00000000 00000000 00000000 00000000 00000000 00000000 00000000 00000000 00000000 00000000 00000000 00000000 00000000 00000000 00000000 00000000 00000000 00000000 00000000 00000000 00000000 00000000
00000000 00000000 00000000 00000000 00000000 00000000 00000000 00000000 00000000 00000000 00000000 00000000 00000000 00000000 00000000 00000000 00000000 00000000 00000000 00000000 00000000 00000000 00000000 00000000
00000000 00000000 00000000 00000000 00000000 00000000 00000000 00000000 00000000 00000000 00000000 00000000 00000000 00000000 00000000 00000000 00000000 00000000 00000000 00000000 00000000 00000000 00000000 00000000
00000000 00000000 00000000 00000000 00000000 00000000 00000000 00000000 00000000 00000000 00000000 00000000 00000000 00000000 00000000 00000000 00000000 00000000 00000000 00000000 00000000 00000000 00000000 00000000
00000000 00000000 00000000 00000000 00000000 00000000 00000000 00000000 00000000 00000000 00000000 00000000 00000000 00000000 00000000 00000000 00000000 00000000 00000000 00000000 00000000 00000000 00000000 00000000
00000000 00000000 00000000 00000000 00000000 00000000 00000000 00000000 00000000 00000000 00000000 00000000 00000000 00000000 00000000 00000000 00000000 00000000 00000000 00000000 00000000 00000000 00000000 00000000
00000000 00000000 00000000 00000000 00000000 00000000 00000000 00000000 00000000 00000000 00000000 00000000 00000000 00000000 00000000 00000000 00000000 00000000 00000000 00000000 00000000 00000000 00000000 00000000
00000000 00000000 00000000 00000000 00000000 00000000 00000000 00000000 00000000 00000000 5f00005f 9410008c 320b002d d74800b6 5d290049 5f350047 94630066 00000000 00000000 00000000 00000000 00000000 00000000 00000000
00000000 00000000 00000000 00000000 00000000 00000000 00000000 00000000 00000000 00000000 d7001ecc 5d0a0d53 5f150d50 94311575 32160726 d7771e95 5d3e0d3c 00000000 00000000 00000000 00000000 00000000 00000000 00000000
00000000 00000000 00000000 00000000 00000000 00000000 00000000 00000000 00000000 00000000 94002984 32050e2a d72f3dab 5d1f1a45 5f2a1b42 9452295f 32210e1e 00000000 00000000 00000000 00000000 00000000 00000000 00000000
00000000 00000000 00000000 00000000 00000000 00000000 00000000 00000000 00000000 00000000 5d00284e 5f0a294c 94203f6e 32111623 d75f5c8a 5d332837 5f3f2933 00000000 00000000 00000000 00000000 00000000 00000000 00000000
00000000 00000000 00000000 00000000 00000000 00000000 00000000 00000000 00000000 00000000 32001d28 d7187aa0 5d153541 5f20363d a1485c60 49292927 d78f7a69 4435271e 80714932 00000000 00000000 00000000 00000000 00000000
00000000 00000000 00000000 00000000 00000000 00000000 00000000 00000000 00000000 00000000 00000000 00000000 00000000 00000000 441e3025 80475b3f 583b3f27 30252213 6c604d25 00000000 00000000 00000000 00000000 00000000
00000000 00000000 00000000 00000000 00000000 00000000 00000000 00000000 00000000 00000000 00000000 00000000 00000000 00000000 30152918 6c3c5c2f 442d3a1a 80636d2b 584e4b19 00000000 00000000 00000000 00000000 00000000
00000000 00000000 00000000 00000000 00000000 00000000 00000000 00000000 00000000 00000000 00000000 00000000 00000000 00000000 80398038 58315822 30203010 6c546c1f 443c4410 00000000 00000000 00000000 00000000 00000000
00000000 00000000 00000000 00000000 00000000 00000000 00000000 00000000 00000000 00000000 00000000 00000000 00000000 00000000 00000000 00000000 00000000 00000000 00000000 00000000 00000000 00000000 00000000 00000000
00000000 00000000 00000000 00000000 00000000 00000000 00000000 00000000 00000000 00000000 00000000 00000000 00000000 00000000 00000000 00000000 00000000 00000000 00000000 00000000 00000000 00000000 00000000 00000000
00000000 00000000 00000000 00000000 00000000 00000000 00000000 00000000 00000000 00000000 00000000 00000000 00000000 00000000 00000000 00000000 00000000 00000000 00000000 00000000 00000000 00000000 00000000 00000000
00000000 00000000 00000000 00000000 00000000 00000000 00000000 00000000 00000000 00000000 00000000 00000000 00000000 00000000 00000000 00000000 00000000 00000000 00000000 00000000 00000000 00000000 00000000 00000000
00000000 00000000 00000000 00000000 00000000 00000000 00000000 00000000 00000000 00000000 00000000 00000000 00000000 00000000 00000000 00000000 00000000 00000000 00000000 00000000 00000000 00000000 00000000 00000000
scene blend_destination_out 24 24
00000000 00000000 00000000 00000000 00000000 00000000 00000000 00000000 00000000 00000000 00000000 00000000 00000000 00000000 00000000 00000000 00000000 00000000 00000000 00000000 00000000 00000000 00000000 00000000
00000000 00000000 00000000 00000000 00000000 00000000 00000000 00000000 00000000 00000000 00000000 00000000 00000000 00000000 00000000 00000000 00000000 00000000 00000000 00000000 00000000 00000000 00000000 00000000
00000000 00000000 00000000 00000000 00000000 00000000 00000000 00000000 00000000 00000000 00000000 00000000 00000000 00000000 00000000 00000000 00000000 00000000 00000000 00000000 00000000 00000000 00000000 00000000
00000000 00000000 00000000 ff20c040 ff20c040 ff20c040 ff20c040 00000000 00000000 00000000 00000000 00000000 00000000 00000000 00000000 00000000 00000000 00000000 00000000 00000000 00000000 00000000 00000000 00000000
00000000 00000000 00000000 ff20c040 ff20c040 ff20c040 ff20c040 00000000 00000000 00000000 00000000 00000000 00000000 00000000 00000000 00000000 00000000 00000000 00000000 00000000 00000000 00000000 00000000 00000000
00000000 00000000 00000000 ff20c040 ff20c040 ff20c040 ff20c040 00000000 00000000 00000000 00000000 00000000 00000000 00000000 00000000 00000000 00000000 00000000 00000000 00000000 00000000 00000000 00000000 00000000
00000000 00000000 00000000 00000000 00000000 00000000 00000000 00000000 00000000 00000000 00000000 00000000 00000000 00000000 00000000 00000000 00000000 00000000 00000000 00000000 00000000 00000000 00000000 00000000
00000000 00000000 00000000 00000000 00000000 00000000 00000000 00000000 00000000 00000000 00000000 00000000 00000000 00000000 00000000 00000000 00000000 00000000 00000000 00000000 00000000 00000000 00000000 00000000
00000000 00000000 00000000 00000000 00000000 00000000 00000000 ff0000ff af1300a6 5f150055 d74800b6 873c006b ff8d00be af750079 5f4a003d d7bf007f 87870049 00000000 00000000 00000000 00000000 00000000 00000000 00000000
00000000 00000000 00000000 00000000 00000000 00000000 00000000 d7001ecc 870f1379 ff3824d8 af3a198b 5f2a0d47 d7771e95 875a1357 ffc62497 af9b195f 5f5f0d2f 00000000 00000000 00000000 00000000 00000000 00000000 00000000
00000000 00000000 00000000 00000000 00000000 00000000 00000000 af00319d 5f0a1b50 d72f3dab 872d2665 ff7148b1 af613171 5f3f1b38 d7a73d74 87782642 ffff4870 00000000 00000000 00000000 00000000 00000000 00000000 00000000
00000000 00000000 00000000 00000000 00000000 00000000 00000000 87003a72 ff1c6dcb af264b82 00000000 431e1d2b 552f2432 281b1116 52402328 00000000 43431d1a 00000000 00000000 00000000 00000000 00000000 00000000 00000000
00000000 00000000 00000000 00000000 00000000 00000000 00000000 5f00364c d7187aa0 871e4d5e 280d171a 52252f31 00000000 432d2621 55423025 28231710 52522f1c 00000000 00000000 00000000 00000000 00000000 00000000 00000000
00000000 00000000 00000000 00000000 00000000 00000000 00000000 ff00b6be af137d79 5f15443d 43173028 55263c2e 28161d14 52373b24 00000000 433c3017 55553c18 00000000 00000000 00000000 00000000 00000000 00000000 00000000
00000000 00000000 00000000 00000000 00000000 00000000 00000000 d700b895 870f7357 ff38da97 521b472d 00000000 43253a1d 55384821 281f220d 52494718 00000000 00000000 00000000 00000000 00000000 00000000 00000000 00000000
00000000 00000000 00000000 00000000 00000000 00000000 00000000 af00af71 5f0a5f38 d72fd774 551c5529 28122812 522e5220 00000000 4a3d290c 7a6c390f 28251805 3c350b04 00000000 00000000 00000000 00000000 00000000 00000000
00000000 00000000 00000000 00000000 00000000 00000000 00000000 00000000 00000000 00000000 00000000 00000000 00000000 00000000 3c350b04 00000000 28230803 50460f05 14120401 00000000 00000000 00000000 00000000 00000000
00000000 00000000 00000000 00000000 00000000 00000000 00000000 00000000 00000000 00000000 00000000 00000000 00000000 00000000 50460f05 14120401 3c350b04 00000000 28230803 00000000 00000000 00000000 00000000 00000000
00000000 00000000 00000000 00000000 00000000 00000000 00000000 00000000 00000000 00000000 00000000 00000000 00000000 00000000 00000000 28230803 50460f05 14120401 3c350b04 00000000 00000000 00000000 00000000 00000000
00000000 00000000 00000000 00000000 00000000 00000000 00000000 00000000 00000000 00000000 00000000 00000000 00000000 00000000 80701808 80701808 80701808 80701808 80701808 00000000 00000000 00000000 00000000 00000000
00000000 00000000 00000000 00000000 00000000 00000000 00000000 00000000 00000000 00000000 00000000 00000000 00000000 00000000 80701808 80701808 80701808 80701808 80701808 00000000 00000000 00000000 00000000 00000000
00000000 00000000 00000000 00000000 00000000 00000000 00000000 00000000 00000000 00000000 00000000 00000000 00000000 00000000 00000000 00000000 00000000 00000000 00000000 00000000 00000000 00000000 00000000 00000000
00000000 00000000 00000000 00000000 00000000 00000000 00000000 00000000 00000000 00000000 00000000 00000000 00000000 00000000 00000000 00000000 00000000 00000000 00000000 00000000 00000000 00000000 00000000 00000000
00000000 00000000 00000000 00000000 00000000 00000000 00000000 00000000 00000000 00000000 00000000 00000000 00000000 00000000 00000000 00000000 00000000 00000000 00000000 00000000 00000000 00000000 00000000 00000000
scene blend_xor 24 24
00000000 00000000 00000000 00000000 00000000 00000000 00000000 00000000 00000000 00000000 00000000 00000000 00000000 00000000 00000000 00000000 00000000 00000000 00000000 00000000 00000000 00000000 00000000 00000000
00000000 00000000 00000000 00000000 00000000 00000000 00000000 00000000 00000000 00000000 00000000 00000000 00000000 00000000 00000000 00000000 00000000 00000000 00000000 00000000 00000000 00000000 00000000 00000000
00000000 00000000 00000000 00000000 00000000 00000000 00000000 00000000 00000000 00000000 00000000 00000000 00000000 00000000 00000000 00000000 00000000 00000000 00000000 00000000 00000000 00000000 00000000 00000000
00000000 00000000 00000000 ff20c040 ff20c040 ff20c040 ff20c040 00000000 00000000 00000000 00000000 00000000 00000000 00000000 00000000 00000000 00000000 00000000 00000000 00000000 00000000 00000000 00000000 00000000
00000000 00000000 00000000 ff20c040 ff20c040 ff20c040 ff20c040 00000000 00000000 00000000 00000000 00000000 00000000 00000000 00000000 00000000 00000000 00000000 00000000 00000000 00000000 00000000 00000000 00000000
00000000 00000000 00000000 ff20c040 ff20c040 ff20c040 ff20c040 00000000 00000000 00000000 00000000 00000000 00000000 00000000 00000000 00000000 00000000 00000000 00000000 00000000 00000000 00000000 00000000 00000000
00000000 00000000 00000000 00000000 00000000 00000000 00000000 00000000 00000000 00000000 00000000 00000000 00000000 00000000 00000000 00000000 00000000 00000000 00000000 00000000 00000000 00000000 00000000 00000000
00000000 00000000 00000000 00000000 00000000 00000000 00000000 00000000 00000000 00000000 00000000 00000000 00000000 00000000 00000000 00000000 00000000 00000000 00000000 00000000 00000000 00000000 00000000 00000000
00000000 00000000 00000000 00000000 00000000 00000000 00000000 ff0000ff af1300a6 5f150055 d74800b6 873c006b ff8d00be af750079 5f4a003d d7bf007f 87870049 00000000 00000000 00000000 00000000 00000000 00000000 00000000
00000000 00000000 00000000 00000000 00000000 00000000 00000000 d7001ecc 870f1379 ff3824d8 af3a198b 5f2a0d47 d7771e95 875a1357 ffc62497 af9b195f 5f5f0d2f 00000000 00000000 00000000 00000000 00000000 00000000 00000000
00000000 00000000 00000000 00000000 00000000 00000000 00000000 af00319d 5f0a1b50 d72f3dab 872d2665 ff7148b1 af613171 5f3f1b38 d7a73d74 87782642 ffff4870 00000000 00000000 00000000 00000000 00000000 00000000 00000000
00000000 00000000 00000000 00000000 00000000 00000000 00000000 87003a72 ff1c6dcb af264b82 a00000a0 5f211d45 8139245a 281b1116 7d53234a a0580077 5f561d2d 5f4a003d d7bf007f 87870049 00000000 00000000 00000000 00000000
00000000 00000000 00000000 00000000 00000000 00000000 00000000 5f00364c d7187aa0 871e4d5e 280d171a 7d293557 a0231788 5f362a37 81563646 28231710 7d6f3537 ffc62497 af9b195f 5f5f0d2f 00000000 00000000 00000000 00000000
00000000 00000000 00000000 00000000 00000000 00000000 00000000 ff00b6be af137d79 5f15443d 5f173840 812a4953 28161d14 7d454744 a0472d6f 5f4b3829 81724933 d7a73d74 87782642 ffff4870 00000000 00000000 00000000 00000000
00000000 00000000 00000000 00000000 00000000 00000000 00000000 d700b895 870f7357 ff38da97 7d1b5950 a012447f 5f2b4532 81485b40 281f220d 7d605931 a06b4457 af884b56 5f54292a d7d75c53 00000000 00000000 00000000 00000000
00000000 00000000 00000000 00000000 00000000 00000000 00000000 af00af71 5f0a5f38 d72fd774 811c6e4d 28122812 7d376b3d a0355b67 57433114 9178461b 28251805 7f693221 7f714831 afaf643b 00000000 00000000 00000000 00000000
00000000 00000000 00000000 00000000 00000000 00000000 00000000 00000000 00000000 00000000 ff00b6be af137d79 5f15443d d748997f 7f533b28 7f465b3e 7f5d4629 806b3117 7f715026 87876027 00000000 00000000 00000000 00000000
00000000 00000000 00000000 00000000 00000000 00000000 00000000 00000000 00000000 00000000 d700b895 870f7357 ff38da97 af3a965f 805b371c 7f4d5f30 7f62451e 7f636d2b 7f70521b 5f5f5116 00000000 00000000 00000000 00000000
00000000 00000000 00000000 00000000 00000000 00000000 00000000 00000000 00000000 00000000 af00af71 5f0a5f38 d72fd774 872d8742 7f387f38 7f535f24 80663e15 7f656f20 7f704f14 ffffff2f 00000000 00000000 00000000 00000000
00000000 00000000 00000000 00000000 00000000 00000000 00000000 00000000 00000000 00000000 00000000 00000000 00000000 00000000 80701808 80701808 80701808 80701808 80701808 00000000 00000000 00000000 00000000 00000000
00000000 00000000 00000000 00000000 00000000 00000000 00000000 00000000 00000000 00000000 00000000 00000000 00000000 00000000 80701808 80701808 80701808 80701808 80701808 00000000 00000000 00000000 00000000 00000000
00000000 00000000 00000000 00000000 00000000 00000000 00000000 00000000 00000000 00000000 00000000 00000000 00000000 00000000 00000000 00000000 00000000 00000000 00000000 00000000 00000000 00000000 00000000 00000000
00000000 00000000 00000000 00000000 00000000 00000000 00000000 00000000 00000000 00000000 00000000 00000000 00000000 00000000 00000000 00000000 00000000 00000000 00000000 00000000 00000000 00000000 00000000 00000000
00000000 00000000 00000000 00000000 00000000 00000000 00000000 00000000 00000000 00000000 00000000 00000000 00000000 00000000 00000000 00000000 00000000 00000000 00000000 00000000 00000000 00000000 00000000 00000000
scene blend_lighter 24 24
00000000 00000000 00000000 00000000 00000000 00000000 00000000 00000000 00000000 00000000 00000000 00000000 00000000 00000000 00000000 00000000 00000000 00000000 00000000 00000000 00000000 00000000 00000000 00000000
00000000 00000000 00000000 00000000 00000000 00000000 00000000 00000000 00000000 00000000 00000000 00000000 00000000 00000000 00000000 00000000 00000000 00000000 00000000 00000000 00000000 00000000 00000000 00000000
00000000 00000000 00000000 00000000 00000000 00000000 00000000 00000000 00000000 00000000 00000000 00000000 00000000 00000000 00000000 00000000 00000000 00000000 00000000 00000000 00000000 00000000 00000000 00000000
00000000 00000000 00000000 ff20c040 ff20c040 ff20c040 ff20c040 00000000 00000000 00000000 00000000 00000000 00000000 00000000 00000000 00000000 00000000 00000000 00000000 00000000 00000000 00000000 00000000 00000000
00000000 00000000 00000000 ff20c040 ff20c040 ff20c040 ff20c040 00000000 00000000 00000000 00000000 00000000 00000000 00000000 00000000 00000000 00000000 00000000 00000000 00000000 00000000 00000000 00000000 00000000
00000000 00000000 00000000 ff20c040 ff20c040 ff20c040 ff20c040 00000000 00000000 00000000 00000000 00000000 00000000 00000000 00000000 00000000 00000000 00000000 00000000 00000000 00000000 00000000 00000000 00000000
00000000 00000000 00000000 00000000 00000000 00000000 00000000 00000000 00000000 00000000 00000000 00000000 00000000 00000000 00000000 00000000 00000000 00000000 00000000 00000000 00000000 00000000 00000000 00000000
00000000 00000000 00000000 00000000 00000000 00000000 00000000 00000000 00000000 00000000 00000000 00000000 00000000 00000000 00000000 00000000 00000000 00000000 00000000 00000000 00000000 00000000 00000000 00000000
00000000 00000000 00000000 00000000 00000000 00000000 00000000 ff0000ff af1300a6 5f150055 d74800b6 873c006b ff8d00be af750079 5f4a003d d7bf007f 87870049 00000000 00000000 00000000 00000000 00000000 00000000 00000000
00000000 00000000 00000000 00000000 00000000 00000000 00000000 d7001ecc 870f1379 ff3824d8 af3a198b 5f2a0d47 d7771e95 875a1357 ffc62497 af9b195f 5f5f0d2f 00000000 00000000 00000000 00000000 00000000 00000000 00000000
00000000 00000000 00000000 00000000 00000000 00000000 00000000 af00319d 5f0a1b50 d72f3dab 872d2665 ff7148b1 af613171 5f3f1b38 d7a73d74 87782642 ffff4870 00000000 00000000 00000000 00000000 00000000 00000000 00000000
00000000 00000000 00000000 00000000 00000000 00000000 00000000 87003a72 ff1c6dcb af264b82 ff2029ff ff725cff e6603aa5 fff26dff ffc44bc1 ffe129e8 ffff5ccc 5f4a003d d7bf007f 87870049 00000000 00000000 00000000 00000000
00000000 00000000 00000000 00000000 00000000 00000000 00000000 5f00364c d7187aa0 871e4d5e ff55afff ff5d77e1 ff6d5aff ffc993f4 e6935a82 ffffaff8 ffff7792 ffc62497 af9b195f 5f5f0d2f 00000000 00000000 00000000 00000000
00000000 00000000 00000000 00000000 00000000 00000000 00000000 ff00b6be af137d79 5f15443d ff48caff e6467b99 ffbcf3ff ffa2a3b2 ffbb8cd6 ffffcaba e6c67b5f d7a73d74 87782642 ffff4870 00000000 00000000 00000000 00000000
00000000 00000000 00000000 00000000 00000000 00000000 00000000 d700b895 870f7357 ff38da97 ff3ad0d1 ff46befa ff9dffe0 e67a9c76 ffffffe0 ffe6d082 ffffbea0 af884b56 5f54292a d7d75c53 00000000 00000000 00000000 00000000
00000000 00000000 00000000 00000000 00000000 00000000 00000000 af00af71 5f0a5f38 d72fd774 e62dbd8e ff89ffff ff7ffca2 ff94f0c4 ffffe78f ffe1914b ffffff88 ffd96543 ffffa96b afaf643b 00000000 00000000 00000000 00000000
00000000 00000000 00000000 00000000 00000000 00000000 00000000 00000000 00000000 00000000 ff00b6be af137d79 5f15443d d748997f ffac7851 fffdce85 ffe59555 dfba5c2d ffffb151 87876027 00000000 00000000 00000000 00000000
00000000 00000000 00000000 00000000 00000000 00000000 00000000 00000000 00000000 00000000 d700b895 870f7357 ff38da97 af3a965f df9a6937 ffe7d066 ffca8b3c fffff25e ffffae3a 5f5f5116 00000000 00000000 00000000 00000000
00000000 00000000 00000000 00000000 00000000 00000000 00000000 00000000 00000000 00000000 af00af71 5f0a5f38 d72fd774 872d8742 ffe1ff78 ffd1c74c dfaf7728 ffffef46 ffe89f28 ffffff2f 00000000 00000000 00000000 00000000
00000000 00000000 00000000 00000000 00000000 00000000 00000000 00000000 00000000 00000000 00000000 00000000 00000000 00000000 80701808 80701808 80701808 80701808 80701808 00000000 00000000 00000000 00000000 00000000
00000000 00000000 00000000 00000000 00000000 00000000 00000000 00000000 00000000 00000000 00000000 00000000 00000000 00000000 80701808 80701808 80701808 80701808 80701808 00000000 00000000 00000000 00000000 00000000
00000000 00000000 00000000 00000000 00000000 00000000 00000000 00000000 00000000 00000000 00000000 00000000 00000000 00000000 00000000 00000000 00000000 00000000 00000000 00000000 00000000 00000000 00000000 00000000
00000000 00000000 00000000 00000000 00000000 00000000 00000000 00000000 00000000 00000000 00000000 00000000 00000000 00000000 00000000 00000000 00000000 00000000 00000000 00000000 00000000 00000000 00000000 00000000
00000000 00000000 00000000 00000000 00000000 00000000 00000000 00000000 00000000 00000000 00000000 00000000 00000000 00000000 00000000 00000000 00000000 00000000 00000000 00000000 00000000 00000000 00000000 00000000
scene blend_plus_darker 24 24
00000000 00000000 00000000 00000000 00000000 00000000 00000000 00000000 00000000 00000000 00000000 00000000 00000000 00000000 00000000 00000000 00000000 00000000 00000000 00000000 00000000 00000000 00000000 00000000
00000000 00000000 00000000 00000000 00000000 00000000 00000000 00000000 00000000 00000000 00000000 00000000 00000000 00000000 00000000 00000000 00000000 00000000 00000000 00000000 00000000 00000000 00000000 00000000
00000000 00000000 00000000 00000000 00000000 00000000 00000000 00000000 00000000 00000000 00000000 00000000 00000000 00000000 00000000 00000000 00000000 00000000 00000000 00000000 00000000 00000000 00000000 00000000
00000000 00000000 00000000 ff20c040 ff20c040 ff20c040 ff20c040 00000000 00000000 00000000 00000000 00000000 00000000 00000000 00000000 00000000 00000000 00000000 00000000 00000000 00000000 00000000 00000000 00000000
00000000 00000000 00000000 ff20c040 ff20c040 ff20c040 ff20c040 00000000 00000000 00000000 00000000 00000000 00000000 00000000 00000000 00000000 00000000 00000000 00000000 00000000 00000000 00000000 00000000 00000000
00000000 00000000 00000000 ff20c040 ff20c040 ff20c040 ff20c040 00000000 00000000 00000000 00000000 00000000 00000000 00000000 00000000 00000000 00000000 00000000 00000000 00000000 00000000 00000000 00000000 00000000
00000000 00000000 00000000 00000000 00000000 00000000 00000000 00000000 00000000 00000000 00000000 00000000 00000000 00000000 00000000 00000000 00000000 00000000 00000000 00000000 00000000 00000000 00000000 00000000
00000000 00000000 00000000 00000000 00000000 00000000 00000000 00000000 00000000 00000000 00000000 00000000 00000000 00000000 00000000 00000000 00000000 00000000 00000000 00000000 00000000 00000000 00000000 00000000
00000000 00000000 00000000 00000000 00000000 00000000 00000000 ff0000ff af1300a6 5f150055 d74800b6 873c006b ff8d00be af750079 5f4a003d d7bf007f 87870049 00000000 00000000 00000000 00000000 00000000 00000000 00000000
00000000 00000000 00000000 00000000 00000000 00000000 00000000 d7001ecc 870f1379 ff3824d8 af3a198b 5f2a0d47 d7771e95 875a1357 ffc62497 af9b195f 5f5f0d2f 00000000 00000000 00000000 00000000 00000000 00000000 00000000
00000000 00000000 00000000 00000000 00000000 00000000 00000000 af00319d 5f0a1b50 d72f3dab 872d2665 ff7148b1 af613171 5f3f1b38 d7a73d74 87782642 ffff4870 00000000 00000000 00000000 00000000 00000000 00000000 00000000
00000000 00000000 00000000 00000000 00000000 00000000 00000000 87003a72 ff1c6dcb af264b82 ff0000e2 ff0000a9 e6603aa5 ff1b0069 ff8d148a ff820089 ffc50045 5f4a003d d7bf007f 87870049 00000000 00000000 00000000 00000000
00000000 00000000 00000000 00000000 00000000 00000000 00000000 5f00364c d7187aa0 871e4d5e ff000099 ff2640aa ff0e00ac ff420c6d e6935a82 ff820021 ffd2405b ffc62497 af9b195f 5f5f0d2f 00000000 00000000 00000000 00000000
00000000 00000000 00000000 00000000 00000000 00000000 00000000 ff00b6be af137d79 5f15443d ff004395 e6467b99 ff001c51 ff6b6c7b ff5c2d77 ff994333 e6c67b5f d7a73d74 87782642 ffff4870 00000000 00000000 00000000 00000000
00000000 00000000 00000000 00000000 00000000 00000000 00000000 d700b895 870f7357 ff38da97 ff03999a ff005f9b ff167c59 e67a9c76 ff4e5f09 ffaf994b ffaa5f41 af884b56 5f54292a d7d75c53 00000000 00000000 00000000 00000000
00000000 00000000 00000000 00000000 00000000 00000000 00000000 af00af71 5f0a5f38 d72fd774 e62dbd8e ff00a239 ff48c56b ff359165 ff764c00 ffbe6e28 ffa73a00 ffd15d3b ffd22900 afaf643b 00000000 00000000 00000000 00000000
00000000 00000000 00000000 00000000 00000000 00000000 00000000 00000000 00000000 00000000 ff00b6be af137d79 5f15443d d748997f ffa47049 ff7d4e05 ffb56525 dfba5c2d ffd75900 87876027 00000000 00000000 00000000 00000000
00000000 00000000 00000000 00000000 00000000 00000000 00000000 00000000 00000000 00000000 d700b895 870f7357 ff38da97 af3a965f df9a6937 ff8f780e ffc28334 ffb67200 ffdb7e0a 5f5f5116 00000000 00000000 00000000 00000000
00000000 00000000 00000000 00000000 00000000 00000000 00000000 00000000 00000000 00000000 af00af71 5f0a5f38 d72fd774 872d8742 ff619700 ffa1971c dfaf7728 ffbf9700 ffe09720 ffffff2f 00000000 00000000 00000000 00000000
00000000 00000000 00000000 00000000 00000000 00000000 00000000 00000000 00000000 00000000 00000000 00000000 00000000 00000000 80701808 80701808 80701808 80701808 80701808 00000000 00000000 00000000 00000000 00000000
00000000 00000000 00000000 00000000 00000000 00000000 00000000 00000000 00000000 00000000 00000000 00000000 00000000 00000000 80701808 80701808 80701808 80701808 80701808 00000000 00000000 00000000 00000000 00000000
00000000 00000000 00000000 00000000 00000000 00000000 00000000 00000000 00000000 00000000 00000000 00000000 00000000 00000000 00000000 00000000 00000000 00000000 00000000 00000000 00000000 00000000 00000000 00000000
00000000 00000000 00000000 00000000 00000000 00000000 00000000 00000000 00000000 00000000 00000000 00000000 00000000 00000000 00000000 00000000 00000000 00000000 00000000 00000000 00000000 00000000 00000000 00000000
00000000 00000000 00000000 00000000 00000000 00000000 00000000 00000000 00000000 00000000 00000000 00000000 00000000 00000000 00000000 00000000 00000000 00000000 00000000 00000000 00000000 00000000 00000000 00000000
scene blend_plus_lighter 24 24
00000000 00000000 00000000 00000000 00000000 00000000 00000000 00000000 00000000 00000000 00000000 00000000 00000000 00000000 00000000 00000000 00000000 00000000 00000000 00000000 00000000 00000000 00000000 00000000
00000000 00000000 00000000 00000000 00000000 00000000 00000000 00000000 00000000 00000000 00000000 00000000 00000000 00000000 00000000 00000000 00000000 00000000 00000000 00000000 00000000 00000000 00000000 00000000
00000000 00000000 00000000 00000000 00000000 00000000 00000000 00000000 00000000 00000000 00000000 00000000 00000000 00000000 00000000 00000000 00000000 00000000 00000000 00000000 00000000 00000000 00000000 00000000
00000000 00000000 00000000 ff20c040 ff20c040 ff20c040 ff20c040 00000000 00000000 00000000 00000000 00000000 00000000 00000000 00000000 00000000 00000000 00000000 00000000 00000000 00000000 00000000 00000000 00000000
00000000 00000000 00000000 ff20c040 ff20c040 ff20c040 ff20c040 00000000 00000000 00000000 00000000 00000000 00000000 00000000 00000000 00000000 00000000 00000000 00000000 00000000 00000000 00000000 00000000 00000000
00000000 00000000 00000000 ff20c040 ff20c040 ff20c040 ff20c040 00000000 00000000 00000000 00000000 00000000 00000000 00000000 00000000 00000000 00000000 00000000 00000000 00000000 00000000 00000000 00000000 00000000
00000000 00000000 00000000 00000000 00000000 00000000 00000000 00000000 00000000 00000000 00000000 00000000 00000000 00000000 00000000 00000000 00000000 00000000 00000000 00000000 00000000 00000000 00000000 00000000
00000000 00000000 00000000 00000000 00000000 00000000 00000000 00000000 00000000 00000000 00000000 00000000 00000000 00000000 00000000 00000000 00000000 00000000 00000000 00000000 00000000 00000000 00000000 00000000
00000000 00000000 00000000 00000000 00000000 00000000 00000000 ff0000ff af1300a6 5f150055 d74800b6 873c006b ff8d00be af750079 5f4a003d d7bf007f 87870049 00000000 00000000 00000000 00000000 00000000 00000000 00000000
00000000 00000000 00000000 00000000 00000000 00000000 00000000 d7001ecc 870f1379 ff3824d8 af3a198b 5f2a0d47 d7771e95 875a1357 ffc62497 af9b195f 5f5f0d2f 00000000 00000000 00000000 00000000 00000000 00000000 00000000
00000000 00000000 00000000 00000000 00000000 00000000 00000000 af00319d 5f0a1b50 d72f3dab 872d2665 ff7148b1 af613171 5f3f1b38 d7a73d74 87782642 ffff4870 00000000 00000000 00000000 00000000 00000000 00000000 00000000
00000000 00000000 00000000 00000000 00000000 00000000 00000000 87003a72 ff1c6dcb af264b82 ff2029ff ff725cff e6603aa5 fff26dff ffc44bc1 ffe129e8 ffff5ccc 5f4a003d d7bf007f 87870049 00000000 00000000 00000000 00000000
00000000 00000000 00000000 00000000 00000000 00000000 00000000 5f00364c d7187aa0 871e4d5e ff55afff ff5d77e1 ff6d5aff ffc993f4 e6935a82 ffffaff8 ffff7792 ffc62497 af9b195f 5f5f0d2f 00000000 00000000 00000000 00000000
00000000 00000000 00000000 00000000 00000000 00000000 00000000 ff00b6be af137d79 5f15443d ff48caff e6467b99 ffbcf3ff ffa2a3b2 ffbb8cd6 ffffcaba e6c67b5f d7a73d74 87782642 ffff4870 00000000 00000000 00000000 00000000
00000000 00000000 00000000 00000000 00000000 00000000 00000000 d700b895 870f7357 ff38da97 ff3ad0d1 ff46befa ff9dffe0 e67a9c76 ffffffe0 ffe6d082 ffffbea0 af884b56 5f54292a d7d75c53 00000000 00000000 00000000 00000000
00000000 00000000 00000000 00000000 00000000 00000000 00000000 af00af71 5f0a5f38 d72fd774 e62dbd8e ff89ffff ff7ffca2 ff94f0c4 ffffe78f ffe1914b ffffff88 ffd96543 ffffa96b afaf643b 00000000 00000000 00000000 00000000
00000000 00000000 00000000 00000000 00000000 00000000 00000000 00000000 00000000 00000000 ff00b6be af137d79 5f15443d d748997f ffac7851 fffdce85 ffe59555 dfba5c2d ffffb151 87876027 00000000 00000000 00000000 00000000
00000000 00000000 00000000 00000000 00000000 00000000 00000000 00000000 00000000 00000000 d700b895 870f7357 ff38da97 af3a965f df9a6937 ffe7d066 ffca8b3c fffff25e ffffae3a 5f5f5116 00000000 00000000 00000000 00000000
00000000 00000000 00000000 00000000 00000000 00000000 00000000 00000000 00000000 00000000 af00af71 5f0a5f38 d72fd774 872d8742 ffe1ff78 ffd1c74c dfaf7728 ffffef46 ffe89f28 ffffff2f 00000000 00000000 00000000 00000000
00000000 00000000 00000000 00000000 00000000 00000000 00000000 00000000 00000000 00000000 00000000 00000000 00000000 00000000 80701808 80701808 80701808 80701808 80701808 00000000 00000000 00000000 00000000 00000000
00000000 00000000 00000000 00000000 00000000 00000000 00000000 00000000 00000000 00000000 00000000 00000000 00000000 00000000 80701808 80701808 80701808 80701808 80701808 00000000 00000000 00000000 00000000 00000000
00000000 00000000 00000000 00000000 00000000 00000000 00000000 00000000 00000000 00000000 00000000 00000000 00000000 00000000 00000000 00000000 00000000 00000000 00000000 00000000 00000000 00000000 00000000 00000000
00000000 00000000 00000000 00000000 00000000 00000000 00000000 00000000 00000000 00000000 00000000 00000000 00000000 00000000 00000000 00000000 00000000 00000000 00000000 00000000 00000000 00000000 00000000 00000000
00000000 00000000 00000000 00000000 00000000 00000000 00000000 00000000 00000000 00000000 00000000 00000000 00000000 00000000 00000000 00000000 00000000 00000000 00000000 00000000 00000000 00000000 00000000 00000000
scene blend_copy 24 24
00000000 00000000 00000000 00000000 00000000 00000000 00000000 00000000 00000000 00000000 00000000 00000000 00000000 00000000 00000000 00000000 00000000 00000000 00000000 00000000 00000000 00000000 00000000 00000000
00000000 00000000 00000000 00000000 00000000 00000000 00000000 00000000 00000000 00000000 00000000 00000000 00000000 00000000 00000000 00000000 00000000 00000000 00000000 00000000 00000000 00000000 00000000 00000000
00000000 00000000 00000000 00000000 00000000 00000000 00000000 00000000 00000000 00000000 00000000 00000000 00000000 00000000 00000000 00000000 00000000 00000000 00000000 00000000 00000000 00000000 00000000 00000000
00000000 00000000 00000000 00000000 00000000 00000000 00000000 00000000 00000000 00000000 00000000 00000000 00000000 00000000 00000000 00000000 00000000 00000000 00000000 00000000 00000000 00000000 00000000 00000000
00000000 00000000 00000000 00000000 00000000 00000000 00000000 00000000 00000000 00000000 00000000 00000000 00000000 00000000 00000000 00000000 00000000 00000000 00000000 00000000 00000000 00000000 00000000 00000000
00000000 00000000 00000000 00000000 00000000 00000000 00000000 00000000 00000000 00000000 00000000 00000000 00000000 00000000 00000000 00000000 00000000 00000000 00000000 00000000 00000000 00000000 00000000 00000000
00000000 00000000 00000000 00000000 00000000 00000000 00000000 00000000 00000000 00000000 00000000 00000000 00000000 00000000 00000000 00000000 00000000 00000000 00000000 00000000 00000000 00000000 00000000 00000000
00000000 00000000 00000000 00000000 00000000 00000000 00000000 00000000 00000000 00000000 00000000 00000000 00000000 00000000 00000000 00000000 00000000 00000000 00000000 00000000 00000000 00000000 00000000 00000000
00000000 00000000 00000000 00000000 00000000 00000000 00000000 00000000 00000000 00000000 00000000 00000000 00000000 00000000 00000000 00000000 00000000 00000000 00000000 00000000 00000000 00000000 00000000 00000000
00000000 00000000 00000000 00000000 00000000 00000000 00000000 00000000 00000000 00000000 00000000 00000000 00000000 00000000 00000000 00000000 00000000 00000000 00000000 00000000 00000000 00000000 00000000 00000000
00000000 00000000 00000000 00000000 00000000 00000000 00000000 00000000 00000000 00000000 00000000 00000000 00000000 00000000 00000000 00000000 00000000 00000000 00000000 00000000 00000000 00000000 00000000 00000000
00000000 00000000 00000000 00000000 00000000 00000000 00000000 00000000 00000000 00000000 ff0000ff af1300a6 5f150055 d74800b6 873c006b ff8d00be af750079 5f4a003d d7bf007f 87870049 00000000 00000000 00000000 00000000
00000000 00000000 00000000 00000000 00000000 00000000 00000000 00000000 00000000 00000000 d7001ecc 870f1379 ff3824d8 af3a198b 5f2a0d47 d7771e95 875a1357 ffc62497 af9b195f 5f5f0d2f 00000000 00000000 00000000 00000000
00000000 00000000 00000000 00000000 00000000 00000000 00000000 00000000 00000000 00000000 af00319d 5f0a1b50 d72f3dab 872d2665 ff7148b1 af613171 5f3f1b38 d7a73d74 87782642 ffff4870 00000000 00000000 00000000 00000000
00000000 00000000 00000000 00000000 00000000 00000000 00000000 00000000 00000000 00000000 87003a72 ff1c6dcb af264b82 5f202942 d75f5c8a 874b3a50 ffaa6d8a af884b56 5f54292a d7d75c53 00000000 00000000 00000000 00000000
00000000 00000000 00000000 00000000 00000000 00000000 00000000 00000000 00000000 00000000 5f00364c d7187aa0 871e4d5e ff5591a4 af4e6468 5f353633 d78f7a69 87694d3b ffe29163 afaf643b 00000000 00000000 00000000 00000000
00000000 00000000 00000000 00000000 00000000 00000000 00000000 00000000 00000000 00000000 ff00b6be af137d79 5f15443d d748997f 873c6049 ff8db67d af757d4d 5f4a4425 d7bf9949 87876027 00000000 00000000 00000000 00000000
00000000 00000000 00000000 00000000 00000000 00000000 00000000 00000000 00000000 00000000 d700b895 870f7357 ff38da97 af3a965f 5f2a512f d777b85e 875a7334 ffc6da56 af9b9632 5f5f5116 00000000 00000000 00000000 00000000
00000000 00000000 00000000 00000000 00000000 00000000 00000000 00000000 00000000 00000000 af00af71 5f0a5f38 d72fd774 872d8742 ff71ff70 af61af44 5f3f5f20 d7a7d73e 87788720 ffffff2f 00000000 00000000 00000000 00000000
00000000 00000000 00000000 00000000 00000000 00000000 00000000 00000000 00000000 00000000 00000000 00000000 00000000 00000000 00000000 00000000 00000000 00000000 00000000 00000000 00000000 00000000 00000000 00000000
00000000 00000000 00000000 00000000 00000000 00000000 00000000 00000000 00000000 00000000 00000000 00000000 00000000 00000000 00000000 00000000 00000000 00000000 00000000 00000000 00000000 00000000 00000000 00000000
00000000 00000000 00000000 00000000 00000000 00000000 00000000 00000000 00000000 00000000 00000000 00000000 00000000 00000000 00000000 00000000 00000000 00000000 00000000 00000000 00000000 00000000 00000000 00000000
00000000 00000000 00000000 00000000 00000000 00000000 00000000 00000000 00000000 00000000 00000000 00000000 00000000 00000000 00000000 00000000 00000000 00000000 00000000 00000000 00000000 00000000 00000000 00000000
00000000 00000000 00000000 00000000 00000000 00000000 00000000 00000000 00000000 00000000 00000000 00000000 00000000 00000000 00000000 00000000 00000000 00000000 00000000 00000000 00000000 00000000 00000000 00000000
scene blend_clear 24 24
00000000 00000000 00000000 00000000 00000000 00000000 00000000 00000000 00000000 00000000 00000000 00000000 00000000 00000000 00000000 00000000 00000000 00000000 00000000 00000000 00000000 00000000 00000000 00000000
00000000 00000000 00000000 00000000 00000000 00000000 00000000 00000000 00000000 00000000 00000000 00000000 00000000 00000000 00000000 00000000 00000000 00000000 00000000 00000000 00000000 00000000 00000000 00000000
00000000 00000000 00000000 00000000 00000000 00000000 00000000 00000000 00000000 00000000 00000000 00000000 00000000 00000000 00000000 00000000 00000000 00000000 00000000 00000000 00000000 00000000 00000000 00000000
00000000 00000000 00000000 00000000 00000000 00000000 00000000 00000000 00000000 00000000 00000000 00000000 00000000 00000000 00000000 00000000 00000000 00000000 00000000 00000000 00000000 00000000 00000000 00000000
00000000 00000000 00000000 00000000 00000000 00000000 00000000 00000000 00000000 00000000 00000000 00000000 00000000 00000000 00000000 00000000 00000000 00000000 00000000 00000000 00000000 00000000 00000000 00000000
00000000 00000000 00000000 00000000 00000000 00000000 00000000 00000000 00000000 00000000 00000000 00000000 00000000 00000000 00000000 00000000 00000000 00000000 00000000 00000000 00000000 00000000 00000000 00000000
00000000 00000000 00000000 00000000 00000000 00000000 00000000 00000000 00000000 00000000 00000000 00000000 00000000 00000000 00000000 00000000 00000000 00000000 00000000 00000000 00000000 00000000 00000000 00000000
00000000 00000000 00000000 00000000 00000000 00000000 00000000 00000000 00000000 00000000 00000000 00000000 00000000 00000000 00000000 00000000 00000000 00000000 00000000 00000000 00000000 00000000 00000000 00000000
00000000 00000000 00000000 00000000 00000000 00000000 00000000 00000000 00000000 00000000 00000000 00000000 00000000 00000000 00000000 00000000 00000000 00000000 00000000 00000000 00000000 00000000 00000000 00000000
00000000 00000000 00000000 00000000 00000000 00000000 00000000 00000000 00000000 00000000 00000000 00000000 00000000 00000000 00000000 00000000 00000000 00000000 00000000 00000000 00000000 00000000 00000000 00000000
00000000 00000000 00000000 00000000 00000000 00000000 00000000 00000000 00000000 00000000 00000000 00000000 00000000 00000000 00000000 00000000 00000000 00000000 00000000 00000000 00000000 00000000 00000000 00000000
00000000 00000000 00000000 00000000 00000000 00000000 00000000 00000000 00000000 00000000 00000000 00000000 00000000 00000000 00000000 00000000 00000000 00000000 00000000 00000000 00000000 00000000 00000000 00000000
00000000 00000000 00000000 00000000 00000000 00000000 00000000 00000000 00000000 00000000 00000000 00000000 00000000 00000000 00000000 00000000 00000000 00000000 00000000 00000000 00000000 00000000 00000000 00000000
00000000 00000000 00000000 00000000 00000000 00000000 00000000 00000000 00000000 00000000 00000000 00000000 00000000 00000000 00000000 00000000 00000000 00000000 00000000 00000000 00000000 00000000 00000000 00000000
00000000 00000000 00000000 00000000 00000000 00000000 00000000 00000000 00000000 00000000 00000000 00000000 00000000 00000000 00000000 00000000 00000000 00000000 00000000 00000000 00000000 00000000 00000000 00000000
00000000 00000000 00000000 00000000 00000000 00000000 00000000 00000000 00000000 00000000 00000000 00000000 00000000 00000000 00000000 00000000 00000000 00000000 00000000 00000000 00000000 00000000 00000000 00000000
00000000 00000000 00000000 00000000 00000000 00000000 00000000 00000000 00000000 00000000 00000000 00000000 00000000 00000000 00000000 00000000 00000000 00000000 00000000 00000000 00000000 00000000 00000000 00000000
00000000 00000000 00000000 00000000 00000000 00000000 00000000 00000000 00000000 00000000 00000000 00000000 00000000 00000000 00000000 00000000 00000000 00000000 00000000 00000000 00000000 00000000 00000000 00000000
00000000 00000000 00000000 00000000 00000000 00000000 00000000 00000000 00000000 00000000 00000000 00000000 00000000 00000000 00000000 00000000 00000000 00000000 00000000 00000000 00000000 00000000 00000000 00000000
00000000 00000000 00000000 00000000 00000000 00000000 00000000 00000000 00000000 00000000 00000000 00000000 00000000 00000000 00000000 00000000 00000000 00000000 00000000 00000000 00000000 00000000 00000000 00000000
00000000 00000000 00000000 00000000 00000000 00000000 00000000 00000000 00000000 00000000 00000000 00000000 00000000 00000000 00000000 00000000 00000000 00000000 00000000 00000000 00000000 00000000 00000000 00000000
00000000 00000000 00000000 00000000 00000000 00000000 00000000 00000000 00000000 00000000 00000000 00000000 00000000 00000000 00000000 00000000 00000000 00000000 00000000 00000000 00000000 00000000 00000000 00000000
00000000 00000000 00000000 00000000 00000000 00000000 00000000 00000000 00000000 00000000 00000000 00000000 00000000 00000000 00000000 00000000 00000000 00000000 00000000 00000000 00000000 00000000 00000000 00000000
00000000 00000000 00000000 00000000 00000000 00000000 00000000 00000000 00000000 00000000 00000000 00000000 00000000 00000000 00000000 00000000 00000000 00000000 00000000 00000000 00000000 00000000 00000000 00000000
scene compose 24 24
00000000 00000000 00000000 01000000 01010101 01010101 01000000 00000000 00000000 00000000 00000000 00000000 00000000 00000000 00000000 00000000 00000000 00000000 00000000 00000000 00000000 00000000 00000000 00000000
00000000 01010101 04030303 0a060606 0e080808 0e080808 0a060606 04030303 01010101 00000000 00000000 00000000 00000000 00000000 00000000 00000000 00000000 00000000 00000000 00000000 00000000 00000000 00000000 00000000
00000000 05030303 170e0e0e 351f1f1f 482a2a2a 482a2a2a 351f1f1f 170e0e0e 05030303 00000000 00000000 00000000 00000000 00000000 00000000 00000000 00000000 00000000 00000000 00000000 00000000 00000000 00000000 00000000
01010101 0a060606 361f1f1f 7c484848 a6616161 a6616161 7c484848 361f1f1f 0a060606 01010101 00000000 00000000 00000000 00000000 00000000 00000000 00000000 00000000 00000000 00000000 00000000 00000000 00000000 00000000
01010101 0d080808 44282828 9d5c5c5c d37c7c7c d37c7c7c 9d5c5c5c 44282828 0d080808 01010101 00000000 00000000 00000000 00000000 00000000 00000000 00000000 00000000 00000000 00000000 00000000 00000000 00000000 00000000
01010101 0a060606 361f1f1f 7c484848 a6616161 a6616161 7c484848 361f1f1f 0b060606 01010101 01000000 01000000 01000000 01000000 01000000 01000000 00000000 00000000 00000000 00000000 00000000 00000000 00000000 00000000
00000000 05030303 170e0e0e 351f1f1f 482a2a2a 492a2a2a 3a202020 200e0e0e 0e040404 09010101 0a010101 0b020202 0b020202 0a020202 09020202 09020202 06020202 03010101 00000000 00000000 00000000 00000000 00000000 00000000
00000000 01010101 04030303 0a060606 0e080808 12090909 1f080808 30070707 34060606 31070707 33080808 36090909 390b0b0b 350b0b0b 300c0c0c 2e0c0c0c 21090909 0d030303 02010101 00000000 00000000 00000000 00000000 00000000
00000000 00000000 00000000 01000000 02010101 0b020202 2f060606 630d0d0d 76111111 76141414 78161616 7a181818 801c1c1c 7b1e1e1e 76202020 6e1f1f1f 4c161616 1e090909 05020202 00000000 00000000 00000000 00000000 00000000
00000000 00000000 00000000 00000000 01000000 0b020202 38090909 7a161616 9c1f1f1f a5252525 a4272727 a32b2b2b a72e2e2e a4313131 a5363636 99343434 6b272727 2d101010 08030303 01000000 00000000 00000000 00000000 00000000
00000000 00000000 00000000 00000000 01000000 0a030303 330d0d0d 76212121 a22f2f2f ae363636 ad393939 b03d3d3d ae404040 ad434343 ae474747 a4464646 7c383838 38191919 0b050505 01010101 00000000 00000000 00000000 00000000
00000000 00000000 00000000 00000000 01000000 09030303 2f111111 742c2c2c a5404040 ae474747 ad4a4a4a b04e4e4e ae515151 b1565656 ae585858 a5575757 81464646 3b202020 0c060606 01010101 00000000 00000000 00000000 00000000
00000000 00000000 00000000 00000000 01000000 09040404 31181818 783a3a3a a6505050 ad575757 b15d5d5d af5f5f5f ad626262 b0676767 ae696969 a8686868 7e4f4f4f 36222222 0b070707 01010101 00000000 00000000 00000000 00000000
00000000 00000000 00000000 00000000 01010101 0b060606 39212121 814a4a4a a6616161 ac686868 af6c6c6c ad6f6f6f b0747474 af767676 ad777777 a6747474 78535353 34232323 0e080808 03010101 00000000 00000000 00000000 00000000
00000000 00000000 00000000 00000000 01010101 0b070707 37242424 794f4f4f 9b676767 a5727272 a6757575 a4787878 a67b7b7b a77a7a7a b07d7d7d ab767676 81555555 48292929 220e0e0e 0c040404 02010101 00000000 00000000 00000000
00000000 00000000 00000000 00000000 01010101 08060606 261b1b1b 533b3b3b 6d4f4f4f 7a5b5b5b 7d616161 7e646464 7c616161 835e5e5e 9f646464 a9636363 94505050 6d313131 44191919 1b090909 05010101 01000000 00000000 00000000
00000000 00000000 00000000 00000000 00000000 03020202 0f0b0b0b 21191919 2c222222 33282828 362c2c2c 392e2e2e 392c2c2c 4d2f2f2f 783a3a3a 91414141 8f3c3c3c 7c2f2f2f 571d1d1d 240c0c0c 07020202 01000000 00000000 00000000
00000000 00000000 00000000 00000000 00000000 01000000 03020202 06050505 08060606 0a080808 0b090909 0c090909 110a0a0a 2d131313 60222222 7e2d2d2d 832e2e2e 7a2a2a2a 5a1d1d1d 260d0d0d 07020202 01000000 00000000 00000000
00000000 00000000 00000000 00000000 00000000 00000000 00000000 00000000 01000000 01010101 01010101 02010101 08030303 260d0d0d 5a1d1d1d 79282828 7f2a2a2a 79282828 5a1d1d1d 260d0d0d 07020202 01000000 00000000 00000000
00000000 00000000 00000000 00000000 00000000 00000000 00000000 00000000 00000000 00000000 00000000 01000000 07020202 240c0c0c 551b1b1b 72262626 78282828 72262626 551b1b1b 240c0c0c 07020202 01000000 00000000 00000000
00000000 00000000 00000000 00000000 00000000 00000000 00000000 00000000 00000000 00000000 00000000 01000000 05010101 1b090909 3f141414 551c1c1c 591d1d1d 551c1c1c 3f141414 1b090909 05010101 01000000 00000000 00000000
00000000 00000000 00000000 00000000 00000000 00000000 00000000 00000000 00000000 00000000 00000000 00000000 02010101 0b040404 1b090909 240c0c0c 260d0d0d 240c0c0c 1b090909 0b040404 02010101 00000000 00000000 00000000
00000000 00000000 00000000 00000000 00000000 00000000 00000000 00000000 00000000 00000000 00000000 00000000 00000000 02010101 05020202 07020202 07020202 07020202 05020202 02010101 00000000 00000000 00000000 00000000
00000000 00000000 00000000 00000000 00000000 00000000 00000000 00000000 00000000 00000000 00000000 00000000 00000000 00000000 00000000 01000000 01000000 01000000 00000000 00000000 00000000 00000000 00000000 00000000
scene backdrop_blur 24 24
00000000 00000000 00000000 00000000 00000000 00000000 00000000 00000000 00000000 00000000 00000000 00000000 00000000 00000000 00000000 00000000 00000000 00000000 00000000 00000000 00000000 00000000 00000000 00000000
00000000 00000000 00000000 00000000 00000000 00000000 00000000 00000000 00000000 00000000 00000000 00000000 00000000 00000000 00000000 00000000 00000000 00000000 00000000 00000000 00000000 00000000 00000000 00000000
00000000 00000000 00000000 00000000 00000000 00000000 00000000 00000000 00000000 00000000 00000000 00000000 00000000 00000000 00000000 00000000 00000000 00000000 00000000 00000000 00000000 00000000 00000000 00000000
00000000 00000000 00000000 00000000 00000000 00000000 00000000 00000000 00000000 00000000 00000000 00000000 00000000 00000000 00000000 00000000 00000000 00000000 00000000 00000000 00000000 00000000 00000000 00000000
0b010803 16031005 23041a09 2f06230c 3707290f 38072910 3206230f 28051a0e 1c04100c 13030809 0d040408 0a040107 08040006 08050005 07040005 05040003 00000000 00000000 00000000 00000000 00000000 00000000 00000000 00000000
0b010803 16031005 23041a09 3006230d 39072911 3c072913 38072315 30061b15 27061114 1e070913 19080512 17090211 150b010f 130c010d 110b010b 0d090108 00000000 00000000 00000000 00000000 00000000 00000000 00000000 00000000
09010702 12020e05 1e041608 2a051e0c 34062311 3a072417 3b071f1b 3808191f 34091122 300c0b23 2e0f0722 2c130521 2a16041e 2617041a 21160316 1a130310 00000000 00000000 00000000 00000000 00000000 00000000 00000000 00000000
06010502 0d020a03 15031006 2003150b 2a041911 33051b1a 3b071923 4009162c 440d1232 46120e36 47190c36 471f0b35 45240a30 3f27092a 36250823 2b1f061a 00000000 00000000 00000000 00000000 00000000 00000000 00000000 00000000
04000301 07010502 0d010904 15020d09 20031011 2d04131d 3b07142a 490b1538 55111543 5e191549 6323154b 652c1549 62341443 5a37123a 4d341030 3c2c0c24 00000000 00000000 00000000 00000000 00000000 00000000 00000000 00000000
02000100 03000201 07010403 0e010708 19020a11 2a040f1f 3e071431 530d1942 66151d51 7520205a 7e2d225c 81392359 7d422252 73461f47 62421b3a 4d38152c 00000000 00000000 00000000 00000000 00000000 00000000 00000000 00000000
00000000 01000100 03000202 0a000407 15010811 29030f21 42071735 5c0e2149 7418295a 87253064 92343467 96423564 924d345b 86522f4f 734d2940 5a412030 00000000 00000000 00000000 00000000 00000000 00000000 00000000 00000000
00000000 00000000 02000102 08000407 15010911 29031321 44081e35 610f2b4a 7b1a375b 90284166 9c384669 a1474866 9c53465d 90584050 7c543741 61472b31 00000000 00000000 00000000 00000000 00000000 00000000 00000000 00000000
00000000 00000000 02000102 08000507 15010b10 2903171f 44082533 610f3546 7b1a4457 90284f61 9c385563 a1485760 9e545457 925a4e4b 7e56423c 6449342d 00000000 00000000 00000000 00000000 00000000 00000000 00000000 00000000
00000000 00000000 02000101 08000506 13010c0e 2703191c 3f07282d 5a0e3a3f 73184a4d 86255656 92355d58 98445f55 95505c4c 8c575441 79534834 61483827 00000000 00000000 00000000 00000000 00000000 00000000 00000000 00000000
00000000 00000000 02000101 07000505 10010c0c 21031817 36062725 4d0c3833 6315473f 73205346 7e2e5a48 843c5c45 8348593e 7c4e5234 6d4c462a 5842361f 00000000 00000000 00000000 00000000 00000000 00000000 00000000 00000000
00000000 00000000 01000101 05000404 0d010a09 1a021512 2b05211c 3c0a3027 4d103d30 5b194735 64254d36 69314f33 6a3b4c2e 66424627 5c413c1f 4b392e17 00000000 00000000 00000000 00000000 00000000 00000000 00000000 00000000
00000000 00000000 01000101 04000303 09000806 12010f0c 1e031913 2a07241a 360b2e21 40123524 471b3a24 4c243b23 4e2d391f 4d33351a 47332d15 3b2e2310 00000000 00000000 00000000 00000000 00000000 00000000 00000000 00000000
00000000 00000000 01000000 02000202 05000504 0b010a07 1202100b 1904170f 21071d13 270b2215 2c112515 30182614 331e2512 3423220f 31241d0c 2a211609 00000000 00000000 00000000 00000000 00000000 00000000 00000000 00000000
00000000 00000000 00000000 00000000 00000000 00000000 00000000 00000000 00000000 00000000 00000000 00000000 00000000 00000000 00000000 00000000 00000000 00000000 00000000 00000000 00000000 00000000 00000000 00000000
00000000 00000000 00000000 00000000 00000000 00000000 00000000 00000000 00000000 00000000 00000000 00000000 00000000 00000000 00000000 00000000 00000000 00000000 00000000 00000000 00000000 00000000 00000000 00000000
00000000 00000000 00000000 00000000 00000000 00000000 00000000 00000000 00000000 00000000 00000000 00000000 00000000 00000000 00000000 00000000 00000000 00000000 00000000 00000000 00000000 00000000 00000000 00000000
00000000 00000000 00000000 00000000 00000000 00000000 00000000 00000000 00000000 00000000 00000000 00000000 00000000 00000000 00000000 00000000 00000000 00000000 00000000 00000000 00000000 00000000 00000000 00000000
00000000 00000000 00000000 00000000 00000000 00000000 00000000 00000000 00000000 00000000 00000000 00000000 00000000 00000000 00000000 00000000 00000000 00000000 00000000 00000000 00000000 00000000 00000000 00000000
00000000 00000000 00000000 00000000 00000000 00000000 00000000 00000000 00000000 00000000 00000000 00000000 00000000 00000000 00000000 00000000 00000000 00000000 00000000 00000000 00000000 00000000 00000000 00000000
scene backdrop_invert 24 24
00000000 00000000 00000000 00000000 00000000 00000000 00000000 00000000 00000000 00000000 00000000 00000000 00000000 00000000 00000000 00000000 00000000 00000000 00000000 00000000 00000000 00000000 00000000 00000000
00000000 00000000 00000000 00000000 00000000 00000000 00000000 00000000 00000000 00000000 00000000 00000000 00000000 00000000 00000000 00000000 00000000 00000000 00000000 00000000 00000000 00000000 00000000 00000000
00000000 00000000 00000000 00000000 00000000 00000000 00000000 00000000 00000000 00000000 00000000 00000000 00000000 00000000 00000000 00000000 00000000 00000000 00000000 00000000 00000000 00000000 00000000 00000000
00000000 00000000 00000000 00000000 00000000 00000000 00000000 00000000 00000000 00000000 00000000 00000000 00000000 00000000 00000000 00000000 00000000 00000000 00000000 00000000 00000000 00000000 00000000 00000000
00000000 00000000 00000000 00000000 00000000 00000000 00000000 00000000 00000000 00000000 00000000 00000000 00000000 00000000 00000000 00000000 00000000 00000000 00000000 00000000 00000000 00000000 00000000 00000000
00000000 00000000 00000000 00000000 00000000 00000000 00000000 00000000 00000000 00000000 00000000 00000000 00000000 00000000 00000000 00000000 00000000 00000000 00000000 00000000 00000000 00000000 00000000 00000000
00000000 00000000 00000000 00000000 00000000 00000000 00000000 00000000 00000000 00000000 00000000 00000000 00000000 00000000 00000000 00000000 00000000 00000000 00000000 00000000 00000000 00000000 00000000 00000000
00000000 00000000 00000000 00000000 00000000 00000000 00000000 00000000 00000000 00000000 00000000 00000000 00000000 00000000 00000000 00000000 00000000 00000000 00000000 00000000 00000000 00000000 00000000 00000000
00000000 00000000 00000000 00000000 00000000 00000000 00000000 ffffff00 af9caf09 5f4a5f0a d78fd721 874b871c ff72ff41 af3aaf36 5f155f22 d718d758 8700873e 00000000 00000000 00000000 00000000 00000000 00000000 00000000
00000000 00000000 00000000 00000000 00000000 00000000 00000000 d7d7b90b 8778740e ffc7db27 af759624 5f355218 d760b942 872d7430 ff39db68 af149650 5f005230 00000000 00000000 00000000 00000000 00000000 00000000 00000000
00000000 00000000 00000000 00000000 00000000 00000000 00000000 afaf7e12 5f55440f d7a89a2c 875a6122 ff8eb74e af4e7e3e 5f204427 d7309a63 870f6145 ff00b78f 00000000 00000000 00000000 00000000 00000000 00000000 00000000
00000000 00000000 00000000 00000000 00000000 00000000 00000000 87874d15 ffe39234 af89642d 5f3f361d d7787b4d 873c4d37 ff559275 af276459 5f0b3635 d7007b84 00000000 00000000 00000000 00000000 00000000 00000000 00000000
00000000 00000000 00000000 00000000 00000000 00000000 00000000 5f5f2913 d7bf5d37 87693a29 ffaa6e5b af614b47 5f2a292c d7485d6e 871e3a4c ff1d6e9c af004b74 00000000 00000000 00000000 00000000 00000000 00000000 00000000
00000000 00000000 00000000 00000000 00000000 00000000 00000000 ffff4941 af9c3236 5f4a1b22 d78f3e58 874b273e ff724982 af3a3262 5f151b3a d7183e8e 87002760 00000000 00000000 00000000 00000000 00000000 00000000 00000000
00000000 00000000 00000000 00000000 00000000 00000000 00000000 d7d71f42 87781430 ffc72568 af751950 5f350e30 d7601f79 872d1453 ff3925a9 af14197d 5f000e49 00000000 00000000 00000000 00000000 00000000 00000000 00000000
00000000 00000000 00000000 00000000 00000000 00000000 00000000 afaf003e 5f550027 d7a80063 875a0045 ff8e008f af4e006b 5f20003f eb2868c4 c31768ab ff1068e0 80106878 80106878 00000000 00000000 00000000 00000000 00000000
00000000 00000000 00000000 00000000 00000000 00000000 00000000 00000000 00000000 00000000 00000000 00000000 00000000 00000000 80106878 80106878 80106878 80106878 80106878 00000000 00000000 00000000 00000000 00000000
00000000 00000000 00000000 00000000 00000000 00000000 00000000 00000000 00000000 00000000 00000000 00000000 00000000 00000000 80106878 80106878 80106878 80106878 80106878 00000000 00000000 00000000 00000000 00000000
00000000 00000000 00000000 00000000 00000000 00000000 00000000 00000000 00000000 00000000 00000000 00000000 00000000 00000000 80106878 80106878 80106878 80106878 80106878 00000000 00000000 00000000 00000000 00000000
00000000 00000000 00000000 00000000 00000000 00000000 00000000 00000000 00000000 00000000 00000000 00000000 00000000 00000000 80106878 80106878 80106878 80106878 80106878 00000000 00000000 00000000 00000000 00000000
00000000 00000000 00000000 00000000 00000000 00000000 00000000 00000000 00000000 00000000 00000000 00000000 00000000 00000000 00000000 00000000 00000000 00000000 00000000 00000000 00000000 00000000 00000000 00000000
00000000 00000000 00000000 00000000 00000000 00000000 00000000 00000000 00000000 00000000 00000000 00000000 00000000 00000000 00000000 00000000 00000000 00000000 00000000 00000000 00000000 00000000 00000000 00000000
00000000 00000000 00000000 00000000 00000000 00000000 00000000 00000000 00000000 00000000 00000000 00000000 00000000 00000000 00000000 00000000 00000000 00000000 00000000 00000000 00000000 00000000 00000000 00000000
00000000 00000000 00000000 00000000 00000000 00000000 00000000 00000000 00000000 00000000 00000000 00000000 00000000 00000000 00000000 00000000 00000000 00000000 00000000 00000000 00000000 00000000 00000000 00000000
scene displacement_integer 24 24
00000000 00000000 00000000 00000000 00000000 00000000 00000000 00000000 00000000 00000000 00000000 00000000 00000000 00000000 00000000 00000000 00000000 00000000 00000000 00000000 00000000 00000000 00000000 00000000
00000000 00000000 00000000 00000000 00000000 00000000 00000000 00000000 00000000 00000000 00000000 00000000 00000000 00000000 00000000 00000000 00000000 00000000 00000000 00000000 00000000 00000000 00000000 00000000
00000000 00000000 00000000 00000000 00000000 00000000 00000000 00000000 00000000 00000000 00000000 00000000 00000000 00000000 00000000 00000000 00000000 00000000 00000000 00000000 00000000 00000000 00000000 00000000
00000000 00000000 00000000 00000000 00000000 00000000 00000000 00000000 00000000 00000000 00000000 00000000 00000000 00000000 00000000 00000000 00000000 00000000 00000000 00000000 00000000 00000000 00000000 00000000
00000000 00000000 00000000 00000000 ff20c040 ff20c040 ff20c040 ff20c040 00000000 00000000 00000000 00000000 00000000 00000000 00000000 00000000 00000000 00000000 00000000 00000000 00000000 00000000 00000000 00000000
00000000 00000000 00000000 00000000 ff20c040 ff20c040 ff20c040 ff20c040 00000000 00000000 00000000 00000000 00000000 00000000 00000000 00000000 00000000 00000000 00000000 00000000 00000000 00000000 00000000 00000000
00000000 00000000 00000000 00000000 ff20c040 ff20c040 ff20c040 ff20c040 00000000 00000000 00000000 00000000 00000000 00000000 00000000 00000000 00000000 00000000 00000000 00000000 00000000 00000000 00000000 00000000
00000000 00000000 00000000 00000000 00000000 00000000 00000000 00000000 00000000 00000000 00000000 00000000 00000000 00000000 00000000 00000000 00000000 00000000 00000000 00000000 00000000 00000000 00000000 00000000
00000000 00000000 00000000 00000000 00000000 00000000 00000000 00000000 00000000 00000000 00000000 00000000 00000000 00000000 00000000 00000000 00000000 00000000 00000000 00000000 00000000 00000000 00000000 00000000
00000000 00000000 00000000 00000000 00000000 00000000 00000000 00000000 ff0000ff af1300a6 5f150055 d74800b6 873c006b ff8d00be af750079 5f4a003d d7bf007f 87870049 00000000 00000000 00000000 00000000 00000000 00000000
00000000 00000000 00000000 00000000 00000000 00000000 00000000 00000000 d7001ecc 870f1379 ff3824d8 af3a198b 5f2a0d47 d7771e95 875a1357 ffc62497 af9b195f 5f5f0d2f 00000000 00000000 00000000 00000000 00000000 00000000
00000000 00000000 00000000 00000000 00000000 00000000 00000000 00000000 af00319d 5f0a1b50 d72f3dab 872d2665 ff7148b1 af613171 5f3f1b38 d7a73d74 87782642 ffff4870 00000000 00000000 00000000 00000000 00000000 00000000
00000000 00000000 00000000 00000000 00000000 00000000 00000000 00000000 87003a72 ff1c6dcb af264b82 5f202942 d75f5c8a 874b3a50 ffaa6d8a af884b56 5f54292a d7d75c53 00000000 00000000 00000000 00000000 00000000 00000000
00000000 00000000 00000000 00000000 00000000 00000000 00000000 00000000 5f00364c d7187aa0 871e4d5e ff5591a4 af4e6468 5f353633 d78f7a69 87694d3b ffe29163 afaf643b 00000000 00000000 00000000 00000000 00000000 00000000
00000000 00000000 00000000 00000000 00000000 00000000 00000000 00000000 ff00b6be af137d79 5f15443d d748997f 873c6049 ff8db67d af757d4d 5f4a4425 d7bf9949 87876027 00000000 00000000 00000000 00000000 00000000 00000000
00000000 00000000 00000000 00000000 00000000 00000000 00000000 00000000 d700b895 870f7357 ff38da97 af3a965f 5f2a512f d777b85e 875a7334 ffc6da56 af9b9632 5f5f5116 00000000 00000000 00000000 00000000 00000000 00000000
00000000 00000000 00000000 00000000 00000000 00000000 00000000 00000000 af00af71 5f0a5f38 d72fd774 872d8742 ff71ff70 af61af44 5f3f5f20 ebc38327 c3ac5b18 ffef971f 80701808 80701808 00000000 00000000 00000000 00000000
00000000 00000000 00000000 00000000 00000000 00000000 00000000 00000000 00000000 00000000 00000000 00000000 00000000 00000000 00000000 80701808 80701808 80701808 80701808 80701808 00000000 00000000 00000000 00000000
00000000 00000000 00000000 00000000 00000000 00000000 00000000 00000000 00000000 00000000 00000000 00000000 00000000 00000000 00000000 80701808 80701808 80701808 80701808 80701808 00000000 00000000 00000000 00000000
00000000 00000000 00000000 00000000 00000000 00000000 00000000 00000000 00000000 00000000 00000000 00000000 00000000 00000000 00000000 80701808 80701808 80701808 80701808 80701808 00000000 00000000 00000000 00000000
00000000 00000000 00000000 00000000 00000000 00000000 00000000 00000000 00000000 00000000 00000000 00000000 00000000 00000000 00000000 80701808 80701808 80701808 80701808 80701808 00000000 00000000 00000000 00000000
00000000 00000000 00000000 00000000 00000000 00000000 00000000 00000000 00000000 00000000 00000000 00000000 00000000 00000000 00000000 80701808 80701808 80701808 80701808 80701808 00000000 00000000 00000000 00000000
00000000 00000000 00000000 00000000 00000000 00000000 00000000 00000000 00000000 00000000 00000000 00000000 00000000 00000000 00000000 00000000 00000000 00000000 00000000 00000000 00000000 00000000 00000000 00000000
00000000 00000000 00000000 00000000 00000000 00000000 00000000 00000000 00000000 00000000 00000000 00000000 00000000 00000000 00000000 00000000 00000000 00000000 00000000 00000000 00000000 00000000 00000000 00000000
scene displacement_turbulence 48 48
00000000 00000000 00000000 00000000 00000000 00000000 00000000 00000000 00000000 00000000 00000000 00000000 00000000 00000000 00000000 00000000 00000000 00000000 00000000 00000000 00000000 00000000 00000000 00000000 00000000 00000000 00000000 00000000 00000000 00000000 00000000 00000000 00000000 00000000 00000000 00000000 00000000 00000000 00000000 00000000 00000000 00000000 00000000 00000000 00000000 00000000 00000000 00000000
00000000 00000000 00000000 00000000 00000000 00000000 00000000 00000000 00000000 00000000 00000000 00000000 00000000 00000000 00000000 00000000 00000000 00000000 00000000 00000000 00000000 00000000 00000000 00000000 00000000 00000000 00000000 00000000 00000000 00000000 00000000 00000000 00000000 00000000 00000000 00000000 00000000 00000000 00000000 00000000 00000000 00000000 00000000 00000000 00000000 00000000 00000000 00000000
00000000 00000000 00000000 00000000 00000000 00000000 00000000 00000000 00000000 00000000 00000000 00000000 00000000 00000000 00000000 00000000 00000000 00000000 00000000 00000000 00000000 00000000 00000000 00000000 00000000 00000000 00000000 00000000 00000000 00000000 00000000 00000000 00000000 00000000 00000000 00000000 00000000 00000000 00000000 00000000 00000000 00000000 00000000 00000000 00000000 00000000 00000000 00000000
00000000 00000000 00000000 00000000 00000000 00000000 00000000 00000000 00000000 00000000 00000000 00000000 00000000 00000000 00000000 00000000 00000000 00000000 00000000 00000000 00000000 00000000 00000000 00000000 00000000 00000000 00000000 00000000 00000000 00000000 00000000 00000000 00000000 00000000 00000000 00000000 00000000 00000000 00000000 00000000 00000000 00000000 00000000 00000000 00000000 00000000 00000000 00000000
00000000 00000000 00000000 00000000 00000000 00000000 00000000 00000000 00000000 00000000 00000000 00000000 00000000 00000000 00000000 00000000 00000000 00000000 00000000 00000000 00000000 00000000 00000000 00000000 00000000 00000000 00000000 00000000 00000000 00000000 00000000 00000000 00000000 00000000 00000000 00000000 00000000 00000000 00000000 00000000 00000000 00000000 00000000 00000000 00000000 00000000 00000000 00000000
00000000 00000000 00000000 00000000 00000000 00000000 00000000 00000000 00000000 00000000 00000000 00000000 00000000 ff20c040 ff20c040 ff20c040 00000000 00000000 00000000 00000000 00000000 00000000 00000000 00000000 00000000 00000000 00000000 00000000 00000000 00000000 00000000 00000000 00000000 00000000 00000000 00000000 00000000 00000000 00000000 00000000 00000000 00000000 00000000 00000000 00000000 00000000 00000000 00000000
00000000 00000000 00000000 00000000 00000000 00000000 00000000 00000000 00000000 00000000 00000000 00000000 00000000 00000000 00000000 00000000 ff0000ff 00000000 00000000 00000000 00000000 00000000 00000000 00000000 00000000 00000000 00000000 00000000 00000000 00000000 00000000 00000000 00000000 00000000 00000000 00000000 00000000 00000000 00000000 00000000 00000000 00000000 00000000 00000000 00000000 00000000 00000000 00000000
00000000 00000000 00000000 00000000 00000000 00000000 00000000 00000000 00000000 00000000 00000000 00000000 00000000 00000000 00000000 00000000 d7001ecc 870f1379 00000000 00000000 00000000 00000000 00000000 00000000 00000000 00000000 00000000 00000000 00000000 00000000 00000000 00000000 00000000 00000000 00000000 00000000 00000000 00000000 00000000 00000000 00000000 00000000 00000000 00000000 00000000 00000000 00000000 00000000
00000000 00000000 00000000 00000000 00000000 00000000 00000000 00000000 00000000 00000000 00000000 00000000 00000000 00000000 00000000 00000000 00000000 d7001ecc ff0000ff 00000000 00000000 00000000 00000000 00000000 00000000 00000000 00000000 00000000 00000000 00000000 00000000 00000000 00000000 00000000 00000000 00000000 00000000 00000000 00000000 00000000 00000000 00000000 00000000 00000000 00000000 00000000 00000000 00000000
00000000 00000000 00000000 00000000 00000000 00000000 00000000 00000000 00000000 00000000 00000000 00000000 00000000 00000000 00000000 00000000 00000000 00000000 00000000 00000000 00000000 00000000 00000000 00000000 00000000 00000000 00000000 00000000 00000000 00000000 00000000 00000000 00000000 00000000 00000000 00000000 00000000 00000000 00000000 00000000 00000000 00000000 00000000 00000000 00000000 00000000 00000000 00000000
00000000 00000000 00000000 00000000 00000000 00000000 00000000 00000000 00000000 00000000 00000000 00000000 00000000 00000000 00000000 00000000 00000000 00000000 00000000 00000000 ff0000ff 5f150055 00000000 00000000 00000000 00000000 00000000 00000000 00000000 00000000 00000000 00000000 00000000 00000000 00000000 00000000 00000000 00000000 00000000 00000000 00000000 00000000 00000000 00000000 00000000 00000000 00000000 00000000
00000000 00000000 00000000 00000000 00000000 00000000 00000000 00000000 00000000 00000000 00000000 00000000 00000000 00000000 00000000 00000000 00000000 00000000 00000000 00000000 870f1379 d74800b6 ff8d00be 00000000 00000000 00000000 00000000 00000000 00000000 00000000 00000000 00000000 00000000 00000000 00000000 00000000 00000000 00000000 00000000 00000000 00000000 00000000 00000000 00000000 00000000 00000000 00000000 00000000
00000000 00000000 00000000 00000000 00000000 00000000 00000000 00000000 00000000 00000000 00000000 00000000 00000000 00000000 00000000 00000000 00000000 00000000 00000000 d7001ecc af3a198b ff8d00be af750079 00000000 00000000 00000000 00000000 00000000 00000000 00000000 00000000 00000000 00000000 00000000 00000000 00000000 00000000 00000000 00000000 00000000 00000000 00000000 00000000 00000000 00000000 00000000 00000000 00000000
00000000 00000000 00000000 00000000 00000000 00000000 00000000 00000000 00000000 00000000 00000000 00000000 00000000 00000000 00000000 00000000 00000000 00000000 00000000 870f1379 873c006b af750079 00000000 00000000 00000000 00000000 00000000 00000000 00000000 00000000 00000000 00000000 00000000 00000000 00000000 00000000 00000000 00000000 00000000 00000000 00000000 00000000 00000000 00000000 00000000 00000000 00000000 00000000
00000000 00000000 00000000 00000000 00000000 00000000 00000000 00000000 00000000 00000000 00000000 00000000 00000000 00000000 00000000 00000000 00000000 00000000 00000000 ff3824d8 ff8d00be 00000000 00000000 00000000 00000000 00000000 00000000 00000000 00000000 00000000 00000000 00000000 00000000 00000000 00000000 00000000 00000000 00000000 00000000 00000000 00000000 00000000 00000000 00000000 00000000 00000000 00000000 00000000
00000000 00000000 00000000 00000000 00000000 00000000 00000000 00000000 00000000 00000000 00000000 00000000 00000000 00000000 00000000 00000000 00000000 00000000 00000000 5f150055 00000000 00000000 00000000 00000000 00000000 00000000 00000000 00000000 af9b195f 00000000 00000000 00000000 00000000 00000000 00000000 00000000 00000000 00000000 00000000 00000000 00000000 00000000 00000000 00000000 00000000 00000000 00000000 00000000
00000000 00000000 00000000 00000000 00000000 00000000 00000000 00000000 00000000 00000000 00000000 00000000 00000000 00000000 00000000 00000000 00000000 00000000 00000000 00000000 00000000 00000000 00000000 00000000 00000000 00000000 00000000 00000000 af9b195f 00000000 00000000 00000000 00000000 00000000 00000000 00000000 00000000 00000000 00000000 00000000 00000000 00000000 00000000 00000000 00000000 00000000 00000000 00000000
00000000 00000000 00000000 00000000 00000000 00000000 00000000 00000000 00000000 00000000 00000000 00000000 00000000 00000000 00000000 00000000 00000000 00000000 00000000 00000000 00000000 00000000 00000000 00000000 00000000 00000000 5f5f0d2f 5f5f0d2f 5f5f0d2f 00000000 00000000 00000000 00000000 00000000 00000000 00000000 00000000 00000000 00000000 00000000 00000000 00000000 00000000 00000000 00000000 00000000 00000000 00000000
00000000 00000000 00000000 00000000 00000000 00000000 00000000 00000000 00000000 00000000 00000000 00000000 00000000 00000000 00000000 00000000 00000000 00000000 00000000 ff20c040 00000000 00000000 af9b195f 00000000 00000000 00000000 00000000 00000000 00000000 00000000 00000000 00000000 00000000 00000000 00000000 00000000 00000000 00000000 00000000 00000000 00000000 00000000 00000000 00000000 00000000 00000000 00000000 00000000
00000000 00000000 00000000 00000000 00000000 00000000 00000000 00000000 00000000 00000000 00000000 00000000 00000000 00000000 00000000 00000000 00000000 00000000 ff20c040 ff20c040 00000000 5f2a0d47 d78f7a69 af9b9632 80701808 80701808 80701808 00000000 00000000 00000000 00000000 00000000 00000000 00000000 00000000 00000000 00000000 00000000 00000000 00000000 00000000 00000000 00000000 00000000 00000000 00000000 00000000 00000000
00000000 00000000 00000000 00000000 00000000 00000000 00000000 00000000 00000000 00000000 00000000 00000000 00000000 00000000 00000000 00000000 00000000 00000000 00000000 00000000 ff0000ff af264b82 5f2a512f 80701808 80701808 80701808 80701808 80701808 80701808 00000000 00000000 00000000 00000000 00000000 00000000 00000000 00000000 00000000 00000000 00000000 00000000 00000000 00000000 00000000 00000000 00000000 00000000 00000000
00000000 00000000 00000000 00000000 00000000 00000000 00000000 00000000 00000000 00000000 00000000 00000000 00000000 00000000 00000000 00000000 00000000 ff0000ff 5f0a1b50 d7001ecc 00000000 d7187aa0 ff71ff70 00000000 80701808 80701808 80701808 80701808 80701808 80701808 00000000 00000000 00000000 00000000 00000000 00000000 00000000 00000000 00000000 00000000 00000000 00000000 00000000 00000000 00000000 00000000 00000000 00000000
00000000 00000000 00000000 00000000 00000000 00000000 00000000 00000000 00000000 00000000 00000000 00000000 00000000 00000000 00000000 00000000 d7001ecc d72f3dab ff1c6dcb 871e4d5e 87003a72 d700b895 00000000 00000000 80701808 00000000 00000000 80701808 80701808 80701808 80701808 00000000 00000000 00000000 00000000 00000000 00000000 00000000 00000000 00000000 00000000 00000000 00000000 00000000 00000000 00000000 00000000 00000000
00000000 00000000 00000000 00000000 00000000 00000000 00000000 00000000 00000000 00000000 00000000 00000000 00000000 00000000 00000000 00000000 af00319d af264b82 5f15443d d748997f 5f15443d 870f7357 00000000 00000000 00000000 00000000 00000000 00000000 80701808 80701808 80701808 00000000 00000000 00000000 00000000 00000000 00000000 00000000 00000000 00000000 00000000 00000000 00000000 00000000 00000000 00000000 00000000 00000000
00000000 00000000 00000000 00000000 00000000 00000000 00000000 00000000 00000000 00000000 00000000 00000000 00000000 00000000 00000000 00000000 87003a72 af137d79 5f15443d ff38da97 d72fd774 d72fd774 00000000 00000000 00000000 00000000 00000000 00000000 80701808 80701808 80701808 00000000 00000000 00000000 00000000 00000000 00000000 00000000 00000000 00000000 00000000 00000000 00000000 00000000 00000000 00000000 00000000 00000000
00000000 00000000 00000000 00000000 00000000 00000000 00000000 00000000 00000000 00000000 00000000 00000000 00000000 00000000 00000000 00000000 00000000 00000000 d700b895 d72fd774 00000000 00000000 00000000 00000000 00000000 00000000 00000000 00000000 00000000 80701808 80701808 80701808 00000000 00000000 00000000 00000000 00000000 00000000 00000000 00000000 00000000 00000000 00000000 00000000 00000000 00000000 00000000 00000000
00000000 00000000 00000000 00000000 00000000 00000000 00000000 00000000 00000000 00000000 00000000 00000000 00000000 00000000 00000000 00000000 00000000 00000000 00000000 00000000 00000000 00000000 00000000 00000000 00000000 00000000 00000000 00000000 00000000 80701808 80701808 80701808 00000000 00000000 00000000 00000000 00000000 00000000 00000000 00000000 00000000 00000000 00000000 00000000 00000000 00000000 00000000 00000000
00000000 00000000 00000000 00000000 00000000 00000000 00000000 00000000 00000000 00000000 00000000 00000000 00000000 00000000 00000000 00000000 00000000 00000000 00000000 00000000 00000000 00000000 00000000 00000000 00000000 00000000 00000000 00000000 80701808 80701808 80701808 80701808 00000000 00000000 00000000 00000000 00000000 00000000 00000000 00000000 00000000 00000000 00000000 00000000 00000000 00000000 00000000 00000000
00000000 00000000 00000000 00000000 00000000 00000000 00000000 00000000 00000000 00000000 00000000 00000000 00000000 00000000 00000000 00000000 00000000 00000000 00000000 00000000 00000000 00000000 00000000 00000000 00000000 00000000 00000000 00000000 80701808 80701808 80701808 80701808 00000000 00000000 00000000 00000000 00000000 00000000 00000000 00000000 00000000 00000000 00000000 00000000 00000000 00000000 00000000 00000000
00000000 00000000 00000000 00000000 00000000 00000000 00000000 00000000 00000000 00000000 00000000 00000000 00000000 00000000 00000000 00000000 00000000 00000000 00000000 00000000 00000000 00000000 00000000 00000000 00000000 00000000 00000000 00000000 80701808 80701808 80701808 00000000 00000000 00000000 00000000 00000000 00000000 00000000 00000000 00000000 00000000 00000000 00000000 00000000 00000000 00000000 00000000 00000000
00000000 00000000 00000000 00000000 00000000 00000000 00000000 00000000 00000000 00000000 00000000 00000000 00000000 00000000 00000000 00000000 00000000 00000000 00000000 00000000 00000000 00000000 00000000 00000000 00000000 00000000 00000000 00000000 80701808 80701808 80701808 00000000 00000000 00000000 00000000 00000000 00000000 00000000 00000000 00000000 00000000 00000000 00000000 00000000 00000000 00000000 00000000 00000000
00000000 00000000 00000000 00000000 00000000 00000000 00000000 00000000 00000000 00000000 00000000 00000000 00000000 00000000 00000000 00000000 00000000 00000000 00000000 00000000 00000000 00000000 00000000 00000000 00000000 00000000 00000000 00000000 00000000 80701808 80701808 00000000 00000000 00000000 00000000 00000000 00000000 00000000 00000000 00000000 00000000 00000000 00000000 00000000 00000000 00000000 00000000 00000000
00000000 00000000 00000000 00000000 00000000 00000000 00000000 00000000 00000000 00000000 00000000 00000000 00000000 00000000 00000000 00000000 00000000 00000000 00000000 00000000 00000000 00000000 00000000 00000000 00000000 00000000 00000000 00000000 00000000 80701808 80701808 00000000 00000000 00000000 00000000 00000000 00000000 00000000 00000000 00000000 00000000 00000000 00000000 00000000 00000000 00000000 00000000 00000000
00000000 00000000 00000000 00000000 00000000 00000000 00000000 00000000 00000000 00000000 00000000 00000000 00000000 00000000 00000000 00000000 00000000 00000000 00000000 00000000 00000000 00000000 00000000 00000000 00000000 00000000 00000000 00000000 00000000 80701808 80701808 80701808 80701808 00000000 00000000 00000000 00000000 00000000 00000000 00000000 00000000 00000000 00000000 00000000 00000000 00000000 00000000 00000000
00000000 00000000 00000000 00000000 00000000 00000000 00000000 00000000 00000000 00000000 00000000 00000000 00000000 00000000 00000000 00000000 00000000 00000000 00000000 00000000 00000000 00000000 00000000 00000000 00000000 00000000 00000000 00000000 00000000 00000000 80701808 80701808 00000000 00000000 00000000 00000000 00000000 00000000 00000000 00000000 00000000 00000000 00000000 00000000 00000000 00000000 00000000 00000000
00000000 00000000 00000000 00000000 00000000 00000000 00000000 00000000 00000000 00000000 00000000 00000000 00000000 00000000 00000000 00000000 00000000 00000000 00000000 00000000 00000000 00000000 00000000 00000000 00000000 00000000 00000000 00000000 00000000 00000000 00000000 00000000 00000000 00000000 00000000 00000000 00000000 00000000 00000000 00000000 00000000 00000000 00000000 00000000 00000000 00000000 00000000 00000000
00000000 00000000 00000000 00000000 00000000 00000000 00000000 00000000 00000000 00000000 00000000 00000000 00000000 00000000 00000000 00000000 00000000 00000000 00000000 00000000 00000000 00000000 00000000 00000000 00000000 00000000 00000000 00000000 00000000 00000000 00000000 00000000 00000000 00000000 00000000 00000000 00000000 00000000 00000000 00000000 00000000 00000000 00000000 00000000 00000000 00000000 00000000 00000000
00000000 00000000 00000000 00000000 00000000 00000000 00000000 00000000 00000000 00000000 00000000 00000000 00000000 00000000 00000000 00000000 00000000 00000000 00000000 00000000 00000000 00000000 00000000 00000000 00000000 00000000 00000000 00000000 00000000 00000000 00000000 00000000 00000000 00000000 00000000 00000000 00000000 00000000 00000000 00000000 00000000 00000000 00000000 00000000 00000000 00000000 00000000 00000000
00000000 00000000 00000000 00000000 00000000 00000000 00000000 00000000 00000000 00000000 00000000 00000000 00000000 00000000 00000000 00000000 00000000 00000000 00000000 00000000 00000000 00000000 00000000 00000000 00000000 00000000 00000000 00000000 00000000 00000000 00000000 00000000 00000000 00000000 00000000 00000000 00000000 00000000 00000000 00000000 00000000 00000000 00000000 00000000 00000000 00000000 00000000 00000000
00000000 00000000 00000000 00000000 00000000 00000000 00000000 00000000 00000000 00000000 00000000 00000000 00000000 00000000 00000000 00000000 00000000 00000000 00000000 00000000 00000000 00000000 00000000 00000000 00000000 00000000 00000000 00000000 00000000 00000000 00000000 00000000 00000000 00000000 00000000 00000000 00000000 00000000 00000000 00000000 00000000 00000000 00000000 00000000 00000000 00000000 00000000 00000000
00000000 00000000 00000000 00000000 00000000 00000000 00000000 00000000 00000000 00000000 00000000 00000000 00000000 00000000 00000000 00000000 00000000 00000000 00000000 00000000 00000000 00000000 00000000 00000000 00000000 00000000 00000000 00000000 00000000 00000000 00000000 00000000 00000000 00000000 00000000 00000000 00000000 00000000 00000000 00000000 00000000 00000000 00000000 00000000 00000000 00000000 00000000 00000000
00000000 00000000 00000000 00000000 00000000 00000000 00000000 00000000 00000000 00000000 00000000 00000000 00000000 00000000 00000000 00000000 00000000 00000000 00000000 00000000 00000000 00000000 00000000 00000000 00000000 00000000 00000000 00000000 00000000 00000000 00000000 00000000 00000000 00000000 00000000 00000000 00000000 00000000 00000000 00000000 00000000 00000000 00000000 00000000 00000000 00000000 00000000 00000000
00000000 00000000 00000000 00000000 00000000 00000000 00000000 00000000 00000000 00000000 00000000 00000000 00000000 00000000 00000000 00000000 00000000 00000000 00000000 00000000 00000000 00000000 00000000 00000000 00000000 00000000 00000000 00000000 00000000 00000000 00000000 00000000 00000000 00000000 00000000 00000000 00000000 00000000 00000000 00000000 00000000 00000000 00000000 00000000 00000000 00000000 00000000 00000000
00000000 00000000 00000000 00000000 00000000 00000000 00000000 00000000 00000000 00000000 00000000 00000000 00000000 00000000 00000000 00000000 00000000 00000000 00000000 00000000 00000000 00000000 00000000 00000000 00000000 00000000 00000000 00000000 00000000 00000000 00000000 00000000 00000000 00000000 00000000 00000000 00000000 00000000 00000000 00000000 00000000 00000000 00000000 00000000 00000000 00000000 00000000 00000000
00000000 00000000 00000000 00000000 00000000 00000000 00000000 00000000 00000000 00000000 00000000 00000000 00000000 00000000 00000000 00000000 00000000 00000000 00000000 00000000 00000000 00000000 00000000 00000000 00000000 00000000 00000000 00000000 00000000 00000000 00000000 00000000 00000000 00000000 00000000 00000000 00000000 00000000 00000000 00000000 00000000 00000000 00000000 00000000 00000000 00000000 00000000 00000000
00000000 00000000 00000000 00000000 00000000 00000000 00000000 00000000 00000000 00000000 00000000 00000000 00000000 00000000 00000000 00000000 00000000 00000000 00000000 00000000 00000000 00000000 00000000 00000000 00000000 00000000 00000000 00000000 00000000 00000000 00000000 00000000 00000000 00000000 00000000 00000000 00000000 00000000 00000000 00000000 00000000 00000000 00000000 00000000 00000000 00000000 00000000 00000000
00000000 00000000 00000000 00000000 00000000 00000000 00000000 00000000 00000000 00000000 00000000 00000000 00000000 00000000 00000000 00000000 00000000 00000000 00000000 00000000 00000000 00000000 00000000 00000000 00000000 00000000 00000000 00000000 00000000 00000000 00000000 00000000 00000000 00000000 00000000 00000000 00000000 00000000 00000000 00000000 00000000 00000000 00000000 00000000 00000000 00000000 00000000 00000000
00000000 00000000 00000000 00000000 00000000 00000000 00000000 00000000 00000000 00000000 00000000 00000000 00000000 00000000 00000000 00000000 00000000 00000000 00000000 00000000 00000000 00000000 00000000 00000000 00000000 00000000 00000000 00000000 00000000 00000000 00000000 00000000 00000000 00000000 00000000 00000000 00000000 00000000 00000000 00000000 00000000 00000000 00000000 00000000 00000000 00000000 00000000 00000000
scene content_persp 48 48
00000000 00000000 00000000 00000000 00000000 00000000 00000000 00000000 00000000 00000000 00000000 00000000 00000000 00000000 00000000 00000000 00000000 00000000 00000000 00000000 00000000 00000000 00000000 00000000 00000000 00000000 00000000 00000000 00000000 00000000 00000000 00000000 00000000 00000000 00000000 00000000 00000000 00000000 00000000 00000000 00000000 00000000 00000000 00000000 00000000 00000000 00000000 00000000
00000000 00000000 00000000 00000000 00000000 00000000 00000000 00000000 00000000 00000000 00000000 00000000 00000000 00000000 00000000 00000000 00000000 00000000 00000000 00000000 00000000 00000000 00000000 00000000 00000000 00000000 00000000 00000000 00000000 00000000 00000000 00000000 00000000 00000000 00000000 00000000 00000000 00000000 00000000 00000000 00000000 00000000 00000000 00000000 00000000 00000000 00000000 00000000
00000000 00000000 00000000 00000000 00000000 00000000 00000000 00000000 00000000 00000000 00000000 00000000 00000000 00000000 00000000 00000000 00000000 00000000 00000000 00000000 00000000 00000000 00000000 00000000 00000000 00000000 00000000 00000000 00000000 00000000 00000000 00000000 00000000 00000000 00000000 00000000 00000000 00000000 00000000 00000000 00000000 00000000 00000000 00000000 00000000 00000000 00000000 00000000
00000000 00000000 00000000 00000000 00000000 00000000 00000000 00000000 00000000 00000000 00000000 00000000 00000000 00000000 00000000 00000000 00000000 00000000 00000000 00000000 00000000 00000000 00000000 00000000 00000000 00000000 00000000 00000000 00000000 00000000 00000000 00000000 00000000 00000000 00000000 00000000 00000000 00000000 00000000 00000000 00000000 00000000 00000000 00000000 00000000 00000000 00000000 00000000
00000000 00000000 00000000 00000000 00000000 00000000 00000000 ff20c040 ff20c040 00000000 00000000 00000000 00000000 00000000 00000000 00000000 00000000 00000000 00000000 00000000 00000000 00000000 00000000 00000000 00000000 00000000 00000000 00000000 00000000 00000000 00000000 00000000 00000000 00000000 00000000 00000000 00000000 00000000 00000000 00000000 00000000 00000000 00000000 00000000 00000000 00000000 00000000 00000000
00000000 00000000 00000000 00000000 00000000 ff20c040 ff20c040 ff20c040 ff20c040 00000000 00000000 00000000 00000000 00000000 00000000 00000000 00000000 00000000 00000000 00000000 00000000 00000000 00000000 00000000 00000000 00000000 00000000 00000000 00000000 00000000 00000000 00000000 00000000 00000000 00000000 00000000 00000000 00000000 00000000 00000000 00000000 00000000 00000000 00000000 00000000 00000000 00000000 00000000
00000000 00000000 00000000 00000000 00000000 ff20c040 ff20c040 ff20c040 ff20c040 00000000 00000000 00000000 00000000 00000000 00000000 00000000 00000000 00000000 00000000 00000000 00000000 00000000 00000000 00000000 00000000 00000000 00000000 00000000 00000000 00000000 00000000 00000000 00000000 00000000 00000000 00000000 00000000 00000000 00000000 00000000 00000000 00000000 00000000 00000000 00000000 00000000 00000000 00000000
00000000 00000000 00000000 00000000 00000000 ff20c040 00000000 00000000 00000000 00000000 00000000 00000000 00000000 00000000 00000000 00000000 00000000 00000000 00000000 00000000 00000000 00000000 00000000 00000000 00000000 00000000 00000000 00000000 00000000 00000000 00000000 00000000 00000000 00000000 00000000 00000000 00000000 00000000 00000000 00000000 00000000 00000000 00000000 00000000 00000000 00000000 00000000 00000000
00000000 00000000 00000000 00000000 00000000 00000000 00000000 00000000 00000000 00000000 00000000 00000000 00000000 00000000 00000000 00000000 af750079 5f4a003d d7bf007f 87870049 00000000 00000000 00000000 00000000 00000000 00000000 00000000 00000000 00000000 00000000 00000000 00000000 00000000 00000000 00000000 00000000 00000000 00000000 00000000 00000000 00000000 00000000 00000000 00000000 00000000 00000000 00000000 00000000
00000000 00000000 00000000 00000000 00000000 00000000 00000000 00000000 00000000 00000000 ff0000ff af1300a6 5f150055 d74800b6 873c006b ff8d00be 875a1357 ffc62497 af9b195f 5f5f0d2f 00000000 00000000 00000000 00000000 00000000 00000000 00000000 00000000 00000000 00000000 00000000 00000000 00000000 00000000 00000000 00000000 00000000 00000000 00000000 00000000 00000000 00000000 00000000 00000000 00000000 00000000 00000000 00000000
00000000 00000000 00000000 00000000 00000000 00000000 00000000 00000000 00000000 00000000 d7001ecc 870f1379 ff3824d8 af3a198b 5f2a0d47 d7771e95 5f3f1b38 d7a73d74 87782642 ffff4870 00000000 00000000 00000000 00000000 00000000 00000000 00000000 00000000 00000000 00000000 00000000 00000000 00000000 00000000 00000000 00000000 00000000 00000000 00000000 00000000 00000000 00000000 00000000 00000000 00000000 00000000 00000000 00000000
00000000 00000000 00000000 00000000 00000000 00000000 00000000 00000000 00000000 00000000 af00319d 5f0a1b50 d72f3dab 872d2665 ff7148b1 af613171 ffaa6d8a af884b56 5f54292a d7d75c53 00000000 00000000 00000000 00000000 00000000 00000000 00000000 00000000 00000000 00000000 00000000 00000000 00000000 00000000 00000000 00000000 00000000 00000000 00000000 00000000 00000000 00000000 00000000 00000000 00000000 00000000 00000000 00000000
00000000 00000000 00000000 00000000 00000000 00000000 00000000 00000000 00000000 00000000 87003a72 87003a72 ff1c6dcb af264b82 5f202942 d75f5c8a 5f353633 d78f7a69 87694d3b ffe29163 afaf643b 00000000 00000000 00000000 00000000 00000000 00000000 00000000 00000000 00000000 00000000 00000000 00000000 00000000 00000000 00000000 00000000 00000000 00000000 00000000 00000000 00000000 00000000 00000000 00000000 00000000 00000000 00000000
00000000 00000000 00000000 00000000 00000000 00000000 00000000 00000000 00000000 00000000 00000000 5f00364c d7187aa0 871e4d5e ff5591a4 af4e6468 ff8db67d af757d4d 5f4a4425 d7bf9949 87876027 00000000 00000000 00000000 00000000 00000000 00000000 00000000 00000000 00000000 00000000 00000000 00000000 00000000 00000000 00000000 00000000 00000000 00000000 00000000 00000000 00000000 00000000 00000000 00000000 00000000 00000000 00000000
00000000 00000000 00000000 00000000 00000000 00000000 00000000 00000000 00000000 00000000 00000000 ff00b6be af137d79 5f15443d d748997f 873c6049 d777b85e 875a7334 ffc6da56 af9b9632 5f5f5116 00000000 00000000 00000000 00000000 00000000 00000000 00000000 00000000 00000000 00000000 00000000 00000000 00000000 00000000 00000000 00000000 00000000 00000000 00000000 00000000 00000000 00000000 00000000 00000000 00000000 00000000 00000000
00000000 00000000 00000000 00000000 00000000 00000000 00000000 00000000 00000000 00000000 00000000 d700b895 870f7357 ff38da97 af3a965f 5f2a512f af61af44 5f3f5f20 ebc38327 c3ac5b18 ffef971f 80701808 80701808 00000000 00000000 00000000 00000000 00000000 00000000 00000000 00000000 00000000 00000000 00000000 00000000 00000000 00000000 00000000 00000000 00000000 00000000 00000000 00000000 00000000 00000000 00000000 00000000 00000000
00000000 00000000 00000000 00000000 00000000 00000000 00000000 00000000 00000000 00000000 00000000 af00af71 5f0a5f38 d72fd774 872d8742 ff71ff70 00000000 00000000 80701808 80701808 80701808 80701808 80701808 00000000 00000000 00000000 00000000 00000000 00000000 00000000 00000000 00000000 00000000 00000000 00000000 00000000 00000000 00000000 00000000 00000000 00000000 00000000 00000000 00000000 00000000 00000000 00000000 00000000
00000000 00000000 00000000 00000000 00000000 00000000 00000000 00000000 00000000 00000000 00000000 00000000 00000000 00000000 00000000 00000000 00000000 00000000 00000000 80701808 80701808 80701808 80701808 80701808 00000000 00000000 00000000 00000000 00000000 00000000 00000000 00000000 00000000 00000000 00000000 00000000 00000000 00000000 00000000 00000000 00000000 00000000 00000000 00000000 00000000 00000000 00000000 00000000
00000000 00000000 00000000 00000000 00000000 00000000 00000000 00000000 00000000 00000000 00000000 00000000 00000000 00000000 00000000 00000000 00000000 00000000 00000000 80701808 80701808 80701808 80701808 80701808 00000000 00000000 00000000 00000000 00000000 00000000 00000000 00000000 00000000 00000000 00000000 00000000 00000000 00000000 00000000 00000000 00000000 00000000 00000000 00000000 00000000 00000000 00000000 00000000
00000000 00000000 00000000 00000000 00000000 00000000 00000000 00000000 00000000 00000000 00000000 00000000 00000000 00000000 00000000 00000000 00000000 00000000 00000000 80701808 80701808 80701808 80701808 80701808 00000000 00000000 00000000 00000000 00000000 00000000 00000000 00000000 00000000 00000000 00000000 00000000 00000000 00000000 00000000 00000000 00000000 00000000 00000000 00000000 00000000 00000000 00000000 00000000
00000000 00000000 00000000 00000000 00000000 00000000 00000000 00000000 00000000 00000000 00000000 00000000 00000000 00000000 00000000 00000000 00000000 00000000 00000000 80701808 80701808 80701808 80701808 80701808 00000000 00000000 00000000 00000000 00000000 00000000 00000000 00000000 00000000 00000000 00000000 00000000 00000000 00000000 00000000 00000000 00000000 00000000 00000000 00000000 00000000 00000000 00000000 00000000
00000000 00000000 00000000 00000000 00000000 00000000 00000000 00000000 00000000 00000000 00000000 00000000 00000000 00000000 00000000 00000000 00000000 00000000 00000000 00000000 00000000 00000000 00000000 00000000 00000000 00000000 00000000 00000000 00000000 00000000 00000000 00000000 00000000 00000000 00000000 00000000 00000000 00000000 00000000 00000000 00000000 00000000 00000000 00000000 00000000 00000000 00000000 00000000
00000000 00000000 00000000 00000000 00000000 00000000 00000000 00000000 00000000 00000000 00000000 00000000 00000000 00000000 00000000 00000000 00000000 00000000 00000000 00000000 00000000 00000000 00000000 00000000 00000000 00000000 00000000 00000000 00000000 00000000 00000000 00000000 00000000 00000000 00000000 00000000 00000000 00000000 00000000 00000000 00000000 00000000 00000000 00000000 00000000 00000000 00000000 00000000
00000000 00000000 00000000 00000000 00000000 00000000 00000000 00000000 00000000 00000000 00000000 00000000 00000000 00000000 00000000 00000000 00000000 00000000 00000000 00000000 00000000 00000000 00000000 00000000 00000000 00000000 00000000 00000000 00000000 00000000 00000000 00000000 00000000 00000000 00000000 00000000 00000000 00000000 00000000 00000000 00000000 00000000 00000000 00000000 00000000 00000000 00000000 00000000
00000000 00000000 00000000 00000000 00000000 00000000 00000000 00000000 00000000 00000000 00000000 00000000 00000000 00000000 00000000 00000000 00000000 00000000 00000000 00000000 00000000 00000000 00000000 00000000 00000000 00000000 00000000 00000000 00000000 00000000 00000000 00000000 00000000 00000000 00000000 00000000 00000000 00000000 00000000 00000000 00000000 00000000 00000000 00000000 00000000 00000000 00000000 00000000
00000000 00000000 00000000 00000000 00000000 00000000 00000000 00000000 00000000 00000000 00000000 00000000 00000000 00000000 00000000 00000000 00000000 00000000 00000000 00000000 00000000 00000000 00000000 00000000 00000000 00000000 00000000 00000000 00000000 00000000 00000000 00000000 00000000 00000000 00000000 00000000 00000000 00000000 00000000 00000000 00000000 00000000 00000000 00000000 00000000 00000000 00000000 00000000
00000000 00000000 00000000 00000000 00000000 00000000 00000000 00000000 00000000 00000000 00000000 00000000 00000000 00000000 00000000 00000000 00000000 00000000 00000000 00000000 00000000 00000000 00000000 00000000 00000000 00000000 00000000 00000000 00000000 00000000 00000000 00000000 00000000 00000000 00000000 00000000 00000000 00000000 00000000 00000000 00000000 00000000 00000000 00000000 00000000 00000000 00000000 00000000
00000000 00000000 00000000 00000000 00000000 00000000 00000000 00000000 00000000 00000000 00000000 00000000 00000000 00000000 00000000 00000000 00000000 00000000 00000000 00000000 00000000 00000000 00000000 00000000 00000000 00000000 00000000 00000000 00000000 00000000 00000000 00000000 00000000 00000000 00000000 00000000 00000000 00000000 00000000 00000000 00000000 00000000 00000000 00000000 00000000 00000000 00000000 00000000
00000000 00000000 00000000 00000000 00000000 00000000 00000000 00000000 00000000 00000000 00000000 00000000 00000000 00000000 00000000 00000000 00000000 00000000 00000000 00000000 00000000 00000000 00000000 00000000 00000000 00000000 00000000 00000000 00000000 00000000 00000000 00000000 00000000 00000000 00000000 00000000 00000000 00000000 00000000 00000000 00000000 00000000 00000000 00000000 00000000 00000000 00000000 00000000
00000000 00000000 00000000 00000000 00000000 00000000 00000000 00000000 00000000 00000000 00000000 00000000 00000000 00000000 00000000 00000000 00000000 00000000 00000000 00000000 00000000 00000000 00000000 00000000 00000000 00000000 00000000 00000000 00000000 00000000 00000000 00000000 00000000 00000000 00000000 00000000 00000000 00000000 00000000 00000000 00000000 00000000 00000000 00000000 00000000 00000000 00000000 00000000
00000000 00000000 00000000 00000000 00000000 00000000 00000000 00000000 00000000 00000000 00000000 00000000 00000000 00000000 00000000 00000000 00000000 00000000 00000000 00000000 00000000 00000000 00000000 00000000 00000000 00000000 00000000 00000000 00000000 00000000 00000000 00000000 00000000 00000000 00000000 00000000 00000000 00000000 00000000 00000000 00000000 00000000 00000000 00000000 00000000 00000000 00000000 00000000
00000000 00000000 00000000 00000000 00000000 00000000 00000000 00000000 00000000 00000000 00000000 00000000 00000000 00000000 00000000 00000000 00000000 00000000 00000000 00000000 00000000 00000000 00000000 00000000 00000000 00000000 00000000 00000000 00000000 00000000 00000000 00000000 00000000 00000000 00000000 00000000 00000000 00000000 00000000 00000000 00000000 00000000 00000000 00000000 00000000 00000000 00000000 00000000
00000000 00000000 00000000 00000000 00000000 00000000 00000000 00000000 00000000 00000000 00000000 00000000 00000000 00000000 00000000 00000000 00000000 00000000 00000000 00000000 00000000 00000000 00000000 00000000 00000000 00000000 00000000 00000000 00000000 00000000 00000000 00000000 00000000 00000000 00000000 00000000 00000000 00000000 00000000 00000000 00000000 00000000 00000000 00000000 00000000 00000000 00000000 00000000
00000000 00000000 00000000 00000000 00000000 00000000 00000000 00000000 00000000 00000000 00000000 00000000 00000000 00000000 00000000 00000000 00000000 00000000 00000000 00000000 00000000 00000000 00000000 00000000 00000000 00000000 00000000 00000000 00000000 00000000 00000000 00000000 00000000 00000000 00000000 00000000 00000000 00000000 00000000 00000000 00000000 00000000 00000000 00000000 00000000 00000000 00000000 00000000
00000000 00000000 00000000 00000000 00000000 00000000 00000000 00000000 00000000 00000000 00000000 00000000 00000000 00000000 00000000 00000000 00000000 00000000 00000000 00000000 00000000 00000000 00000000 00000000 00000000 00000000 00000000 00000000 00000000 00000000 00000000 00000000 00000000 00000000 00000000 00000000 00000000 00000000 00000000 00000000 00000000 00000000 00000000 00000000 00000000 00000000 00000000 00000000
00000000 00000000 00000000 00000000 00000000 00000000 00000000 00000000 00000000 00000000 00000000 00000000 00000000 00000000 00000000 00000000 00000000 00000000 00000000 00000000 00000000 00000000 00000000 00000000 00000000 00000000 00000000 00000000 00000000 00000000 00000000 00000000 00000000 00000000 00000000 00000000 00000000 00000000 00000000 00000000 00000000 00000000 00000000 00000000 00000000 00000000 00000000 00000000
00000000 00000000 00000000 00000000 00000000 00000000 00000000 00000000 00000000 00000000 00000000 00000000 00000000 00000000 00000000 00000000 00000000 00000000 00000000 00000000 00000000 00000000 00000000 00000000 00000000 00000000 00000000 00000000 00000000 00000000 00000000 00000000 00000000 00000000 00000000 00000000 00000000 00000000 00000000 00000000 00000000 00000000 00000000 00000000 00000000 00000000 00000000 00000000
00000000 00000000 00000000 00000000 00000000 00000000 00000000 00000000 00000000 00000000 00000000 00000000 00000000 00000000 00000000 00000000 00000000 00000000 00000000 00000000 00000000 00000000 00000000 00000000 00000000 00000000 00000000 00000000 00000000 00000000 00000000 00000000 00000000 00000000 00000000 00000000 00000000 00000000 00000000 00000000 00000000 00000000 00000000 00000000 00000000 00000000 00000000 00000000
00000000 00000000 00000000 00000000 00000000 00000000 00000000 00000000 00000000 00000000 00000000 00000000 00000000 00000000 00000000 00000000 00000000 00000000 00000000 00000000 00000000 00000000 00000000 00000000 00000000 00000000 00000000 00000000 00000000 00000000 00000000 00000000 00000000 00000000 00000000 00000000 00000000 00000000 00000000 00000000 00000000 00000000 00000000 00000000 00000000 00000000 00000000 00000000
00000000 00000000 00000000 00000000 00000000 00000000 00000000 00000000 00000000 00000000 00000000 00000000 00000000 00000000 00000000 00000000 00000000 00000000 00000000 00000000 00000000 00000000 00000000 00000000 00000000 00000000 00000000 00000000 00000000 00000000 00000000 00000000 00000000 00000000 00000000 00000000 00000000 00000000 00000000 00000000 00000000 00000000 00000000 00000000 00000000 00000000 00000000 00000000
00000000 00000000 00000000 00000000 00000000 00000000 00000000 00000000 00000000 00000000 00000000 00000000 00000000 00000000 00000000 00000000 00000000 00000000 00000000 00000000 00000000 00000000 00000000 00000000 00000000 00000000 00000000 00000000 00000000 00000000 00000000 00000000 00000000 00000000 00000000 00000000 00000000 00000000 00000000 00000000 00000000 00000000 00000000 00000000 00000000 00000000 00000000 00000000
00000000 00000000 00000000 00000000 00000000 00000000 00000000 00000000 00000000 00000000 00000000 00000000 00000000 00000000 00000000 00000000 00000000 00000000 00000000 00000000 00000000 00000000 00000000 00000000 00000000 00000000 00000000 00000000 00000000 00000000 00000000 00000000 00000000 00000000 00000000 00000000 00000000 00000000 00000000 00000000 00000000 00000000 00000000 00000000 00000000 00000000 00000000 00000000
00000000 00000000 00000000 00000000 00000000 00000000 00000000 00000000 00000000 00000000 00000000 00000000 00000000 00000000 00000000 00000000 00000000 00000000 00000000 00000000 00000000 00000000 00000000 00000000 00000000 00000000 00000000 00000000 00000000 00000000 00000000 00000000 00000000 00000000 00000000 00000000 00000000 00000000 00000000 00000000 00000000 00000000 00000000 00000000 00000000 00000000 00000000 00000000
00000000 00000000 00000000 00000000 00000000 00000000 00000000 00000000 00000000 00000000 00000000 00000000 00000000 00000000 00000000 00000000 00000000 00000000 00000000 00000000 00000000 00000000 00000000 00000000 00000000 00000000 00000000 00000000 00000000 00000000 00000000 00000000 00000000 00000000 00000000 00000000 00000000 00000000 00000000 00000000 00000000 00000000 00000000 00000000 00000000 00000000 00000000 00000000
00000000 00000000 00000000 00000000 00000000 00000000 00000000 00000000 00000000 00000000 00000000 00000000 00000000 00000000 00000000 00000000 00000000 00000000 00000000 00000000 00000000 00000000 00000000 00000000 00000000 00000000 00000000 00000000 00000000 00000000 00000000 00000000 00000000 00000000 00000000 00000000 00000000 00000000 00000000 00000000 00000000 00000000 00000000 00000000 00000000 00000000 00000000 00000000
00000000 00000000 00000000 00000000 00000000 00000000 00000000 00000000 00000000 00000000 00000000 00000000 00000000 00000000 00000000 00000000 00000000 00000000 00000000 00000000 00000000 00000000 00000000 00000000 00000000 00000000 00000000 00000000 00000000 00000000 00000000 00000000 00000000 00000000 00000000 00000000 00000000 00000000 00000000 00000000 00000000 00000000 00000000 00000000 00000000 00000000 00000000 00000000
00000000 00000000 00000000 00000000 00000000 00000000 00000000 00000000 00000000 00000000 00000000 00000000 00000000 00000000 00000000 00000000 00000000 00000000 00000000 00000000 00000000 00000000 00000000 00000000 00000000 00000000 00000000 00000000 00000000 00000000 00000000 00000000 00000000 00000000 00000000 00000000 00000000 00000000 00000000 00000000 00000000 00000000 00000000 00000000 00000000 00000000 00000000 00000000
00000000 00000000 00000000 00000000 00000000 00000000 00000000 00000000 00000000 00000000 00000000 00000000 00000000 00000000 00000000 00000000 00000000 00000000 00000000 00000000 00000000 00000000 00000000 00000000 00000000 00000000 00000000 00000000 00000000 00000000 00000000 00000000 00000000 00000000 00000000 00000000 00000000 00000000 00000000 00000000 00000000 00000000 00000000 00000000 00000000 00000000 00000000 00000000
scene persp_grayscale 24 24
00000000 00000000 00000000 00000000 00000000 00000000 00000000 00000000 00000000 00000000 00000000 00000000 00000000 00000000 00000000 00000000 00000000 00000000 00000000 00000000 00000000 00000000 00000000 00000000
00000000 00000000 00000000 00000000 00000000 00000000 00000000 00000000 00000000 00000000 00000000 00000000 00000000 00000000 00000000 00000000 00000000 00000000 00000000 00000000 00000000 00000000 00000000 00000000
00000000 00000000 00000000 00000000 00000000 00000000 00000000 00000000 00000000 00000000 00000000 00000000 00000000 00000000 00000000 00000000 00000000 00000000 00000000 00000000 00000000 00000000 00000000 00000000
00000000 00000000 00000000 00000000 00000000 00000000 00000000 00000000 00000000 00000000 00000000 00000000 00000000 00000000 00000000 00000000 00000000 00000000 00000000 00000000 00000000 00000000 00000000 00000000
00000000 00000000 00000000 00000000 00000000 00000000 00000000 ff72a27b ff72a27b 00000000 00000000 00000000 00000000 00000000 00000000 00000000 00000000 00000000 00000000 00000000 00000000 00000000 00000000 00000000
00000000 00000000 00000000 00000000 00000000 ff72a27b ff72a27b ff72a27b ff72a27b 00000000 00000000 00000000 00000000 00000000 00000000 00000000 00000000 00000000 00000000 00000000 00000000 00000000 00000000 00000000
00000000 00000000 00000000 00000000 00000000 ff72a27b ff72a27b ff72a27b ff72a27b 00000000 00000000 00000000 00000000 00000000 00000000 00000000 00000000 00000000 00000000 00000000 00000000 00000000 00000000 00000000
00000000 00000000 00000000 00000000 00000000 ff72a27b 00000000 00000000 00000000 00000000 00000000 00000000 00000000 00000000 00000000 00000000 00000000 00000000 00000000 00000000 00000000 00000000 00000000 00000000
00000000 00000000 00000000 00000000 00000000 00000000 00000000 00000000 00000000 00000000 00000000 00000000 00000000 00000000 00000000 00000000 af3b183c 5f240e20 d75c2349 8740182e 00000000 00000000 00000000 00000000
00000000 00000000 00000000 00000000 00000000 00000000 00000000 00000000 00000000 00000000 ff0d0d59 af110b3d 5f0e0721 d72a144b 87200e2e ff491f58 87362135 ff734264 af573045 5f341b25 00000000 00000000 00000000 00000000
00000000 00000000 00000000 00000000 00000000 00000000 00000000 00000000 00000000 00000000 d7192257 87161836 ff363066 af2e2446 5f1d1426 d74c3155 5f2d222b d76f5060 874c343c ff9c6571 00000000 00000000 00000000 00000000
00000000 00000000 00000000 00000000 00000000 00000000 00000000 00000000 00000000 00000000 af202f50 5f161b2b d73c4061 872c2a3d ff605373 af4a3b4f ff8a7880 af675558 5f3c2f30 d7936e6b 00000000 00000000 00000000 00000000
00000000 00000000 00000000 00000000 00000000 00000000 00000000 00000000 00000000 00000000 87233445 87233445 ff4d6682 af3d4859 5f262930 d7605f6d 5f353635 d7837c77 8759504b ffb39b8d af846d61 00000000 00000000 00000000
00000000 00000000 00000000 00000000 00000000 00000000 00000000 00000000 00000000 00000000 00000000 5f1f2f36 d7506d79 8739474c ff77898f af5a6162 ffa1ad9c af77796b 5f45433a d7a69b83 876f6352 00000000 00000000 00000000
00000000 00000000 00000000 00000000 00000000 00000000 00000000 00000000 00000000 00000000 00000000 ff659b9e af4d6d6c 5f2f3d3b d7738c84 874f5953 d796aa8f 87656c59 ffcad0a9 af939274 5f54503e 00000000 00000000 00000000
00000000 00000000 00000000 00000000 00000000 00000000 00000000 00000000 00000000 00000000 00000000 d7649b90 8745635a ff8ebfaa af6a8675 5f3e493f af879e7e 5f4d5744 eb9b886c c37c6450 ffb89e7a 803f241f 803f241f 00000000
00000000 00000000 00000000 00000000 00000000 00000000 00000000 00000000 00000000 00000000 00000000 af5d927f 5f375045 d787b99b 875b7661 ffb8e3b8 00000000 00000000 803f241f 803f241f 803f241f 803f241f 803f241f 00000000
00000000 00000000 00000000 00000000 00000000 00000000 00000000 00000000 00000000 00000000 00000000 00000000 00000000 00000000 00000000 00000000 00000000 00000000 00000000 803f241f 803f241f 803f241f 803f241f 803f241f
00000000 00000000 00000000 00000000 00000000 00000000 00000000 00000000 00000000 00000000 00000000 00000000 00000000 00000000 00000000 00000000 00000000 00000000 00000000 803f241f 803f241f 803f241f 803f241f 803f241f
00000000 00000000 00000000 00000000 00000000 00000000 00000000 00000000 00000000 00000000 00000000 00000000 00000000 00000000 00000000 00000000 00000000 00000000 00000000 803f241f 803f241f 803f241f 803f241f 803f241f
00000000 00000000 00000000 00000000 00000000 00000000 00000000 00000000 00000000 00000000 00000000 00000000 00000000 00000000 00000000 00000000 00000000 00000000 00000000 803f241f 803f241f 803f241f 803f241f 803f241f
00000000 00000000 00000000 00000000 00000000 00000000 00000000 00000000 00000000 00000000 00000000 00000000 00000000 00000000 00000000 00000000 00000000 00000000 00000000 00000000 00000000 00000000 00000000 00000000
00000000 00000000 00000000 00000000 00000000 00000000 00000000 00000000 00000000 00000000 00000000 00000000 00000000 00000000 00000000 00000000 00000000 00000000 00000000 00000000 00000000 00000000 00000000 00000000
00000000 00000000 00000000 00000000 00000000 00000000 00000000 00000000 00000000 00000000 00000000 00000000 00000000 00000000 00000000 00000000 00000000 00000000 00000000 00000000 00000000 00000000 00000000 00000000
scene persp_offset 24 24
00000000 00000000 00000000 00000000 00000000 00000000 00000000 00000000 00000000 00000000 00000000 00000000 00000000 00000000 00000000 00000000 00000000 00000000 00000000 00000000 00000000 00000000 00000000 00000000
00000000 00000000 00000000 00000000 00000000 00000000 00000000 00000000 00000000 00000000 00000000 00000000 00000000 00000000 00000000 00000000 00000000 00000000 00000000 00000000 00000000 00000000 00000000 00000000
00000000 00000000 00000000 00000000 00000000 00000000 00000000 00000000 00000000 00000000 00000000 00000000 00000000 00000000 00000000 00000000 00000000 00000000 00000000 00000000 00000000 00000000 00000000 00000000
00000000 00000000 00000000 00000000 00000000 00000000 00000000 00000000 00000000 00000000 00000000 00000000 00000000 00000000 00000000 00000000 00000000 00000000 00000000 00000000 00000000 00000000 00000000 00000000
00000000 00000000 00000000 00000000 00000000 00000000 00000000 00000000 00000000 00000000 00000000 00000000 00000000 00000000 00000000 00000000 00000000 00000000 00000000 00000000 00000000 00000000 00000000 00000000
00000000 00000000 00000000 00000000 00000000 00000000 00000000 00000000 00000000 00000000 00000000 00000000 00000000 00000000 00000000 00000000 00000000 00000000 00000000 00000000 00000000 00000000 00000000 00000000
00000000 00000000 00000000 00000000 00000000 00000000 00000000 00000000 00000000 00000000 ff20c040 ff20c040 00000000 00000000 00000000 00000000 00000000 00000000 00000000 00000000 00000000 00000000 00000000 00000000
00000000 00000000 00000000 00000000 00000000 00000000 00000000 00000000 00000000 ff20c040 ff20c040 ff20c040 00000000 00000000 00000000 00000000 00000000 00000000 00000000 00000000 00000000 00000000 00000000 00000000
00000000 00000000 00000000 00000000 00000000 00000000 00000000 00000000 00000000 ff20c040 ff20c040 ff20c040 00000000 00000000 00000000 00000000 00000000 00000000 00000000 00000000 00000000 00000000 00000000 00000000
00000000 00000000 00000000 00000000 00000000 00000000 00000000 00000000 00000000 ff20c040 00000000 00000000 00000000 00000000 00000000 00000000 00000000 00000000 00000000 00000000 00000000 00000000 00000000 00000000
00000000 00000000 00000000 00000000 00000000 00000000 00000000 00000000 00000000 00000000 00000000 00000000 00000000 00000000 00000000 00000000 00000000 00000000 00000000 af750079 5f4a003d d7bf007f 87870049 00000000
00000000 00000000 00000000 00000000 00000000 00000000 00000000 00000000 00000000 00000000 00000000 00000000 00000000 ff0000ff af1300a6 5f150055 d74800b6 873c006b ff8d00be 875a1357 ffc62497 af9b195f 5f5f0d2f 00000000
00000000 00000000 00000000 00000000 00000000 00000000 00000000 00000000 00000000 00000000 00000000 00000000 00000000 d7001ecc 870f1379 ff3824d8 af3a198b 5f2a0d47 d7771e95 5f3f1b38 d7a73d74 87782642 ffff4870 00000000
00000000 00000000 00000000 00000000 00000000 00000000 00000000 00000000 00000000 00000000 00000000 00000000 00000000 af00319d 5f0a1b50 d72f3dab 872d2665 ff7148b1 af613171 ffaa6d8a af884b56 5f54292a d7d75c53 00000000
00000000 00000000 00000000 00000000 00000000 00000000 00000000 00000000 00000000 00000000 00000000 00000000 00000000 87003a72 87003a72 ff1c6dcb af264b82 5f202942 d75f5c8a 5f353633 d78f7a69 87694d3b ffe29163 afaf643b
00000000 00000000 00000000 00000000 00000000 00000000 00000000 00000000 00000000 00000000 00000000 00000000 00000000 00000000 5f00364c d7187aa0 871e4d5e ff5591a4 af4e6468 ff8db67d af757d4d 5f4a4425 d7bf9949 87876027
00000000 00000000 00000000 00000000 00000000 00000000 00000000 00000000 00000000 00000000 00000000 00000000 00000000 00000000 ff00b6be af137d79 5f15443d d748997f 873c6049 d777b85e 875a7334 ffc6da56 af9b9632 5f5f5116
00000000 00000000 00000000 00000000 00000000 00000000 00000000 00000000 00000000 00000000 00000000 00000000 00000000 00000000 00000000 870f7357 ff38da97 af3a965f 5f2a512f af61af44 5f3f5f20 ebc38327 c3ac5b18 ffef971f
00000000 00000000 00000000 00000000 00000000 00000000 00000000 00000000 00000000 00000000 00000000 00000000 00000000 00000000 00000000 af00af71 d72fd774 872d8742 ff71ff70 00000000 00000000 80701808 80701808 80701808
00000000 00000000 00000000 00000000 00000000 00000000 00000000 00000000 00000000 00000000 00000000 00000000 00000000 00000000 00000000 00000000 00000000 00000000 00000000 00000000 00000000 00000000 80701808 80701808
00000000 00000000 00000000 00000000 00000000 00000000 00000000 00000000 00000000 00000000 00000000 00000000 00000000 00000000 00000000 00000000 00000000 00000000 00000000 00000000 00000000 00000000 80701808 80701808
00000000 00000000 00000000 00000000 00000000 00000000 00000000 00000000 00000000 00000000 00000000 00000000 00000000 00000000 00000000 00000000 00000000 00000000 00000000 00000000 00000000 00000000 80701808 80701808
00000000 00000000 00000000 00000000 00000000 00000000 00000000 00000000 00000000 00000000 00000000 00000000 00000000 00000000 00000000 00000000 00000000 00000000 00000000 00000000 00000000 00000000 80701808 80701808
00000000 00000000 00000000 00000000 00000000 00000000 00000000 00000000 00000000 00000000 00000000 00000000 00000000 00000000 00000000 00000000 00000000 00000000 00000000 00000000 00000000 00000000 00000000 00000000
scene persp_image 24 24
00000000 00000000 00000000 00000000 00000000 00000000 00000000 00000000 00000000 00000000 00000000 00000000 00000000 00000000 00000000 00000000 00000000 00000000 00000000 00000000 00000000 00000000 00000000 00000000
00000000 00000000 00000000 00000000 00000000 00000000 00000000 00000000 00000000 00000000 00000000 00000000 00000000 00000000 00000000 00000000 00000000 00000000 00000000 00000000 00000000 00000000 00000000 00000000
00000000 00000000 00000000 00000000 00000000 00000000 00000000 00000000 00000000 00000000 00000000 00000000 00000000 00000000 00000000 00000000 00000000 00000000 00000000 00000000 00000000 00000000 00000000 00000000
00000000 00000000 00000000 00000000 00000000 00000000 00000000 00000000 00000000 00000000 00000000 00000000 02010001 0b090007 1f1c0012 1616000c 00000000 00000000 00000000 00000000 00000000 00000000 00000000 00000000
00000000 00000000 00000000 00000000 00000000 18000018 87020085 680c0062 4d130044 a538008b 7b380061 ec8400b0 ab730076 67520042 ccb70277 7070023d 00000000 00000000 00000000 00000000 00000000 00000000 00000000 00000000
00000000 00000000 00000000 00000000 00000000 0a00010a e8000ee2 9b100b8f c32a17a7 bd3c139a 712f0c57 c96d198d 945f1461 eab4238b b39b1d62 89871c41 0e0e0306 00000000 00000000 00000000 00000000 00000000 00000000 00000000
00000000 00000000 00000000 00000000 00000000 00000000 ab00239e 800a1b71 c5282ea2 a8302983 ca54368f c9663787 7f4d254e b0843660 9a812f4e ccc74159 4b4b191f 00000000 00000000 00000000 00000000 00000000 00000000 00000000
00000000 00000000 00000000 00000000 00000000 00000000 6f002761 b00d4492 c4214d99 8e253869 9d404069 b4564c70 b8735167 d696606e 997d4945 afa55644 69693326 00000000 00000000 00000000 00000000 00000000 00000000 00000000
00000000 00000000 00000000 00000000 00000000 00000000 3d001e32 a40b5381 c41c6692 aa2e5d74 de507d8d 9a48585a 87515045 bd817059 957a5b3d dcc78950 74744a25 00000000 00000000 00000000 00000000 00000000 00000000 00000000
00000000 00000000 00000000 00000000 00000000 00000000 3d00292e c006828f aa157177 791f524d d248937d 8e41654c f789b477 a56f7a47 96757736 c4ae973e 6d6d551d 01010100 00000000 00000000 00000000 00000000 00000000 00000000
00000000 00000000 00000000 00000000 00000000 00000000 25001d1b de02b09f 95117862 de30bb84 b83b9b65 6c2d5d36 c36aaa55 8c597b37 d9a6c347 ac949e30 b5b2af25 27272608 00000000 00000000 00000000 00000000 00000000 00000000
00000000 00000000 00000000 00000000 00000000 00000000 05000403 b800ab7b 770a704a c729c06f a02f9d52 d259d25f ac57ac47 5b375b21 644b641e 50435015 4947490e 17171704 00000000 00000000 00000000 00000000 00000000 00000000
00000000 00000000 00000000 00000000 00000000 00000000 00000000 4300432b 29022919 25072514 10041008 00000000 00000000 00000000 00000000 00000000 00000000 00000000 00000000 00000000 00000000 00000000 00000000 00000000
00000000 00000000 00000000 00000000 00000000 00000000 00000000 00000000 00000000 00000000 00000000 00000000 00000000 00000000 00000000 00000000 00000000 00000000 00000000 00000000 00000000 00000000 00000000 00000000
00000000 00000000 00000000 00000000 00000000 00000000 00000000 00000000 00000000 00000000 00000000 00000000 00000000 00000000 00000000 00000000 00000000 00000000 00000000 00000000 00000000 00000000 00000000 00000000
00000000 00000000 00000000 00000000 00000000 00000000 00000000 00000000 00000000 00000000 00000000 00000000 00000000 00000000 00000000 00000000 00000000 00000000 00000000 00000000 00000000 00000000 00000000 00000000
00000000 00000000 00000000 00000000 00000000 00000000 00000000 00000000 00000000 00000000 00000000 00000000 00000000 00000000 00000000 00000000 00000000 00000000 00000000 00000000 00000000 00000000 00000000 00000000
00000000 00000000 00000000 00000000 00000000 00000000 00000000 00000000 00000000 00000000 00000000 00000000 00000000 00000000 00000000 00000000 00000000 00000000 00000000 00000000 00000000 00000000 00000000 00000000
00000000 00000000 00000000 00000000 00000000 00000000 00000000 00000000 00000000 00000000 00000000 00000000 00000000 00000000 00000000 00000000 00000000 00000000 00000000 00000000 00000000 00000000 00000000 00000000
00000000 00000000 00000000 00000000 00000000 00000000 00000000 00000000 00000000 00000000 00000000 00000000 00000000 00000000 00000000 00000000 00000000 00000000 00000000 00000000 00000000 00000000 00000000 00000000
00000000 00000000 00000000 00000000 00000000 00000000 00000000 00000000 00000000 00000000 00000000 00000000 00000000 00000000 00000000 00000000 00000000 00000000 00000000 00000000 00000000 00000000 00000000 00000000
00000000 00000000 00000000 00000000 00000000 00000000 00000000 00000000 00000000 00000000 00000000 00000000 00000000 00000000 00000000 00000000 00000000 00000000 00000000 00000000 00000000 00000000 00000000 00000000
00000000 00000000 00000000 00000000 00000000 00000000 00000000 00000000 00000000 00000000 00000000 00000000 00000000 00000000 00000000 00000000 00000000 00000000 00000000 00000000 00000000 00000000 00000000 00000000
00000000 00000000 00000000 00000000 00000000 00000000 00000000 00000000 00000000 00000000 00000000 00000000 00000000 00000000 00000000 00000000 00000000 00000000 00000000 00000000 00000000 00000000 00000000 00000000
scene persp_turbulence 24 24
773c3e23 7a44381a 6e3c3018 62332d1f 63343027 622f342b 652a392d 77364239 83484141 7a473b3e 6a383937 60293930 5b21382b 6b2d3e31 8c494947 a3644650 a0643a45 975a3740 92504146 87464344 74363b3b 5b1e3431 5f183635 6d233435
8444403f 90533834 8a4c3127 82433026 8544332c 7c3e362f 76383633 86433942 9d5d3b51 9d634053 8f554850 8245474d 75393d3f 7a40353a 94583649 b4783763 c1843672 be7d3a6e b66b456a aa5c4a6b a4564771 84363c61 671f3148 6d272f3c
5e293d37 763c3f31 83423422 8439281b 8231241d 812c2624 822b252c 86332131 85391f37 7f38233f 823a2f4b 8742364f 81483748 7a47303e 8248273e 914e234a 95542657 95572c57 8d48334b 863e3b4c 91464363 9047426c 803c4157 7d41453f
4f1f372e 6c36452e 864b4624 8b493a1e 8139311f 822c3126 8826302d 862a292d 7328232b 6522232e 73262f3a 88363d44 8f4b414a 8f53364d 9050254b 85481846 6638113a 4d2b112d 4d25162a 5b252433 7b37384f 924d4964 95555b61 88505d47
64283e39 7c404d35 925d5229 97644a25 8e584029 8c4b3d32 8c3d393d 8332303d 6b262c34 601b3130 6b1b4135 7b254e3b 86384f3e 954c4648 9b55354f 834b2248 5a321436 3a1c1121 3415141c 47181d24 702d313e 92504d52 a6706a62 946b5e51
81324942 87445136 925e5229 9a6f4b26 9b6f462c 98674538 965a4046 8a463946 71303739 69204139 741e4e47 7f275353 8131524d 853a5144 823d4941 703b363e 6239283c 58322632 50282927 4f232d21 6936412a 8a595f34 a87f7945 ad896b4b
843a3c48 8147413c 9361482f ad7a4f28 bd81552b ba7e5a38 b37c564c a16f4e52 84554947 753f4d46 79395556 823e5765 7e3c515d 7330494e 6d2a4548 682e4145 6a3a3c47 6338343c 5328312a 4e223622 65334e27 854e6928 95627429 9b706d33
8d4a304c 90593d46 ad765541 cc8a6b37 d68e6e2d c88f6331 b5915147 9b814455 7c61404e 66494145 6542484d 70424e5c 723a475b 6a2b3851 6c2c364f 7338404e 7b43494c 713a473e 5b243f29 501b3d1f 5520411f 672f491f 693a4b1b 6a4b4b22
a74a374c ad5e4d4a c6766d52 d1857c4f c185673f a7834b37 98813a40 8c72384c 7c593f4c 68464143 6944474f 77484b65 8243456e 7c383560 7438304f 6c3b3641 6a393f3a 67314633 5f254829 5c204828 5f22442d 632b3e2b 55303520 4c34301d
b23e4251 ae4d534c b95e6c54 b5657152 9a605640 7d583a30 785c2f2f 83623237 8b5d3e42 7f4d4344 73464549 75474655 844a4466 924d3f6c 904e3c5c 79423b43 652e3935 63243d2e 6e24462f 79264d3a 8b2e4e4f 903b4651 7d423c3b 603b3429
9f424646 93444d43 974a5e49 944b624a 8448503a 72453a29 714b3022 7a522f25 834e3736 7d413f42 703a4243 723e4549 874a485e a3564874 b060446c a0594450 8b464340 883a4938 9139553b 9d3f5d4a a0405856 9840494f 8b443c40 78463437
8f44393a 81403b3d 84424845 8c48544c 8b4f4e41 84543f2f 85563726 89523927 8e464735 8f395244 8e38574e 9847585d a75d5370 af6d467f ae783d79 a6773e61 9b6a424a 8f5a493c 8650523b 89515746 874f5348 7c494741 7a4c3b40 81563043
8d482844 7c442947 7e48364c 8651464c 87584a41 86584436 94564535 a5515134 b24a6236 b3416a3e b23e684c b64b6659 b2625b60 a16e4664 8b6a3960 82633a54 805b3f43 724b3e30 643e3b28 643d3c2b 6f464232 744b4139 764d363d 764c2938
774b1f41 6846203e 6d492e40 7a54453e 845b5639 905b5c3b a7526444 ba497042 bd417739 b03a7136 a737653e a6415d42 9f515141 8f563c43 754a2d42 663c2c3e 6336353a 5c30382f 562f3927 5c373d26 71484a2e 8653513c 8248443f 6f3b3030
593b162a 53381c29 5f3d2d2f 774d4a34 905f673b a968774a bf5f815c c94d8861 be407e58 a33d6348 90414d40 8e4d453c 90563d3b 89522e3c 73402039 69352239 7138343f 7037413b 66324636 64334534 76414c3b 95515951 9c4f565d 8842434f
4e2c121f 542e1e24 6133322a 7142472f 86555d3a a3627153 bb5c8570 c84c9281 bf438179 9e435856 7e453c3d 7b53363b 845f3444 875a2e4a 7b472540 7b3f2739 8d483c39 934d5033 82405130 6f32432f 6e303c34 873e484d 99484e65 9443455d
672c1b31 71312939 783a3a3a 7b46483a 8250553f 98576856 b0527f74 bb468c83 b13b7d77 8e395853 6c383b38 67443336 6f52313c 7453303b 75492f35 7e433130 974c402e a8575629 a3595e25 934f5529 84404d33 8b435448 984e545a 9c514d55
7f2b2849 7e322d49 7d3d3546 7e484246 804f4d48 8c505c53 994a6863 9c406d6a 92366761 7831504b 5f2f383a 5c382c37 64452636 6d4a2830 78482f2d 813f3230 97433d36 b052513a b7616235 ac636336 9551593e 8e4d5948 935b5651 91604d4c
6d252b3f 6628273d 69332b3f 74413a49 7c4a4b53 84495a5c 893f6064 8a356066 7e2b5657 64233f40 4b1f282e 4a261f2c 5b371e31 6d432031 79482630 7f432732 8e422f38 a3494140 a9515141 974d5240 7c40463d 75414439 8052473e 81524340
5822252e 5520242c 622c3034 783e4545 86495c58 8e466d6a 93397576 9630777a 85266461 621d413e 43192627 45202128 55311f2e 603d1d2d 6b461f28 72482327 7842282e 8241363a 8b454740 7b3b493c 66303f33 6636412e 7d4a4c35 8d4f4b3f
5f2a252e 62292c2c 75353f31 8a47573e 924c6d53 94457c68 9a3b8579 a439877e 98347268 7a2c514a 642a3b38 6a373838 6f423137 6b442a2c 6b462b22 72483022 703f312c 753a3c3c 823d4f49 7a365545 6b2d4e38 6830492f 78434b33 91554540
63322329 6f332e27 803d3f2c 8a484f3a 87465d4c 863d685e 93387270 a73d767c a9406a71 9b3d5559 8b3e4346 8a48383f 874c323c 7d473031 76433125 73423221 753f3829 7f3c483d 843a534f 7c325150 772e4d4b 7b334846 7e423f45 8852384a
6d3b271f 78382d20 7e39332c 7f3e3c3e 7e3b4a4e 85355962 9b34697a b43a7189 b640677c a8424f5f 96443747 88452a3d 7f402a3d 793d2d39 77412d30 6f432b28 75463129 81473f36 81414448 7c3b3f53 893c4261 97444566 974e3f5d 94553d53
8c432e1f 8d392d27 8b362c38 89373249 8d374156 9b395767 b1406d7a be487584 b2486975 a24a505d 914e3a4b 804a2f44 743e2f45 783c3449 80463547 7d4e323e 7d533135 83563335 89573441 8c563352 98563e64 9c4f4763 97474454 95484544
scene image_p3_nearest 24 24
00000000 00000000 00000000 00000000 00000000 00000000 00000000 00000000 00000000 00000000 00000000 00000000 00000000 00000000 00000000 00000000 00000000 00000000 00000000 00000000 00000000 00000000 00000000 00000000
00000000 00000000 00000000 00000000 00000000 00000000 00000000 00000000 00000000 00000000 00000000 00000000 00000000 00000000 00000000 00000000 00000000 00000000 00000000 00000000 00000000 00000000 00000000 00000000
00000000 00000000 00000000 870e137e 870e137e ff3c23e1 ff3c23e1 af3f1691 af3f1691 5f2e0a4a 5f2e0a4a d782119a d782119a 8762025a 8762025a 00000000 00000000 00000000 00000000 00000000 00000000 00000000 00000000 00000000
00000000 00000000 00000000 870e137e 870e137e ff3c23e1 ff3c23e1 af3f1691 af3f1691 5f2e0a4a 5f2e0a4a d782119a d782119a 8762025a 8762025a 00000000 00000000 00000000 00000000 00000000 00000000 00000000 00000000 00000000
00000000 00000000 00000000 5f001b53 5f001b53 d72b3eb2 d72b3eb2 872e2669 872e2669 ff7846b7 ff7846b7 af682e75 af682e75 5f441839 5f441839 00000000 00000000 00000000 00000000 00000000 00000000 00000000 00000000 00000000
00000000 00000000 00000000 5f001b53 5f001b53 d72b3eb2 d72b3eb2 872e2669 872e2669 ff7846b7 ff7846b7 af682e75 af682e75 5f441839 5f441839 00000000 00000000 00000000 00000000 00000000 00000000 00000000 00000000 00000000
00000000 00000000 00000000 ff006fd2 ff006fd2 af144c86 af144c86 5f1e2944 5f1e2944 d7605c8e d7605c8e 874e3952 874e3952 ffb4698b ffb4698b 00000000 00000000 00000000 00000000 00000000 00000000 00000000 00000000 00000000
00000000 00000000 00000000 ff006fd2 ff006fd2 af144c86 af144c86 5f1e2944 5f1e2944 d7605c8e d7605c8e 874e3952 874e3952 ffb4698b ffb4698b 00000000 00000000 00000000 00000000 00000000 00000000 00000000 00000000 00000000
00000000 00000000 00000000 d7007ca4 d7007ca4 87004e60 87004e60 ff3e93a6 ff3e93a6 af486569 af486569 5f353633 5f353633 d7937967 d7937967 00000000 00000000 00000000 00000000 00000000 00000000 00000000 00000000 00000000
00000000 00000000 00000000 d7007ca4 d7007ca4 87004e60 87004e60 ff3e93a6 ff3e93a6 af486569 af486569 5f353633 5f353633 d7937967 d7937967 00000000 00000000 00000000 00000000 00000000 00000000 00000000 00000000 00000000
00000000 00000000 00000000 af007f7a af007f7a 5f00453d 5f00453d d7129b7d d7129b7d 872f6147 872f6147 ff81b777 ff81b777 af737d46 af737d46 00000000 00000000 00000000 00000000 00000000 00000000 00000000 00000000 00000000
00000000 00000000 00000000 af007f7a af007f7a 5f00453d 5f00453d d7129b7d d7129b7d 872f6147 872f6147 ff81b777 ff81b777 af737d46 af737d46 00000000 00000000 00000000 00000000 00000000 00000000 00000000 00000000 00000000
00000000 00000000 00000000 00000000 00000000 00000000 00000000 00000000 00000000 00000000 00000000 00000000 00000000 00000000 00000000 00000000 00000000 00000000 00000000 00000000 00000000 00000000 00000000 00000000
00000000 00000000 00000000 00000000 00000000 00000000 00000000 00000000 00000000 00000000 00000000 00000000 00000000 00000000 00000000 00000000 00000000 00000000 00000000 00000000 00000000 00000000 00000000 00000000
00000000 00000000 00000000 00000000 00000000 00000000 00000000 00000000 00000000 00000000 00000000 00000000 00000000 00000000 00000000 00000000 00000000 00000000 00000000 00000000 00000000 00000000 00000000 00000000
00000000 00000000 00000000 00000000 00000000 00000000 00000000 00000000 00000000 00000000 00000000 00000000 00000000 00000000 00000000 00000000 00000000 00000000 00000000 00000000 00000000 00000000 00000000 00000000
00000000 00000000 00000000 00000000 00000000 00000000 00000000 00000000 00000000 00000000 00000000 00000000 00000000 00000000 00000000 00000000 00000000 00000000 00000000 00000000 00000000 00000000 00000000 00000000
00000000 00000000 00000000 00000000 00000000 00000000 00000000 00000000 00000000 00000000 00000000 00000000 00000000 00000000 00000000 00000000 00000000 00000000 00000000 00000000 00000000 00000000 00000000 00000000
00000000 00000000 00000000 00000000 00000000 00000000 00000000 00000000 00000000 00000000 00000000 00000000 00000000 00000000 00000000 00000000 00000000 00000000 00000000 00000000 00000000 00000000 00000000 00000000
00000000 00000000 00000000 00000000 00000000 00000000 00000000 00000000 00000000 00000000 00000000 00000000 00000000 00000000 00000000 00000000 00000000 00000000 00000000 00000000 00000000 00000000 00000000 00000000
00000000 00000000 00000000 00000000 00000000 00000000 00000000 00000000 00000000 00000000 00000000 00000000 00000000 00000000 00000000 00000000 00000000 00000000 00000000 00000000 00000000 00000000 00000000 00000000
00000000 00000000 00000000 00000000 00000000 00000000 00000000 00000000 00000000 00000000 00000000 00000000 00000000 00000000 00000000 00000000 00000000 00000000 00000000 00000000 00000000 00000000 00000000 00000000
00000000 00000000 00000000 00000000 00000000 00000000 00000000 00000000 00000000 00000000 00000000 00000000 00000000 00000000 00000000 00000000 00000000 00000000 00000000 00000000 00000000 00000000 00000000 00000000
00000000 00000000 00000000 00000000 00000000 00000000 00000000 00000000 00000000 00000000 00000000 00000000 00000000 00000000 00000000 00000000 00000000 00000000 00000000 00000000 00000000 00000000 00000000 00000000
scene image_p3_offset 24 24
00000000 00000000 00000000 00000000 00000000 00000000 00000000 00000000 00000000 00000000 00000000 00000000 00000000 00000000 00000000 00000000 00000000 00000000 00000000 00000000 00000000 00000000 00000000 00000000
00000000 00000000 00000000 00000000 00000000 00000000 00000000 00000000 00000000 00000000 00000000 00000000 00000000 00000000 00000000 00000000 00000000 00000000 00000000 00000000 00000000 00000000 00000000 00000000
00000000 00000000 00000000 00000000 00000000 00000000 00000000 00000000 00000000 00000000 00000000 00000000 00000000 00000000 00000000 00000000 00000000 00000000 00000000 00000000 00000000 00000000 00000000 00000000
00000000 00000000 00000000 00000000 00000000 00000000 00000000 00000000 00000000 00000000 00000000 00000000 00000000 00000000 00000000 00000000 00000000 00000000 00000000 00000000 00000000 00000000 00000000 00000000
00000000 00000000 00000000 00000000 00000000 ff0000ff af1600ad 5f170059 d74f00be 8742006f ff9b00c5 af80007d 5f51003f d7d10082 8794004a 00000000 00000000 00000000 00000000 00000000 00000000 00000000 00000000 00000000
00000000 00000000 00000000 00000000 00000000 d7001fd4 870e137e ff3c23e1 af3f1691 5f2e0a4a d782119a 8762025a ffd8009b afa90060 5f68002f 00000000 00000000 00000000 00000000 00000000 00000000 00000000 00000000 00000000
00000000 00000000 00000000 00000000 00000000 af0032a3 5f001b53 d72b3eb2 872e2669 ff7846b7 af682e75 5f441839 d7b53276 87821c42 ffff2c6d 00000000 00000000 00000000 00000000 00000000 00000000 00000000 00000000 00000000
00000000 00000000 00000000 00000000 00000000 87003b76 ff006fd2 af144c86 5f1e2944 d7605c8e 874e3952 ffb4698b af914755 5f5a2629 d7e8514c 00000000 00000000 00000000 00000000 00000000 00000000 00000000 00000000 00000000
00000000 00000000 00000000 00000000 00000000 5f00374e d7007ca4 87004e60 ff3e93a6 af486569 5f353633 d7937967 876e4c38 fff08c59 afbb5f30 00000000 00000000 00000000 00000000 00000000 00000000 00000000 00000000 00000000
00000000 00000000 00000000 00000000 00000000 ff00b9c0 af007f7a 5f00453d d7129b7d 872f6147 ff81b777 af737d46 5f4b441f d7c69736 878e5e14 00000000 00000000 00000000 00000000 00000000 00000000 00000000 00000000 00000000
00000000 00000000 00000000 00000000 00000000 d700bb93 87007555 ff00de91 af009859 5f16522b d760ba51 87537428 ffc1db35 af9c9606 5f625000 00000000 00000000 00000000 00000000 00000000 00000000 00000000 00000000 00000000
00000000 00000000 00000000 00000000 00000000 af00b26b 5f006134 d700db68 87008938 ff00ff57 af3eb12d 5f34600c d799d900 87748800 ffffff00 00000000 00000000 00000000 00000000 00000000 00000000 00000000 00000000 00000000
00000000 00000000 00000000 00000000 00000000 00000000 00000000 00000000 00000000 00000000 00000000 00000000 00000000 00000000 00000000 00000000 00000000 00000000 00000000 00000000 00000000 00000000 00000000 00000000
00000000 00000000 00000000 00000000 00000000 00000000 00000000 00000000 00000000 00000000 00000000 00000000 00000000 00000000 00000000 00000000 00000000 00000000 00000000 00000000 00000000 00000000 00000000 00000000
00000000 00000000 00000000 00000000 00000000 00000000 00000000 00000000 00000000 00000000 00000000 00000000 00000000 00000000 00000000 00000000 00000000 00000000 00000000 00000000 00000000 00000000 00000000 00000000
00000000 00000000 00000000 00000000 00000000 00000000 00000000 00000000 00000000 00000000 00000000 00000000 00000000 00000000 00000000 00000000 00000000 00000000 00000000 00000000 00000000 00000000 00000000 00000000
00000000 00000000 00000000 00000000 00000000 00000000 00000000 00000000 00000000 00000000 00000000 00000000 00000000 00000000 00000000 00000000 00000000 00000000 00000000 00000000 00000000 00000000 00000000 00000000
00000000 00000000 00000000 00000000 00000000 00000000 00000000 00000000 00000000 00000000 00000000 00000000 00000000 00000000 00000000 00000000 00000000 00000000 00000000 00000000 00000000 00000000 00000000 00000000
00000000 00000000 00000000 00000000 00000000 00000000 00000000 00000000 00000000 00000000 00000000 00000000 00000000 00000000 00000000 00000000 00000000 00000000 00000000 00000000 00000000 00000000 00000000 00000000
00000000 00000000 00000000 00000000 00000000 00000000 00000000 00000000 00000000 00000000 00000000 00000000 00000000 00000000 00000000 00000000 00000000 00000000 00000000 00000000 00000000 00000000 00000000 00000000
00000000 00000000 00000000 00000000 00000000 00000000 00000000 00000000 00000000 00000000 00000000 00000000 00000000 00000000 00000000 00000000 00000000 00000000 00000000 00000000 00000000 00000000 00000000 00000000
00000000 00000000 00000000 00000000 00000000 00000000 00000000 00000000 00000000 00000000 00000000 00000000 00000000 00000000 00000000 00000000 00000000 00000000 00000000 00000000 00000000 00000000 00000000 00000000
00000000 00000000 00000000 00000000 00000000 00000000 00000000 00000000 00000000 00000000 00000000 00000000 00000000 00000000 00000000 00000000 00000000 00000000 00000000 00000000 00000000 00000000 00000000 00000000
00000000 00000000 00000000 00000000 00000000 00000000 00000000 00000000 00000000 00000000 00000000 00000000 00000000 00000000 00000000 00000000 00000000 00000000 00000000 00000000 00000000 00000000 00000000 00000000
scene image_gamma_blur 24 24
00000000 00000000 00000000 00000000 01000001 01000001 01000001 01000001 01000001 02010001 02010001 01010001 01010001 01010001 01010001 00000000 00000000 00000000 00000000 00000000 00000000 00000000 00000000 00000000
00000000 00000000 00000000 02000001 03000003 06000005 07010006 07020006 08030006 08040006 08040006 08050005 07050005 06050004 04040003 03020001 01010001 00000000 00000000 00000000 00000000 00000000 00000000 00000000
00000000 00000000 02000002 05000005 0c00000b 13010112 18030116 19060116 1a090116 1b0c0115 1c0f0114 1b120112 19130110 1512010d 0f0e0109 09080005 03030002 01010001 00000000 00000000 00000000 00000000 00000000 00000000
00000000 01000001 04000003 0c00010b 1b01021a 2c040329 38080433 3d0e0535 3f150534 411d0532 4124052f 402a052b 3c2d0526 342b041e 25210315 1513020c 08080105 02020001 00000000 00000000 00000000 00000000 00000000 00000000
00000000 01000001 06000106 13010213 2d02052a 4b060844 600d0b55 6a180d5a 6d240d57 6f310d53 703e0d4f 6e490d48 684f0d40 5b4c0b34 423b0924 25230514 0f0f0208 04040102 01010000 00000000 00000000 00000000 00000000 00000000
00000000 01000001 07000107 18010417 39030a34 61081256 7f12186d 8d201b74 92311d72 94421d6c 95531d65 93621c5c 8d6b1c52 7b671943 5b51132f 34310b1a 1615050a 06060203 01010001 00000000 00000000 00000000 00000000 00000000
00000000 01000001 07000207 1a010717 3e031136 6a091f5a 8d142a74 9f24307d a537327a a74a3274 a75d326b a66e3262 a07a3057 8d772b47 6a5f2132 3e3a131c 1a19080c 08070303 02020101 00000000 00000000 00000000 00000000 00000000
00000000 01000101 07000306 19010b16 3e041b33 6c0a2e57 92153f71 a526477a ac394a77 ad4d4a70 ad604a67 ac734a5e a67f4753 947d3f44 6f643030 413d1c1b 1c1b0c0b 08080403 02020101 00000000 00000000 00000000 00000000 00000000
00000000 01000101 08000506 1a010f15 3f042431 6d0a3f52 9215536b a6265e73 ac39616f ad4c6268 ad60625f ac736155 a67f5e4b 937c533d 6e633e2b 403c2418 1b1a0f0a 08080403 02020101 00000000 00000000 00000000 00000000 00000000
00000000 01000101 08000606 1a011314 3f032c2e 6b094b4c 8e146362 a0246f68 a6377364 a74a745c a75d7454 a66e734b a07a6f40 8d776234 685e4823 3c382913 19181108 07070502 01010100 00000000 00000000 00000000 00000000 00000000
00000000 01000101 07000605 18011311 38032d27 5f084b40 7e126452 8e207157 93317653 9441774c 94527644 9261743c 8d6c7133 7d696429 5c534a1b 35312a0f 16151106 06060502 01010100 00000000 00000000 00000000 00000000 00000000
00000000 01000101 05000504 12010f0c 2902241c 46063c2e 5d0e503a 6a185c3e 6f25613b 70316136 6e3d6030 6d485e2a 69515c23 5e4f521c 463f3e13 2926240a 11110f04 05050401 01010100 00000000 00000000 00000000 00000000 00000000
00000000 01000100 03000302 0a000907 1701150f 27042419 35083020 3d0e3822 40163b21 411d3c1f 40233b1b 3f2a3917 3d2f3813 372f330f 2a26270a 19171705 0a0a0a02 03030301 01010100 00000000 00000000 00000000 00000000 00000000
00000000 00000000 01000101 04000403 09000906 10010f0a 1603150d 1906180e 1b091a0e 1b0c1a0d 1b0f1a0b 1a111909 1a141808 17141606 12101104 0b0a0a02 05050401 01010100 00000000 00000000 00000000 00000000 00000000 00000000
00000000 00000000 00000000 01000101 03000302 05000403 06010604 07020704 08030804 08040804 08040803 08050703 07060702 07060702 05050501 03030301 01010100 00000000 00000000 00000000 00000000 00000000 00000000 00000000
00000000 00000000 00000000 00000000 01000000 01000101 01000101 01000101 02010101 02010201 02010101 01010101 01010100 01010100 01010100 01010100 00000000 00000000 00000000 00000000 00000000 00000000 00000000 00000000
00000000 00000000 00000000 00000000 00000000 00000000 00000000 00000000 00000000 00000000 00000000 00000000 00000000 00000000 00000000 00000000 00000000 00000000 00000000 00000000 00000000 00000000 00000000 00000000
00000000 00000000 00000000 00000000 00000000 00000000 00000000 00000000 00000000 00000000 00000000 00000000 00000000 00000000 00000000 00000000 00000000 00000000 00000000 00000000 00000000 00000000 00000000 00000000
00000000 00000000 00000000 00000000 00000000 00000000 00000000 00000000 00000000 00000000 00000000 00000000 00000000 00000000 00000000 00000000 00000000 00000000 00000000 00000000 00000000 00000000 00000000 00000000
00000000 00000000 00000000 00000000 00000000 00000000 00000000 00000000 00000000 00000000 00000000 00000000 00000000 00000000 00000000 00000000 00000000 00000000 00000000 00000000 00000000 00000000 00000000 00000000
00000000 00000000 00000000 00000000 00000000 00000000 00000000 00000000 00000000 00000000 00000000 00000000 00000000 00000000 00000000 00000000 00000000 00000000 00000000 00000000 00000000 00000000 00000000 00000000
00000000 00000000 00000000 00000000 00000000 00000000 00000000 00000000 00000000 00000000 00000000 00000000 00000000 00000000 00000000 00000000 00000000 00000000 00000000 00000000 00000000 00000000 00000000 00000000
00000000 00000000 00000000 00000000 00000000 00000000 00000000 00000000 00000000 00000000 00000000 00000000 00000000 00000000 00000000 00000000 00000000 00000000 00000000 00000000 00000000 00000000 00000000 00000000
00000000 00000000 00000000 00000000 00000000 00000000 00000000 00000000 00000000 00000000 00000000 00000000 00000000 00000000 00000000 00000000 00000000 00000000 00000000 00000000 00000000 00000000 00000000 00000000
